unique_entry_id	component_index	entity_index	assessed_biomarker_entity	assessed_biomarker_entity_id	assessed_entity_type	biomarker_controlled_vocab	condition	condition_id	best_biomarker_role	specimen	specimen_id	evidence_source	evidence
PID:0001027_3	1	1	fucosylated core mannose	bGSL:009e4888-3996-4ba5-927d-7aa56f9a3f2d	glycan	increased level of fucosylated core mannose	Systemic lupus erythematosus	DOID:9074	diagnostic	T cells	CL:0000084	PubMed:31509989	Analysis of resting T cells from SLE patients and control individuals revealed that resting SLE T cells bound significantly more ConA, LCA, and WGA than healthy T cells (Figure 1A). | Remarkable differences were detected in ConA, LCA, and WGA binding between resting SLE and control T cells, since SLE T cells bound significantly higher amounts of these lectins.
PID:0000010_0	1	1	mannan	bGSL:038734aa-0f88-58d2-9ee6-d2f72d775a65	glycan	altered level of mannan	Candida infection	DOID:1508	diagnostic	serum	UBERON:0001977	PubMed:40996794	Here, we demonstrate that Candida-related antibodies can be detected using glycan microarrays containing synthetic glycans to guide the discovery of oligosaccharide epitopes for diagnostics and vaccine design. | Pure, synthetic mannans and β-glucans, resembling carbohydrates found on the surface of Candida spp., were employed to screen and compare sera from infected humans and mice with noninfected individuals. | IgM antibodies directed toward β-glucans were observed shortly after infection, and after a longer time of infection, IgM and IgG antibodies that preferentially recognize mannans.
PID:0000010_3	1	1	mannan	bGSL:038734aa-0f88-58d2-9ee6-d2f72d775a65	glycan	altered level of mannan	Candida infection	DOID:1508	diagnostic	serum	UBERON:0001977	PubMed:40996794	Here, we demonstrate that Candida-related antibodies can be detected using glycan microarrays containing synthetic glycans to guide the discovery of oligosaccharide epitopes for diagnostics and vaccine design. | Pure, synthetic mannans and β-glucans, resembling carbohydrates found on the surface of Candida spp., were employed to screen and compare sera from infected humans and mice with noninfected individuals. | IgM antibodies directed toward β-glucans were observed shortly after infection, and after a longer time of infection, IgM and IgG antibodies that preferentially recognize mannans.
PID:0000187_0	1	1	asialo-N-glycan	bGSL:03a31ec3-32e0-4b58-aece-3666cc2358cb	glycan	increased level of asialo-N-glycan on M2BP	hepatocellular carcinoma	DOID:684	diagnostic	serum	UBERON:0001977	PubMed:39683799	Briefly, asialoglycan-binding lectins, such as ECA (12), Bauhinia purpurea lectin (BPL, 23), TJA-II (24), and WFA (33), were chosen as the preferred binders for the M2BPs of the HCC group.
PID:0000187_0	1	2	M2BP		protein	increased level of asialo-N-glycan on M2BP	hepatocellular carcinoma	DOID:684	diagnostic	serum	UBERON:0001977	PubMed:39683799	Briefly, asialoglycan-binding lectins, such as ECA (12), Bauhinia purpurea lectin (BPL, 23), TJA-II (24), and WFA (33), were chosen as the preferred binders for the M2BPs of the HCC group.
PID:0001311_10	1	1	unsialylated N-glycans	bGSL:03a31ec3-32e0-4b58-aece-3666cc2358cb	glycan	increased level of unsialylated N-glycans	cancer	DOID:162	diagnostic	tissue array	UBERON:0000479	PubMed:29569918	Regarding the array labeled with ST6Gal1, most cancerous tissues seem to express more unsialylated than sialylated N-glycans (Figure 4c).
PID:0000017_0	1	1	A2G2S2	bGSL:04145041-b133-496d-b2e3-d24cde2a7280	glycan	increased level of A2G2S2	Nephropathic Cystinosis	DOID:1064	diagnostic	serum	UBERON:0001977	PubMed:40843950	Serum N-glycans have significant GPs associated with the status of the NC cohort: GP21 (P = 0.056) is marginally significant, while GP25 (P = 0.039), GP27 (P = 0.019), GP44 (P = 0.035), and S1 (mono-sialylated glycans, P = 0.031) are all significant. | GP25 contains a di-sialylated glycan, A2G2S2, as a major glycan that was more abundant in NC than in the control group.
PID:0000085_5	1	1	A2G2S2	bGSL:04145041-b133-496d-b2e3-d24cde2a7280	glycan	decreased level of A2G2S2	hepatocellular carcinoma	DOID:684	diagnostic	serum	UBERON:0001977	PubMed:40280554	Altered glycosylation patterns observed by NMR are in excellent agreement with those observed by UHPLC, where sialylated and nonfucosylated N-glycans such as A2G2S2, A2G2S1, and A3G3S3 are clearly reduced in HCC patients (Figure S38).
PID:0000412_8	1	1	A2G2S2	bGSL:04145041-b133-496d-b2e3-d24cde2a7280	glycan	increased level of A2G2S2	atrial fibrillation	DOID:0060224	diagnostic	IgG	UBERON:0000178	PubMed:37189353	In addition, in the IgG N-glycomes, IGP5 (Man5), IGP9 (FA2[3]G1), IGP20 (structure not determined), and IGP21 (A2G2S2) were more abundant in the AF patients compared to the controls, while the opposite was observed for IGP6 (FA2B), IGP10 (FA2[6]BG1), and the bisecting structures.
PID:0000523_0	1	1	A2G2S2	bGSL:04145041-b133-496d-b2e3-d24cde2a7280	glycan	decreased level of A2G2S2	lung cancer	DOID:1324	diagnostic	plasma	UBERON:0001969	PubMed:35341249	A2G2S2 in the most abundant glycan peak was found to decrease in the lung cancer group, and this glycan is present in various proteins, including transferrin, fetuin, haptoglobin, and also fibrinogen.
PID:0001923_0	1	1	A2G2S2	bGSL:04145041-b133-496d-b2e3-d24cde2a7280	glycan	altered level of A2G2S2 on clusterin	clear cell renal cell carcinoma	DOID:4467	diagnostic	plasma	UBERON:0001969	PubMed:25184692	42 More recently, we have observed a significant site-specific glycoform alteration of biantennary digalactosylated disialylated (A2G2S2) and core fucosylated biantennary digalactosylated disialylated (FA2G2S2) glycans in disease vs non-diseased ccRCC plasma (manuscript in preparation).
PID:0001923_0	1	2	clusterin		protein	altered level of A2G2S2 on clusterin	clear cell renal cell carcinoma	DOID:4467	diagnostic	plasma	UBERON:0001969	PubMed:25184692	42 More recently, we have observed a significant site-specific glycoform alteration of biantennary digalactosylated disialylated (A2G2S2) and core fucosylated biantennary digalactosylated disialylated (FA2G2S2) glycans in disease vs non-diseased ccRCC plasma (manuscript in preparation).
PID:0001027_2	1	1	N-acetyl lactosamine	bGSL:04d45d70-b2b3-5f73-bbe0-cf1fd8a53b5d	glycan	decreased level of N-acetyl lactosamine	Systemic lupus erythematosus	DOID:9074	diagnostic	T cells	CL:0000084	PubMed:31509989	Additionally, activated SLE T cells bound significantly less galectin-1 (Gal-1), an important immunoregulatory lectin, while other lectins bound similarly to the controls. | SLE cells bound significantly less Gal-1 than control cells, indicating that terminal N-acetyllactosamine side chains, the Gal-1 ligands, were less accessible on these cells (Figure 1B).
PID:0000095_0	1	1	A2G2	bGSL:06c7e6db-6faa-4711-b08f-b4492f3b03e4	glycan	increased level of A2G2	endometriosis	DOID:289	diagnostic	serum	UBERON:0001977	PubMed:40362345	The relative ratio of A2G2 (non-fucosylated, bi-antennary with two galactoses) was elevated in all three disease groups (Figure 2D) compared to controls (median relative abundance ~0.85–1.03 in diseases vs. ~0.70 in controls, p < 0.01 for each), representing a ~40% increase in disease states.
PID:0000095_1	1	1	A2G2	bGSL:06c7e6db-6faa-4711-b08f-b4492f3b03e4	glycan	increased level of A2G2	myoma uteri	DOID:13223	diagnostic	serum	UBERON:0001977	PubMed:40362345	The relative ratio of A2G2 (non-fucosylated, bi-antennary with two galactoses) was elevated in all three disease groups (Figure 2D) compared to controls (median relative abundance ~0.85–1.03 in diseases vs. ~0.70 in controls, p < 0.01 for each), representing a ~40% increase in disease states.
PID:0002497_1	1	1	A2G2	bGSL:06c7e6db-6faa-4711-b08f-b4492f3b03e4	glycan	increased level of A2G2 on CLU	hepatocellular carcinoma	DOID:684	diagnostic	serum	UBERON:0001977	PubMed:21467232	Sequential exoglycosidase digestion (Supplementary Fig. S1) showed these peaks to be a simple biantennary glycan (A2G2) and a (β-1,4) triantennary N-linked glycan (A3G3). | In the control and cirrhosis groups, the biantennary glycan represented 42% (±4.2) and 45% (±4.9%) of the total glycan pool, respectively (Fig. 2B). | In the HCC group, the biantennary glycan represented 51% (±7.8%) of the total glycan pool.
PID:0002497_1	1	2	CLU		protein	increased level of A2G2 on CLU	hepatocellular carcinoma	DOID:684	diagnostic	serum	UBERON:0001977	PubMed:21467232	Sequential exoglycosidase digestion (Supplementary Fig. S1) showed these peaks to be a simple biantennary glycan (A2G2) and a (β-1,4) triantennary N-linked glycan (A3G3). | In the control and cirrhosis groups, the biantennary glycan represented 42% (±4.2) and 45% (±4.9%) of the total glycan pool, respectively (Fig. 2B). | In the HCC group, the biantennary glycan represented 51% (±7.8%) of the total glycan pool.
PID:0000792_1	1	1	FA2G2	bGSL:07c275b9-fb5b-49ce-80d1-ef02ad901b43	glycan	altered level of FA2G2	posttraumatic stress disorder	DOID:2055	predictive	plasma	UBERON:0001969	PubMed:32666865	Innate anxiety did not predict vulnerability, but pretrauma levels of PGP10(FA1G1Ga1), PGP11(FA2G2), and PGP15(FA3G2) correlated positively with it, the last one being the most sensitive.
PID:0002707_0	1	1	mucin-type O-glycosylation	bGSL:07f53917-abb0-5512-9eb2-b97850950eee	glycan	increased level of mucin-type O-glycosylation on MUC1	breast cancer	DOID:1612	diagnostic	tissue	UBERON:0000479	PubMed:20215525	We here report critical roles of a novel druggable target, polypeptide N-acetylgalactosaminyltransferase 6 (GALNT6), which is upregulated in a great majority of breast cancers and encodes a glycosyltransferase responsible for initiating mucin-type O-glycosylation. | Western blot and immunostaining analyses indicated that wild-type GALNT6 protein could glycosylate and stabilize an oncoprotein mucin 1 (MUC1), which was upregulated with GALNT6 in breast cancer specimens.
PID:0002707_0	1	2	MUC1	UPKB:P15941	protein	increased level of mucin-type O-glycosylation on MUC1	breast cancer	DOID:1612	diagnostic	tissue	UBERON:0000479	PubMed:20215525	We here report critical roles of a novel druggable target, polypeptide N-acetylgalactosaminyltransferase 6 (GALNT6), which is upregulated in a great majority of breast cancers and encodes a glycosyltransferase responsible for initiating mucin-type O-glycosylation. | Western blot and immunostaining analyses indicated that wild-type GALNT6 protein could glycosylate and stabilize an oncoprotein mucin 1 (MUC1), which was upregulated with GALNT6 in breast cancer specimens.
PID:0002881_0	1	1	mucin O-glycosylation	bGSL:07f53917-abb0-5512-9eb2-b97850950eee	glycan	decreased level of mucin O-glycosylation on MUC1	pancreatic cancer	DOID:1793	predictive	tumor tissue	UBERON:0000479	PubMed:19046630	Studies suggest that mucin O-glycosylation limits the cytotoxic effect of fluorouracil (5-FU) against the growth of human pancreatic cancer cells in vitro. | The antitumour effects of 5-FU (given systemically) against Capan-1 tumours improved significantly following IT injections of benzyl-alpha-GalNAc. | Furthermore, intracellular uptake of 5-FU by Capan-1 cells was significantly greater following injections of benzyl-alpha-GalNAc; however, no such effect was observed with U-87 MG cells. | Mucin overexpression reduces intracellular drug uptake, antineoplastic and antitumour drug effects, which may have important clinical implications in treatment.
PID:0002881_0	1	2	MUC1	UPKB:P15941	protein	decreased level of mucin O-glycosylation on MUC1	pancreatic cancer	DOID:1793	predictive	tumor tissue	UBERON:0000479	PubMed:19046630	Studies suggest that mucin O-glycosylation limits the cytotoxic effect of fluorouracil (5-FU) against the growth of human pancreatic cancer cells in vitro. | The antitumour effects of 5-FU (given systemically) against Capan-1 tumours improved significantly following IT injections of benzyl-alpha-GalNAc. | Furthermore, intracellular uptake of 5-FU by Capan-1 cells was significantly greater following injections of benzyl-alpha-GalNAc; however, no such effect was observed with U-87 MG cells. | Mucin overexpression reduces intracellular drug uptake, antineoplastic and antitumour drug effects, which may have important clinical implications in treatment.
PID:0000343_0	1	1	Lactosylceramide	bGSL:0a063c08-7f72-5da7-9397-33bdcbc5315c	glycan	increased level of Lactosylceramide	lupus nephritis	DOID:0080162	diagnostic	urine	UBERON:0001088	PubMed:38003679	All major LacCers species were significantly elevated and differences between LN and HC were more pronounced in males. | Urine LacCers and N-glycome could serve as definitive LN biomarkers and likely reflect renal disease activity. | Despite higher sensitivity of female hRMCs, males may experience greater increases in LacCers, which may underscore worse disease in males.
PID:0000343_1	1	1	Lactosylceramide	bGSL:0a063c08-7f72-5da7-9397-33bdcbc5315c	glycan	increased level of Lactosylceramide	lupus nephritis	DOID:0080162	diagnostic	serum	UBERON:0001977	PubMed:38003679	However, we did observe significant differences in C22 and C24 LacCers between LN patients and HCs.
PID:0003527_1	1	1	lactosylceramide	bGSL:0a063c08-7f72-5da7-9397-33bdcbc5315c	glycan	increased level of lactosylceramide	congenital disorder of glycosylation Ia	DOID:0080552	diagnostic	fibroblasts	CL:0000057	PubMed:12409508	An increased GSL biosynthesis was also observed by means of radiolabeled lipid precursors including sphingosine and lactosylceramide.
PID:0002120_0	1	1	terminal galactosylated N-glycans	bGSL:0a1fb874-2e4b-58f7-8fd4-4bb308613cb0	glycan	decreased level of terminal galactosylated N-glycans on IgG	Ovarian cancer	DOID:2394	diagnostic	serum	UBERON:0001977	PubMed:23855414	Decrease in terminal galactosylated N-glycans of serum IgG has been found in various malignancies compared to healthy controls. | This ratio was found significantly higher in the malignant group than in the benign group (0.74 vs 0.34; p<0.0001).
PID:0002120_0	1	2	IgG	UPKB:P02768	protein	decreased level of terminal galactosylated N-glycans on IgG	Ovarian cancer	DOID:2394	diagnostic	serum	UBERON:0001977	PubMed:23855414	Decrease in terminal galactosylated N-glycans of serum IgG has been found in various malignancies compared to healthy controls. | This ratio was found significantly higher in the malignant group than in the benign group (0.74 vs 0.34; p<0.0001).
PID:0002205_2	1	1	t-Gal	bGSL:0c32fd16-6ba8-5f21-aacc-e67e0b71acc1	glycan	altered level of t-Gal	lung cancer	DOID:1324	diagnostic	blood plasma	UBERON:0001969	PubMed:23368525	When their behavior was considered in cancer cases compared to controls these GNRs showed fluctuations consistent with minor changes in t-Gal (p = 0.04) and significant increases in 6-Gal (p = 8.6×10−4; ROC c-statistic = 0.737 ± 0.064; Supporting Information Table S5).
PID:0000540_0	1	1	Core 1 O-glycan	bGSL:0fd86f52-404f-45fb-afd7-fa20adcb0fad	glycan	increased level of Core 1 O-glycan	equine osteoarthritis	DOID:8398	diagnostic	synovial fluid	UBERON:0001090	PubMed:33587757	Lectin microarrays identified distinct glycosylation patterns between healthy and OA synovial fluid, including increased Core 1/Core 3 O-glycosylation, increased α−2,3 sialylation and decreased α−1,2 fucosylation in OA. | Lectin microarrays demonstrated differences in glycosylation patterns between OA and healthy synovial fluid samples. | There were three notable changes in glycosylation identified by lectin microarrays (Figure 4B): increased Core 1/Core 3 O-glycosylation (lectins: MNA-M, MNA-G, AIA and MPA), increased α−2,3 sialylation (diCBM40, SK1, SLBR-B) and decreased α−1,2 fucosylation (TJA-II).
PID:0000907_0	1	1	core 1-derived O-glycans	bGSL:0fd86f52-404f-45fb-afd7-fa20adcb0fad	glycan	absence of core 1-derived O-glycans	focal segmental glomerulosclerosis	DOID:1312	diagnostic	glomerulus	UBERON:0005749	PubMed:31973821	Here, we aimed to investigate the physiological role of core 1-derived O-glycans in the podocytes using adult mice lacking podocyte-specific core 1-derived O-glycans (iPod-Cos). iPod-Cos mice exhibited early and transient proteinuria with foot process effacements and developed typical FSGS-like disease symptoms.
PID:0000945_2	1	1	core 1	bGSL:0fd86f52-404f-45fb-afd7-fa20adcb0fad	glycan	decreased level of core 1	gastritis	DOID:4029	prognostic	gastric epithelium	UBERON:0001276	PubMed:31645367	Taken together, these data show loss of core 1–derived O-glycans in the gastric epithelium leads to severe spontaneous chronic gastritis in the stomach antrum. | Histology showed spontaneous gastritis characterized by gastric mucosal hyperplasia and increased immune cell infiltration in the antrum of GEC C1galt1−/− mice (Fig. 1, D–F), while the corpus was not affected (Fig. S1 B).
PID:0001485_2	1	1	Core 1	bGSL:0fd86f52-404f-45fb-afd7-fa20adcb0fad	glycan	increased level of Core 1	gastric cancer	DOID:10534	diagnostic	serum	UBERON:0001977	PubMed:28025252	The candidates comprised 9 core1 and 5 core2 glycans. | These analyses revealed: (i) the levels of all candidates were elevated in sera of at least one or more patients; (ii) core1 candidates having type1-type2 hybrid backbones with 6-sulfo Lewis X, 6-sulfo type2 lactosamine or 3'-sulfo Lewis A were elevated in sera of variety of patients; and (iii) levels of the candidates varied widely among patients, suggesting analysis of multiple candidates will be an effective means of screening various cancers.
PID:0002517_0	1	1	core 1 O-glycan	bGSL:0fd86f52-404f-45fb-afd7-fa20adcb0fad	glycan	decreased level of core 1 O-glycan	colitis	DOID:0060180	diagnostic	colon epithelium	UBERON:0000397	PubMed:21383503	Here, we report that mice with intestinal epithelial cell–specific deficiency of core 1–derived O-glycans, the predominant form of O-glycans, developed spontaneous colitis that resembled human UC, including massive myeloid infiltrates and crypt abscesses. | Furthermore, induced deletion of intestinal core 1–derived O-glycans caused spontaneous colitis in adult mice.
PID:0000916_2	1	1	Neu5Ac	bGSL:141bca9f-bae8-4eb6-a1e8-a3e61748955f	glycan	increased level of Neu5Ac on IgG	Multiple sclerosis	DOID:2377	diagnostic	serum	UBERON:0001977	PubMed:32014849	Increased reactivities of serum IgG toward Neu5Gc and Neu5Ac were additionally observed in an independent, treatment-naive cohort of patients with RRMS. | Although most terminal glycan structures were recognized by both patients with MS and NIND, high reactivities to individual terminal N-acetylneuraminic acid (Neu5Ac) epitopes and the structurally related N-glycolylneuraminic acid (Neu5Gc) were exclusively observed in patients with MS (figure 1D). | Antibody reactivities toward neuraminic acid epitopes were significantly increased in patients with MS compared with patients with NIND and OIND. | Both serum and CSF IgG reactivities toward α(2–8)Neu5Ac and CSF IgG responses toward α(2–3)Neu5Gc were significantly elevated in patients with MS (figure 2, A and B). | In these patients (MS cohort II), serum IgG reactivities to both α(2–8)Neu5Ac and α(2–3)Neu5Gc were increased compared with NIND and OIND, whereas CSF IgG reactivities did not differ significantly (figure 2, D and E), indicating a systemically increased immune response to both epitopes.
PID:0000916_2	1	2	IgG		protein	increased level of Neu5Ac on IgG	Multiple sclerosis	DOID:2377	diagnostic	serum	UBERON:0001977	PubMed:32014849	Increased reactivities of serum IgG toward Neu5Gc and Neu5Ac were additionally observed in an independent, treatment-naive cohort of patients with RRMS. | Although most terminal glycan structures were recognized by both patients with MS and NIND, high reactivities to individual terminal N-acetylneuraminic acid (Neu5Ac) epitopes and the structurally related N-glycolylneuraminic acid (Neu5Gc) were exclusively observed in patients with MS (figure 1D). | Antibody reactivities toward neuraminic acid epitopes were significantly increased in patients with MS compared with patients with NIND and OIND. | Both serum and CSF IgG reactivities toward α(2–8)Neu5Ac and CSF IgG responses toward α(2–3)Neu5Gc were significantly elevated in patients with MS (figure 2, A and B). | In these patients (MS cohort II), serum IgG reactivities to both α(2–8)Neu5Ac and α(2–3)Neu5Gc were increased compared with NIND and OIND, whereas CSF IgG reactivities did not differ significantly (figure 2, D and E), indicating a systemically increased immune response to both epitopes.
PID:0000916_3	1	1	Neu5Ac	bGSL:141bca9f-bae8-4eb6-a1e8-a3e61748955f	glycan	increased level of Neu5Ac on IgG	Multiple sclerosis	DOID:2377	diagnostic	CSF	UBERON:0001359	PubMed:32014849	Antibody reactivities toward neuraminic acid epitopes were significantly increased in patients with MS compared with patients with NIND and OIND. | Both serum and CSF IgG reactivities toward α(2–8)Neu5Ac and CSF IgG responses toward α(2–3)Neu5Gc were significantly elevated in patients with MS (figure 2, A and B). | In these patients (MS cohort II), serum IgG reactivities to both α(2–8)Neu5Ac and α(2–3)Neu5Gc were increased compared with NIND and OIND, whereas CSF IgG reactivities did not differ significantly (figure 2, D and E), indicating a systemically increased immune response to both epitopes.
PID:0000916_3	1	2	IgG		protein	increased level of Neu5Ac on IgG	Multiple sclerosis	DOID:2377	diagnostic	CSF	UBERON:0001359	PubMed:32014849	Antibody reactivities toward neuraminic acid epitopes were significantly increased in patients with MS compared with patients with NIND and OIND. | Both serum and CSF IgG reactivities toward α(2–8)Neu5Ac and CSF IgG responses toward α(2–3)Neu5Gc were significantly elevated in patients with MS (figure 2, A and B). | In these patients (MS cohort II), serum IgG reactivities to both α(2–8)Neu5Ac and α(2–3)Neu5Gc were increased compared with NIND and OIND, whereas CSF IgG reactivities did not differ significantly (figure 2, D and E), indicating a systemically increased immune response to both epitopes.
PID:0001394_0	1	1	Neu5Ac	bGSL:141bca9f-bae8-4eb6-a1e8-a3e61748955f	glycan	altered level of Neu5Ac	Middle East respiratory syndrome coronavirus infection	DOID:0080642	diagnostic	respiratory epithelial cells	CL:0002368	PubMed:28923942	We here report that the MERS-CoV spike protein selectively binds to sialic acid (Sia) and demonstrate that cell-surface sialoglycoconjugates can serve as an attachment factor. | Our observations warrant further research into the role of Sia binding in the virus’s host and tissue tropism and transmission, which may be influenced by the observed Sia-binding fine specificity and by differences in sialoglycomes among host species.
PID:0000041_1	1	1	G0F	bGSL:141f8373-6d7e-4ab5-998c-4cdb07494912	glycan	altered level of G0F	COVID-19	DOID:0080600	diagnostic	CSF	UBERON:0001359	PubMed:40157461	Inflammatory agalactosylated fucosylated IgG (G0F) were associated with infiltrating CD4 + T cells in the brains of COVID-19 donors.
PID:0000371_3	1	1	G0F	bGSL:141f8373-6d7e-4ab5-998c-4cdb07494912	glycan	altered level of G0F on IgG	nonproliferative diabetic retinopathy	DOID:13208	diagnostic	serum	UBERON:0001977	PubMed:37364630	DSIgG1 G1FN/G0FN, G2N/G2, G2FN/G2N and DSIgG2 G1F/G0F, G1FN/G0FN, G2N/G1N, G2S/G2 were significantly different between NDR and NPDR patients (p < 0.05) in both the discovery and validation sets. | DSIgG Fc N-glycosylation ratios were associated with NPDR and can be used as potential biomarkers for the early diagnosis of DR.
PID:0000371_3	1	2	IgG		protein	altered level of G0F on IgG	nonproliferative diabetic retinopathy	DOID:13208	diagnostic	serum	UBERON:0001977	PubMed:37364630	DSIgG1 G1FN/G0FN, G2N/G2, G2FN/G2N and DSIgG2 G1F/G0F, G1FN/G0FN, G2N/G1N, G2S/G2 were significantly different between NDR and NPDR patients (p < 0.05) in both the discovery and validation sets. | DSIgG Fc N-glycosylation ratios were associated with NPDR and can be used as potential biomarkers for the early diagnosis of DR.
PID:0001582_3	1	1	G0F	bGSL:141f8373-6d7e-4ab5-998c-4cdb07494912	glycan	altered level of G0F on IgG	Human immunodeficiency virus infection	DOID:526	diagnostic	plasma	UBERON:0001969	PubMed:26960182	MUC16 pull-down captured the G0F glycan structure most abundantly, followed by G1F, G2F, G0FB, and G1FB (Fig. 5A). | Calculation of the percentage enrichment of MUC16-bound Abs compared to the input HIVIG demonstrated that MUC16-bound Abs were enriched for G0F, G1F, G2F, G1FB, and G0FB but reduced for G0B, G1B, and G2B (Fig. 5B). | Moreover, collective analysis of total G0, G1, and G2 glycans (including all substructures +/− fucose, SA, and bisecting GlcNAc) demonstrated an enrichment of G0 structures in MUC16 bound Abs whereas G1 and G2 structures were reduced compared to input levels in HIV+ Abs (Fig. 5C). | Similarly, collective analysis of total glycan structures that include fucose and/or the bisecting GlcNAc highlight the preferential binding of all fucosylated Abs, but not afucosylated bisected glycosylated Abs (Fig. 5D). | Because fucose and the bisecting GlcNAc are typically (but not exclusively) added in a reciprocal order (36), reduced bisecting glycan binding may be related to a preferential interaction between MUC16 and fucosylated Abs.
PID:0001582_3	1	2	IgG		protein	altered level of G0F on IgG	Human immunodeficiency virus infection	DOID:526	diagnostic	plasma	UBERON:0001969	PubMed:26960182	MUC16 pull-down captured the G0F glycan structure most abundantly, followed by G1F, G2F, G0FB, and G1FB (Fig. 5A). | Calculation of the percentage enrichment of MUC16-bound Abs compared to the input HIVIG demonstrated that MUC16-bound Abs were enriched for G0F, G1F, G2F, G1FB, and G0FB but reduced for G0B, G1B, and G2B (Fig. 5B). | Moreover, collective analysis of total G0, G1, and G2 glycans (including all substructures +/− fucose, SA, and bisecting GlcNAc) demonstrated an enrichment of G0 structures in MUC16 bound Abs whereas G1 and G2 structures were reduced compared to input levels in HIV+ Abs (Fig. 5C). | Similarly, collective analysis of total glycan structures that include fucose and/or the bisecting GlcNAc highlight the preferential binding of all fucosylated Abs, but not afucosylated bisected glycosylated Abs (Fig. 5D). | Because fucose and the bisecting GlcNAc are typically (but not exclusively) added in a reciprocal order (36), reduced bisecting glycan binding may be related to a preferential interaction between MUC16 and fucosylated Abs.
PID:0000122_1	1	1	paucimannosidic N-glycans	bGSL:146aba34-600b-5250-8eaa-78b19e76b286	glycan	increased level of paucimannosidic N-glycans	colorectal cancer	DOID:9256	prognostic	peripheral blood mononuclear cells	CL:2000001	PubMed:39947398	Significant elevation in protein paucimannosylation in the CRC TUM was observed across all disease stages compared to NAT and in PBMCs from CRC patients with advanced disease (stage III–IV) relative to PBMCs from normal controls (Fig. 1D). | Unlike the conventional N-glycan types (oligomannosidic-, hybrid-, complex-type), the less investigated non-canonical paucimannosidic-type glycans, that is, Man1-3GlcNAc2Fuc0-1 (short-hand M1-M3F) (42, 43, 44) were strongly elevated in the N-glycome of CRC TUM (CRC stage I-IV: 13.5–15.4%, NAT: 6.7%) and in PBMCs (CRC stage I–IV: 19.5–27.1%, normal controls: 14.9%) as determined using quantitative glycomics (Fig. 1C, see Supplemental Tables S4 and S5 for data and Supplemental Data S1 for spectral evidence).
PID:0000208_2	1	1	Triantennary N-glycan	bGSL:1471df12-b367-5f77-b47f-f8e31ae9707f	glycan	altered level of Triantennary N-glycan	hepatocellular carcinoma	DOID:684	prognostic	preoperative serum	UBERON:0001977	PubMed:39382267	More impressively, we found that DSA, PNA, SNA, and PHA‐I, binders of terminal GalNAc glycotope and triantennary and tetra‐antennary N‐glycans, were significantly related to BCLC stage in the HCC patients (p = 0.012 − p = 0.050).
PID:0000418_7	1	1	triantennary N-glycan	bGSL:1471df12-b367-5f77-b47f-f8e31ae9707f	glycan	increased level of triantennary N-glycan	intrahepatic cholangiocarcinoma	DOID:4928	diagnostic	serum	UBERON:0001977	PubMed:36890858	Similarly, other fucosylated (in this case triantennary and tetraantennary) N-glycans (2174 m/z, 2320 m/z, and 2361 m/z) were also significantly altered in the iCCA cohort compared with non iCCA (Fig. 4C–E). | For the serum analysis, the N-glycans were a 1339 m/z, 2158 m/z, and 2361 m/z (highly branched tetraantennary, double fucosylated; Supplementary Fig. S3B). | We identified, 5 N-glycans: 2465 m/z and 2487 m/z (triantennary fucosylated with a sialic acid residue and same structure sulfated, respectively), 2158 m/z, 2320 m/z, and 2174 m/z.
PID:0000609_1	1	1	tri-antennary N-glycan	bGSL:1471df12-b367-5f77-b47f-f8e31ae9707f	glycan	increased level of tri-antennary N-glycan	prostate cancer	DOID:10283	prognostic	tumor tissue	UBERON:0000479	PubMed:34131069	Specifically, high-mannose as well as tri-and tetra-antennary N-glycans were more abundant in tumor tissue and increase proportionally with tumor grade. | Consistent with previous studies, we observed increases in both high-mannose (Figure 2C–E) (19, 21) as well as branched (Figure 2F–H) N-glycans in prostate tumor tissue compared to benign. | We observed an increase in high-mannose (Figure 3A–C) and branched (Figure 3D–F) N-glycans that positively correlated with tumor grade group.
PID:0000896_1	1	1	triantennary N-glycan	bGSL:1471df12-b367-5f77-b47f-f8e31ae9707f	glycan	altered level of triantennary N-glycan	gastric cancer	DOID:10534	diagnostic	serum	UBERON:0001977	PubMed:32106961	Bisecting GlcNAc and triantennary glycan compositions were found to be significantly changed between GC cases (n = 50) and healthy control, indicating the great potential to be novel biomarkers for GC early diagnosis.
PID:0001927_0	1	1	triantennary N-glycans	bGSL:1471df12-b367-5f77-b47f-f8e31ae9707f	glycan	increased level of triantennary N-glycans	cancer	DOID:162	diagnostic	serum	UBERON:0001977	PubMed:25234305	In most forms of cancer, findings using CE-LIF were limited to the increase of triantennary structures carrying a Lewis(x) epitope.
PID:0001978_3	1	1	triantennary N-glycan	bGSL:1471df12-b367-5f77-b47f-f8e31ae9707f	glycan	increased level of triantennary N-glycan on haptoglobin	hepatocellular carcinoma	DOID:684	diagnostic	serum	UBERON:0001977	PubMed:24807840	In addition, both the triantennary and tetra-antennary glycans were highly elevated in HCC compared to their abundance in healthy and cirrhosis samples.
PID:0001978_3	1	2	haptoglobin	UPKB:P00738	protein	increased level of triantennary N-glycan on haptoglobin	hepatocellular carcinoma	DOID:684	diagnostic	serum	UBERON:0001977	PubMed:24807840	In addition, both the triantennary and tetra-antennary glycans were highly elevated in HCC compared to their abundance in healthy and cirrhosis samples.
PID:0002008_0	1	1	triantennary N-glycan	bGSL:1471df12-b367-5f77-b47f-f8e31ae9707f	glycan	decreased level of triantennary N-glycan	prostate cancer	DOID:10283	diagnostic	urine	UBERON:0001088	PubMed:24254641	N-glycans of PCa compared to BPH were characterized by a significant decrease in triantennary structures (p = 0.047) and overall fucosylation (p = 0.026).
PID:0002649_0	1	1	tri-antennary glycan	bGSL:1471df12-b367-5f77-b47f-f8e31ae9707f	glycan	increased level of tri-antennary glycan	hepatocellular carcinoma	DOID:684	monitoring	serum	UBERON:0001977	PubMed:20524982	In comparison with the control mice that received the same volume of saline, a tri-antennary glycan (peak 8) and a biantennary glycan (peak 4) in serum total glycans of DENA mice increased gradually but significantly during progression of liver cancer, whereas a core-fucosylated biantennary glycan (peak 6) decreased.
PID:0002846_0	1	1	triantennary N-glycan	bGSL:1471df12-b367-5f77-b47f-f8e31ae9707f	glycan	decreased level of triantennary N-glycan	hepatocellular carcinoma	DOID:684	diagnostic	serum	UBERON:0001977	PubMed:19223512	Glycans 1 and 6 are triantennary and tetraantennary complex glycans that decrease in HCC.
PID:0002863_1	1	1	triantennary N-glycan	bGSL:1471df12-b367-5f77-b47f-f8e31ae9707f	glycan	presence of triantennary N-glycan on KLK3	prostate cancer	DOID:10283	diagnostic	serum	UBERON:0001977	PubMed:19035787	This observation is consistent with findings from glycan structure analysis that PSA from prostate cancer is a mixture of biantennary, triantennary, and possibly tetraantennary oligosaccharides rather than normal PSA which has only biantennary oligosaccharides, which supports the hypothesis that oncogenic transformation of prostate epithelium may differentially affect N-linked glycan processing of PSA.
PID:0002863_1	1	2	KLK3	UPKB:Q546G3	protein	presence of triantennary N-glycan on KLK3	prostate cancer	DOID:10283	diagnostic	serum	UBERON:0001977	PubMed:19035787	This observation is consistent with findings from glycan structure analysis that PSA from prostate cancer is a mixture of biantennary, triantennary, and possibly tetraantennary oligosaccharides rather than normal PSA which has only biantennary oligosaccharides, which supports the hypothesis that oncogenic transformation of prostate epithelium may differentially affect N-linked glycan processing of PSA.
PID:0000050_0	1	1	M9	bGSL:171cbaf9-e31b-5be4-ab4c-b9a60cf10330	glycan	increased level of M9	Essential hypertension	DOID:10825	susceptibility	plasma	UBERON:0001969	PubMed:40593539	Notably, we observed positive associations between PGS for traits, related to the increased levels of high-mannose glycans, especially to those of containing nine mannose residuals (M9), with cardiovascular disease phenotypes such as essential hypertension, ischemic heart disease, angina, hyperlipidaemias, as well as type 1 diabetes and asthma (Fig. 4).
PID:0000050_2	1	1	M9	bGSL:171cbaf9-e31b-5be4-ab4c-b9a60cf10330	glycan	increased level of M9	Type 1 diabetes mellitus	DOID:9744	susceptibility	plasma	UBERON:0001969	PubMed:40593539	Notably, we observed positive associations between PGS for traits, related to the increased levels of high-mannose glycans, especially to those of containing nine mannose residuals (M9), with cardiovascular disease phenotypes such as essential hypertension, ischemic heart disease, angina, hyperlipidaemias, as well as type 1 diabetes and asthma (Fig. 4).
PID:0000050_3	1	1	M9	bGSL:171cbaf9-e31b-5be4-ab4c-b9a60cf10330	glycan	increased level of M9	Asthma	DOID:2841	susceptibility	plasma	UBERON:0001969	PubMed:40593539	Notably, we observed positive associations between PGS for traits, related to the increased levels of high-mannose glycans, especially to those of containing nine mannose residuals (M9), with cardiovascular disease phenotypes such as essential hypertension, ischemic heart disease, angina, hyperlipidaemias, as well as type 1 diabetes and asthma (Fig. 4).
PID:0000412_0	1	1	Man9	bGSL:171cbaf9-e31b-5be4-ab4c-b9a60cf10330	glycan	increased level of Man9	atrial fibrillation	DOID:0060224	diagnostic	plasma	UBERON:0001969	PubMed:37189353	More precisely, in the plasma N-glycome, GP19 (Man9) was more abundant in the patients compared to the controls.
PID:0000967_4	1	1	M9	bGSL:171cbaf9-e31b-5be4-ab4c-b9a60cf10330	glycan	decreased level of M9	post-traumatic stress disorder	DOID:2055	diagnostic	plasma	UBERON:0001969	PubMed:31817821	Among these six plasma N-glycans, four (GP14 = A2G2S1, GP27 = A3G3S3, GP33 = A4G4S3, GP39 = A4F1G4S4) were significantly higher, whereas two (GP16 = FA2G2S1, GP19 = M9) were significantly lower in PTSD subjects compared to controls in both cohorts (Figure 1).
PID:0000095_9	1	1	FA2G2S1	bGSL:17ac6666-18f3-4158-870f-70c4bc848187	glycan	decreased level of FA2G2S1	myoma uteri	DOID:13223	diagnostic	serum	UBERON:0001977	PubMed:40362345	Interestingly, while A2G2S1 showed higher levels in the disease groups, FA2G2S1 was rather decreased, which was also significant in the group of myoma uteri (Figure 2F).
PID:0000967_3	1	1	FA2G2S1	bGSL:17ac6666-18f3-4158-870f-70c4bc848187	glycan	decreased level of FA2G2S1	post-traumatic stress disorder	DOID:2055	diagnostic	plasma	UBERON:0001969	PubMed:31817821	Among these six plasma N-glycans, four (GP14 = A2G2S1, GP27 = A3G3S3, GP33 = A4G4S3, GP39 = A4F1G4S4) were significantly higher, whereas two (GP16 = FA2G2S1, GP19 = M9) were significantly lower in PTSD subjects compared to controls in both cohorts (Figure 1).
PID:0000148_0	1	1	oligomannose	bGSL:17d4b1f6-7f34-5221-9454-43f9e00c5f98	glycan	altered level of oligomannose on Complement C3	liver cancer	DOID:3571	diagnostic	platelets	CL:0000233	PubMed:39813102	The integrated analysis revealed significant changes in platelet protein N-glycosylation in liver cancer patients. | Further systems biology analysis and lectin pull-down-coupled ELISA assays in independent clinical samples confirmed two N-glycoproteins with specific glycan types, complement C3 (C3) with oligomannose modification and integrin β-3 (ITGB3) with sialylation, as potential biomarkers distinguishing liver cancer patients from healthy individuals, without differentiating between HCC and mLC patient group.
PID:0000148_0	1	2	Complement C3	UPKB:P01024	protein	altered level of oligomannose on Complement C3	liver cancer	DOID:3571	diagnostic	platelets	CL:0000233	PubMed:39813102	The integrated analysis revealed significant changes in platelet protein N-glycosylation in liver cancer patients. | Further systems biology analysis and lectin pull-down-coupled ELISA assays in independent clinical samples confirmed two N-glycoproteins with specific glycan types, complement C3 (C3) with oligomannose modification and integrin β-3 (ITGB3) with sialylation, as potential biomarkers distinguishing liver cancer patients from healthy individuals, without differentiating between HCC and mLC patient group.
PID:0000263_1	1	1	oligomannose	bGSL:17d4b1f6-7f34-5221-9454-43f9e00c5f98	glycan	altered level of oligomannose	lung cancer	DOID:1324	diagnostic	saliva	UBERON:0001836	PubMed:38847917	The altered salivary glycopatterns such as oligomannose, Manα1-3Man, or Manα1-6Man N-glycans recognized by HHL might serve as potential biomarkers for the diagnosis of LC patients.
PID:0000967_1	1	1	A3G3S3	bGSL:184dd92e-f0e4-48b1-90db-d973516caa9c	glycan	increased level of A3G3S3	post-traumatic stress disorder	DOID:2055	diagnostic	plasma	UBERON:0001969	PubMed:31817821	Among these six plasma N-glycans, four (GP14 = A2G2S1, GP27 = A3G3S3, GP33 = A4G4S3, GP39 = A4F1G4S4) were significantly higher, whereas two (GP16 = FA2G2S1, GP19 = M9) were significantly lower in PTSD subjects compared to controls in both cohorts (Figure 1).
PID:0001238_4	1	1	A3G3S3	bGSL:184dd92e-f0e4-48b1-90db-d973516caa9c	glycan	decreased level of A3G3S3	prostate cancer	DOID:10283	diagnostic	serum	UBERON:0001977	PubMed:29927052	Our previous glycosylation study observed significant decreases in triantennary trigalactosylated glycans (including A3G3 and A3G3S3) and tetra‐antennary tetrasialylated outer‐arm‐fucosylated glycans, and increases in tetra‐antennary tetrasialylated structures in men with Gleason score 7 prostate tumours compared with Gleason score 5 cancers (Saldova et al., 2011).
PID:0000119_0	1	1	CA19-9	bGSL:1ea3fdb2-913c-49d2-8e5b-63f0120eae2b	glycan	increased level of CA19-9	pancreatic ductal adenocarcinoma	DOID:3498	diagnostic	plasma	UBERON:0001969	PubMed:40053601	We analyzed 13 blood samples (plasma and serum) that had a patient-matched tumor specimen in the above analysis. | As with the cell lines, the patients with CA19-9–type tumors had the highest RFU values of secreted CA19–9 (determined using the CA19–9. | CA19–9 assay), the patients with sTRA type tumors had the highest relative fluorescence units (RFU) values of secreted sTRA (determined using the TR4.sTRA assay), and the patients with mixed type tumors had low RFU values levels across the four combinations of CA19-9 and sTRA (including CA19-9.sTRA and TR4.sTRA) (Fig. 5C). | We observed that the measurements from each of the four assays were significantly higher in the cancer cases than in the controls (P < 0.05, Wilcoxon-rank sum test) (Fig. 5D).
PID:0000198_0	1	1	CA19-9	bGSL:1ea3fdb2-913c-49d2-8e5b-63f0120eae2b	glycan	altered level of CA19-9	pancreatic ductal adenocarcinoma	DOID:3498	diagnostic	plasma	UBERON:0001969	PubMed:39276915	At the predetermined, clinically relevant cutoff of 37 U/mL, CA19-9 gave 0.76 sensitivity and 0.79 specificity (Supplementary Table 1). | At a cutoff optimized for high specificity (164 U/mL), CA19-9 gave 0.50 sensitivity and 0.95 specificity, and at a cutoff optimized for high sensitivity (2.0 U/mL), CA19-9 gave 0.95 sensitivity and 0.02 specificity (Supplementary Tables 1 and 2). | The former detects entities that have 2 accessible CA19-9 epitopes (a glycan called sialyl-Lewis) that can be captured and detected, and the latter detects entities that have both an accessible CA19-9 epitope and an accessible sTRA epitope (sialylated di-N-acetyl-lactosamine, [13]). | The patients that show high CA199. | STRA in the absence of the standard CA19-9 assay suggest that the cancer-secreted entities have only 1 accessible CA19-9 epitope, which is bound by the capture antibody, yet have an accessible STRA epitope.
PID:0001065_0	1	1	CA19-9	bGSL:1ea3fdb2-913c-49d2-8e5b-63f0120eae2b	glycan	increased level of CA19-9	pancreatitis	DOID:4989	diagnostic	serum	UBERON:0001977	PubMed:31221853	Notably, CA19–9 expression in mice resulted in rapid and severe pancreatitis with hyperactivation of epidermal growth factor receptor (EGFR) signaling.
PID:0001065_1	1	1	CA19-9	bGSL:1ea3fdb2-913c-49d2-8e5b-63f0120eae2b	glycan	increased level of CA19-9	pancreatic cancer	DOID:1793	diagnostic	tissue	UBERON:0000479	PubMed:31221853	CA19–9 also cooperated with the KrasG12D oncogene to produce aggressive pancreatic cancer.
PID:0001065_2	1	1	CA19-9	bGSL:1ea3fdb2-913c-49d2-8e5b-63f0120eae2b	glycan	increased level of CA19-9	pancreatitis	DOID:4989	diagnostic	serum	UBERON:0001977	PubMed:31221853	Elevated levels of CA19–9 were detected in the serum of 20% of the chronic pancreatitis patients we examined whereas over 93% of these patients exhibited local elevation of CA19–9 in the resected pancreatic specimens by IHC (n=44) (fig.
PID:0001065_3	1	1	CA19-9	bGSL:1ea3fdb2-913c-49d2-8e5b-63f0120eae2b	glycan	increased level of CA19-9	pancreatic cancer	DOID:1793	diagnostic	tissue	UBERON:0000479	PubMed:31221853	CA19–9 was expressed at low levels in normal homeostatic pancreatic ducts and at elevated levels in adjacent reactive ducts that consist of atypical, benign pancreatic ducts that occur even in the absence of substantial inflammation (fig. | S12A), pre-invasive carcinomas (PanIN-1A, PanIN-1B) and invasive PDAC specimens (fig. | S12, B to D) (17).
PID:0001088_0	1	1	CA19-9	bGSL:1ea3fdb2-913c-49d2-8e5b-63f0120eae2b	glycan	increased level of CA19-9	pancreatic ductal adenocarcinoma	DOID:3498	diagnostic	plasma	UBERON:0001969	PubMed:30617132	The CA19–9 biomarker is elevated in a substantial group of patients with pancreatic ductal adenocarcinoma (PDAC), but not enough to be reliable for the detection or diagnosis of the disease.
PID:0001460_0	1	1	CA19-9	bGSL:1ea3fdb2-913c-49d2-8e5b-63f0120eae2b	glycan	increased level of CA19-9	pancreatic ductal adenocarcinoma	DOID:3498	prognostic	tumor tissue	UBERON:0000479	PubMed:28642461	The sTRA glycan was significantly elevated in tumor tissue relative to adjacent pancreatic tissue in 3 separate tissue microarrays covering 38 patients. | Both CA19-9 and sTRA were significantly elevated in the tumors, as were the exclusive and dual expression of the markers in most cases (Fig. 2D). | Using combined data from TMAs 2, 5, and 6, each of the five markers was significantly elevated (p < 0.001 based on Wilcoxon signed rank test, with false discovery rate <0.001 accounting for the five markers tested) in the tumors relative to paired adjacent tissue (Table S1). | The consistent occurrence of tumors that predominantly express sTRA (Fig. 2E), as well as the elevation of sTRA-only regions in the tumors relative to adjacent tissue (Fig. 2D), affirm that sTRA is a marker of pancreatic cancer independent of CA19-9.
PID:0001460_2	1	1	CA19-9-only	bGSL:1ea3fdb2-913c-49d2-8e5b-63f0120eae2b	glycan	altered level of CA19-9-only	pancreatic ductal adenocarcinoma	DOID:3498	prognostic	tumor tissue	UBERON:0000479	PubMed:28642461	Among the patients above the threshold in dual-marker expression, high levels of both CA19-9-only and sTRA-only were present only in patients with short TTP (Fig. 6B).
PID:0002401_2	1	1	Gb3	bGSL:20e88f5c-c2b3-59f6-be89-7e0e58465d7c	glycan	increased level of Gb3	hepatocellular carcinoma	DOID:684	diagnostic	serum	UBERON:0001977	PubMed:22808038	We observed that the levels of IgG against glycan numbers 4 (SLacNAc 6SO3), 15 (disialosyl galactosyl-globoside; DSGG), 18 (fucosyl GM1), 35 (Gb3), 36 (Gb2), 42 (B19), and 56 (Man7) were significantly higher in patients with HCC than in healthy individuals.
PID:0000557_0	1	1	glucomannan	bGSL:2312c43c-2cd4-563f-b74c-b95ee7b58642	glycan	increased level of glucomannan	vulvovaginal candidiasis	DOID:2272	diagnostic	serum	UBERON:0001977	PubMed:34826687	Statistically significant sera values of specific anti-glycan IgM and IgA class antibodies were revealed. | The results are suggestive for efficient serological application of C.utilis glucomannan as in vitro disease marker and prospectively for follow-up of the specific long-term antimycotic therapy.
PID:0000412_6	1	1	FA2[3]G1	bGSL:2417b372-a45f-4507-865a-1a084158e225	glycan	increased level of FA2[3]G1	atrial fibrillation	DOID:0060224	diagnostic	IgG	UBERON:0000178	PubMed:37189353	In addition, in the IgG N-glycomes, IGP5 (Man5), IGP9 (FA2[3]G1), IGP20 (structure not determined), and IGP21 (A2G2S2) were more abundant in the AF patients compared to the controls, while the opposite was observed for IGP6 (FA2B), IGP10 (FA2[6]BG1), and the bisecting structures.
PID:0000418_9	1	1	core N-glycan structure	bGSL:24d335a2-51a3-5232-96e6-2d60815f8e55	glycan	decreased level of core N-glycan structure	intrahepatic cholangiocarcinoma	DOID:4928	diagnostic	tissue	UBERON:0000479	PubMed:36890858	In addition, we identified N-glycan at 1339.463 m/z, a nonfucosylated bisected N-glycan (known as the core structure of an N-glycan structure) to be significantly decreased in the iCCA tissues (Fig. 4F). | Interestingly, N-glycan 1339 m/z and 2158 m/z had an opposing trend in serum (Fig. 6C) and tissue (Fig. 6D), where 1339 m/z was significantly decreased in iCCA while 2158 m/z was significantly increased. | An interesting N-glycan modification that has not previously been linked to iCCA was 1339 m/z (biantennary nonfucosylated N-glycan) which in this study had a decreased intensity in iCCA tissue and serum. | Statistical analysis revealed the importance of this modification when coupled with bisected fucosylated structures as a biomarker candidate for differentiating between iCCA v non-iCCA and iCCA v PSC.
PID:0000418_10	1	1	core N-glycan structure	bGSL:24d335a2-51a3-5232-96e6-2d60815f8e55	glycan	decreased level of core N-glycan structure	intrahepatic cholangiocarpinoma	DOID:4928	diagnostic	serum	UBERON:0001977	PubMed:36890858	In addition, we identified N-glycan at 1339.463 m/z, a nonfucosylated bisected N-glycan (known as the core structure of an N-glycan structure) to be significantly decreased in the iCCA tissues (Fig. 4F). | Interestingly, N-glycan 1339 m/z and 2158 m/z had an opposing trend in serum (Fig. 6C) and tissue (Fig. 6D), where 1339 m/z was significantly decreased in iCCA while 2158 m/z was significantly increased. | An interesting N-glycan modification that has not previously been linked to iCCA was 1339 m/z (biantennary nonfucosylated N-glycan) which in this study had a decreased intensity in iCCA tissue and serum. | Statistical analysis revealed the importance of this modification when coupled with bisected fucosylated structures as a biomarker candidate for differentiating between iCCA v non-iCCA and iCCA v PSC.
PID:0000027_0	1	1	Tn antigen	bGSL:25e2c658-4349-5dc1-ba23-f9dbe366f1e7	glycan	increased level of Tn antigen	breast cancer	DOID:1612	diagnostic	plasma	UBERON:0001969	PubMed:40411659	This study aimed to investigate the glycosylation patterns of sEVs derived from breast epithelial cells and plasma samples from breast cancer patients, focusing on the presence of truncated O-linked glycans, such as the Tn antigen, using Helix pomatia agglutinin (HPA). | In patient-derived plasma sEVs, HPA binding was significantly higher in patients with breast cancer than in healthy individuals, highlighting its potential as a biomarker for cancer detection. | There was a 3.3-fold increase in HPA binding of plasma-enriched EpCAM-positive sEVs from cancer patients compared to those from healthy individuals overall (p < 0.0001). | There was a 3.4-fold and 3.1-fold increase in HPA binding of EpCAM-positive plasma-enriched sEVs from individuals with metastatic and stage 2 non-metastatic breast cancer, respectively, compared to that seen in samples from healthy individuals (p < 0.0001 and p < 0.001, respectively). | The binding of the lectin HPA to reveal truncated α-GalNAc-bearing O-linked glycans, including Tn antigen (α-GalNAc-O-Ser/Thr), is a well-established marker of metastatic competence in breast cancer (for example, [5, 7, 32, 33]).
PID:0000044_0	1	1	Tn antigen	bGSL:25e2c658-4349-5dc1-ba23-f9dbe366f1e7	glycan	altered level of Tn antigen	Pancreatic ductal adenocarcinoma	DOID:3498	diagnostic	serum	UBERON:0001977	PubMed:40638850	Tn (GalNAcα1-O-S/T) and sTn (Neu5Acα2-6GalNAcα1-O-S/T) antigens, the immature O-glycans, are strongly correlated with cancer aggressiveness. | Tn and sTn antigens exhibit significant differences between patients and healthy people, and they have emerged as potential biomarkers for cancer diagnosis and prognosis. | We demonstrated the general applicability of this method to analyze challenging samples, including HeLa cells and pancreatic ductal adenocarcinoma serum, where Tn/sTn are low-abundance O-glycans. | Furthermore, a total of 191 Tn/sTn glycosites were identified on 200 glycopeptides from 136 proteins across two pancreatic cancer cell lines and serum.
PID:0000208_1	1	1	Tn antigen	bGSL:25e2c658-4349-5dc1-ba23-f9dbe366f1e7	glycan	altered level of Tn antigen	hepatocellular carcinoma	DOID:684	prognostic	preoperative serum	UBERON:0001977	PubMed:39382267	We compared serum changes of lectin‐based glycans and clinicopathological characteristics of the HCC patients and found that changes of the lectins‐specific glycans were associated with progression and tumor invasion in the HCC patients. of which, terminal GalNAc glycotope, which is VVL, PNA, and SNA recognizable, participates in O‐glycosylation of proteins.
PID:0000210_0	1	1	Tn antigen	bGSL:25e2c658-4349-5dc1-ba23-f9dbe366f1e7	glycan	increased level of Tn antigen	clear cell renal cell carcinoma	DOID:4467	prognostic	tissue	UBERON:0000479	PubMed:39105355	High expression of truncated O‐glycans Tn antigen predicts adverse clinical outcome in patients with clear cell renal cell carcinoma (ccRCC). | Mechanically, high expression of GALNT6 led to the accumulation of Tn antigen in ccRCC cells. | Immunofluorescence analysis was carried out using VVA lectins, which specifically recognized Tn antigens that frequently occurred in ccRCC progression. | 10 As shown in Figure 4A, Tn antigen in ccRCC cells was accumulated following GALNT6 overexpression, but reduced following GALNT6 silencing.
PID:0000244_0	1	1	Tn antigen	bGSL:25e2c658-4349-5dc1-ba23-f9dbe366f1e7	glycan	altered level of Tn antigen	cancer	DOID:162	diagnostic	serum	UBERON:0001977	PubMed:39041660	Tn antigen (CD175), recognized as the precursor monosaccharide (α-GalNAc) of mucin O-glycan, is a well-known tumor-associated carbohydrate antigen (TACA). | It has emerged as a potential biomarker for cancer diagnosis and prognosis.
PID:0000386_0	1	1	Tn antigen	bGSL:25e2c658-4349-5dc1-ba23-f9dbe366f1e7	glycan	increased level of Tn antigen on MUC1	breast cancer	DOID:1612	response	serum	UBERON:0001977	PubMed:37279388	In vivo testing revealed that immunization with the newly designed vaccine construct bearing the GalNAc glycocluster induced a higher titer of anti-Tn-MUC1 antibodies compared to the TACAs alone. | Additionally, the antibodies obtained bind a library of tumor-associated saccharide structures on MUC1 and MUC1-positive breast cancer cells. | The TPEaa vaccine 16 induced higher IgG antibody titers than the vaccine construct 15. | At day 47, the IgG concentration in the sera of mice immunized with 16 is over sevenfold higher than that observed in mice immunized with 15 (Figure 5B). | 14 In order to determine the ability of the induced antibodies to recognize native cancer cells, sera collected at day 47 were incubated with T47D human breast cancer cells, which are known to overexpress aberrantly glycosylated MUC1.52 Bound antibodies were labeled with a fluorescent anti-IgG secondary antibody for detection by flow cytometry.
PID:0000386_0	1	2	MUC1		protein	increased level of Tn antigen on MUC1	breast cancer	DOID:1612	response	serum	UBERON:0001977	PubMed:37279388	In vivo testing revealed that immunization with the newly designed vaccine construct bearing the GalNAc glycocluster induced a higher titer of anti-Tn-MUC1 antibodies compared to the TACAs alone. | Additionally, the antibodies obtained bind a library of tumor-associated saccharide structures on MUC1 and MUC1-positive breast cancer cells. | The TPEaa vaccine 16 induced higher IgG antibody titers than the vaccine construct 15. | At day 47, the IgG concentration in the sera of mice immunized with 16 is over sevenfold higher than that observed in mice immunized with 15 (Figure 5B). | 14 In order to determine the ability of the induced antibodies to recognize native cancer cells, sera collected at day 47 were incubated with T47D human breast cancer cells, which are known to overexpress aberrantly glycosylated MUC1.52 Bound antibodies were labeled with a fluorescent anti-IgG secondary antibody for detection by flow cytometry.
PID:0000426_0	1	1	Tn antigen	bGSL:25e2c658-4349-5dc1-ba23-f9dbe366f1e7	glycan	altered level of Tn antigen	Cancer	DOID:162	diagnostic	human serum	UBERON:0001977	PubMed:36657889	In this study, an assay for detection of the cancer biomarker Thomsen-nouvelle (Tn) antigen on the ELISA plates format was designed and developed. | In particular, glyconanoconjugate, i.e. glycan Tn antigen conjugated to bovine serum albumin (BSA) was covalently immobilised on MBs for the bioaffinity detection of anti-Tn antibodies as cancer biomarkers. | In addition, the optimal assay configuration was highly selective and enabled reliable detection of the analyte in human serum with a recovery index in the range of 102-104%.
PID:0000516_0	1	1	Tn antigen	bGSL:25e2c658-4349-5dc1-ba23-f9dbe366f1e7	glycan	increased level of Tn antigen on MUC16	pancreatic ductal adenocarcinoma	DOID:3498	diagnostic	tissue	UBERON:0000479	PubMed:35628269	Elevated levels of Mucin-16 (MUC16) in conjunction with a high expression of truncated O-glycans is implicated in playing crucial roles in the malignancy of pancreatic ductal adenocarcinoma (PDAC). | These findings are especially noteworthy in truncated O-glycan (Tn and STn antigen)-expressing PDAC cells. | It has been previously demonstrated that truncation of mucin-type O-glycans in clinical specimens of PDAC is the result of reduced expression of Core 1 synthase (C1GalT1) and/or its molecular chaperone, COSMC (Core-1 β3 galactosyltransferase specific molecular chaperone) [26]. | Such aberrant expression of truncated O-glycan structures (Tn/STn antigen) on premalignant and malignant cells has been shown to enhance their malignant properties [13,27]. | We found that aberrant expression of Tn/STn antigens on MUC16 enhanced migratory properties of PDAC cells; however, the underlying mechanism remains elusive.
PID:0000516_0	1	2	MUC16		protein	increased level of Tn antigen on MUC16	pancreatic ductal adenocarcinoma	DOID:3498	diagnostic	tissue	UBERON:0000479	PubMed:35628269	Elevated levels of Mucin-16 (MUC16) in conjunction with a high expression of truncated O-glycans is implicated in playing crucial roles in the malignancy of pancreatic ductal adenocarcinoma (PDAC). | These findings are especially noteworthy in truncated O-glycan (Tn and STn antigen)-expressing PDAC cells. | It has been previously demonstrated that truncation of mucin-type O-glycans in clinical specimens of PDAC is the result of reduced expression of Core 1 synthase (C1GalT1) and/or its molecular chaperone, COSMC (Core-1 β3 galactosyltransferase specific molecular chaperone) [26]. | Such aberrant expression of truncated O-glycan structures (Tn/STn antigen) on premalignant and malignant cells has been shown to enhance their malignant properties [13,27]. | We found that aberrant expression of Tn/STn antigens on MUC16 enhanced migratory properties of PDAC cells; however, the underlying mechanism remains elusive.
PID:0000608_0	1	1	Tn antigen	bGSL:25e2c658-4349-5dc1-ba23-f9dbe366f1e7	glycan	increased level of Tn antigen	colorectal cancer	DOID:9256	diagnostic	tumor tissue	UBERON:0000479	PubMed:34526666	The Tn-antigen was highly expressed in breast (57%, n = 64), colorectal (51%, n = 140) and pancreatic (53%, n = 108) tumours, while STn was mainly observed in colorectal (80%, n = 140) and pancreatic (56%, n = 108) tumours.
PID:0000608_1	1	1	Tn antigen	bGSL:25e2c658-4349-5dc1-ba23-f9dbe366f1e7	glycan	increased level of Tn antigen	pancreatic cancer	DOID:1793	diagnostic	tumor tissue	UBERON:0000479	PubMed:34526666	The Tn-antigen was highly expressed in breast (57%, n = 64), colorectal (51%, n = 140) and pancreatic (53%, n = 108) tumours, while STn was mainly observed in colorectal (80%, n = 140) and pancreatic (56%, n = 108) tumours.
PID:0000608_4	1	1	Tn antigen	bGSL:25e2c658-4349-5dc1-ba23-f9dbe366f1e7	glycan	decreased level of Tn antigen	cancer	DOID:162	diagnostic	tumor tissue	UBERON:0000479	PubMed:34526666	Tn and STn expression decreased with tumour grade, but not with cancer stage.
PID:0000770_0	1	1	Tn antigen	bGSL:25e2c658-4349-5dc1-ba23-f9dbe366f1e7	glycan	increased level of Tn antigen	colorectal cancer	DOID:9256	diagnostic	whole tissue specimen	UBERON:0000479	PubMed:33260328	We observed 35.2% of non-tumor mucosa, and 45.0% of adenomas were positive for Tn antigen expression (Figure 1G). | Of the 507 CRC tissues, 189 (37.3%) were defined as Tn-negative (Tn score 0–3) and 318 (62.7%) were defined as Tn-positive (Tn score 4–24), and the latter was further classified into 277 Tn-weak (Tn score 4–15) (54.6%) and 41 Tn-strong (Tn score 16–24) (8.1%) tumors (Figure 1G).
PID:0000862_3	1	1	Tn	bGSL:25e2c658-4349-5dc1-ba23-f9dbe366f1e7	glycan	increased level of Tn on KNG1	Pancreatic cancer	DOID:1793	diagnostic	serum	UBERON:0001977	PubMed:32510927	Four cancer sera were seen to cluster on the top right side of the clustering heatmap with a relatively high intensity of Tn-glycosylated kininogen 1 (KNG1), clusterin (CLU), and complement factor H-related protein 5 (CFHR5) (Fig. 5C). | Further analysis of these six Tn-glycoproteins showed that Tn-glycosylated KNG1 elevated in cancer sera with a fold change of 3.45 and a p-value of 0.02 (Fig. 5D and Table 2). | It was found that most of the cancer sera could be separated from the control sera by ranking the intensity of Tn-glycosylated KNG1 from high to low (Fig. 5E).
PID:0000862_3	1	2	KNG1	UPKB:P07355	protein	increased level of Tn on KNG1	Pancreatic cancer	DOID:1793	diagnostic	serum	UBERON:0001977	PubMed:32510927	Four cancer sera were seen to cluster on the top right side of the clustering heatmap with a relatively high intensity of Tn-glycosylated kininogen 1 (KNG1), clusterin (CLU), and complement factor H-related protein 5 (CFHR5) (Fig. 5C). | Further analysis of these six Tn-glycoproteins showed that Tn-glycosylated KNG1 elevated in cancer sera with a fold change of 3.45 and a p-value of 0.02 (Fig. 5D and Table 2). | It was found that most of the cancer sera could be separated from the control sera by ranking the intensity of Tn-glycosylated KNG1 from high to low (Fig. 5E).
PID:0001220_0	1	1	Tn antigen	bGSL:25e2c658-4349-5dc1-ba23-f9dbe366f1e7	glycan	increased level of Tn antigen	colorectal cancer	DOID:9256	diagnostic	tissue	UBERON:0000479	PubMed:29999571	It showed that Tn antigen was detected in around 86% human primary and metastatic CRC tissues. | We observed that colonic samples in 161 of the 186 (86.6%) human CRC patients were Tn positive, where all non‐tumour tissues were Tn negative (Figure 1).
PID:0001248_0	1	1	Tn	bGSL:25e2c658-4349-5dc1-ba23-f9dbe366f1e7	glycan	increased level of Tn	colorectal cancer	DOID:9256	diagnostic	tumor tissue	UBERON:0000479	PubMed:30115016	Thirty-seven out of 39 (95%) of the tumors examined had detectable Tn antigen on the epithelial cell surface (Fig. 3a). | We observed robust cell surface STn antigen in most tumors, but rarely was it expressed in matched normal sections (Fig. 3b). | Statistical analyses of the IHC score (IS) showed significant higher levels of cell surface Tn and STn antigens in tumors (both p < 0.0001) (Table 1, Fig. 3c). | The IS for Tn expression in normal tissue was 43.85 (±12.76) compared to tumor tissue with an IS of 153.46 (±10.40). | STn expression in normal tissue was 4.87 (±2.10) compared to tumor tissue IS of 104.36 (±11.86).
PID:0001410_6	1	1	Tn antigen	bGSL:25e2c658-4349-5dc1-ba23-f9dbe366f1e7	glycan	increased level of Tn antigen	Alzheimer's disease	DOID:10652	prognostic	serum	UBERON:0001977	PubMed:28929132	These are as follows: fucose (lectin such as LTL), acetyllactosamine (lectins such as LEL, STL, and PWN), and GalNAc (lectins such as Jacalin, HPA, VVA, DBA, Calsepa, MAH, and GSL-I B4). | For example, the lectin array analysis indicated that there is an increased reactivity of the VVA lectin, which binds specifically to the Tn antigen, in the serum samples of AD patients.
PID:0001636_1	1	1	Tn	bGSL:25e2c658-4349-5dc1-ba23-f9dbe366f1e7	glycan	altered level of Tn	colorectal cancer	DOID:9256	diagnostic	serum	UBERON:0001977	PubMed:26992329	The values of AUC (Table 2, “Oncology” model) for each of the seven glycans in detecting CRC revealed the signature consisting of the four antibodies to glycans, “set of four”, namely antibodies to Tn, TF, SiaLeA, and Manβ1‐4ClcNAc, which has good predictive mutual capacity (AUC = 0.747).
PID:0001651_0	1	1	Tn antigen	bGSL:25e2c658-4349-5dc1-ba23-f9dbe366f1e7	glycan	altered level of Tn antigen	breast cancer	DOID:1612	diagnostic	bone marrow	UBERON:0002371	PubMed:27272852	We present a method for DTC detection from bone marrow samples based on immunocytochemistry, using breast cancer-associated glycosylation molecules as markers for detection and characterization. | A double immunofluorescence staining of a pan-cytokeratin (CK) marker and either Tn or O-Acetyl-GD3 was carried out in artificial and patient bone marrow samples. | The sample in which most cells stained positive for CK/Tn and CK/O-AC-GD3, was obtained from a patient who certainly had remote metastases.
PID:0001784_0	1	1	Tn antigen	bGSL:25e2c658-4349-5dc1-ba23-f9dbe366f1e7	glycan	increased level of Tn antigen on MUC1	colorectal cancer	DOID:9256	prognostic	tumor tissue	UBERON:0000479	PubMed:26172302	Using a cohort of 386 colon cancer patients we demonstrate that high MGL binding to stage III tumors is associated with poor disease-free survival, independent of microsatellite instability or adjuvant chemotherapy. | Whereas no differences in survival rates between low and high MGL binders were observed in the stage II patient population, clear differences were apparent when only stage III patients were considered, with a CRC-specific 10-year survival (CSS) rate of 89.3% for low MGL-binders versus 54.6% for high MGL-binders (p = 0.02, Table 1). | Moreover, high MGL-binding stage III patients had a higher recurrence rate than low-MGL binding patients (51% and 25% respectively), resulting in a much shorter disease free survival (DFS) for these patients (median = 32.0 months (high MGL-binders) versus 48.0 months (low MGL-binders)) (Table 1).
PID:0001784_0	1	2	MUC1		protein	increased level of Tn antigen on MUC1	colorectal cancer	DOID:9256	prognostic	tumor tissue	UBERON:0000479	PubMed:26172302	Using a cohort of 386 colon cancer patients we demonstrate that high MGL binding to stage III tumors is associated with poor disease-free survival, independent of microsatellite instability or adjuvant chemotherapy. | Whereas no differences in survival rates between low and high MGL binders were observed in the stage II patient population, clear differences were apparent when only stage III patients were considered, with a CRC-specific 10-year survival (CSS) rate of 89.3% for low MGL-binders versus 54.6% for high MGL-binders (p = 0.02, Table 1). | Moreover, high MGL-binding stage III patients had a higher recurrence rate than low-MGL binding patients (51% and 25% respectively), resulting in a much shorter disease free survival (DFS) for these patients (median = 32.0 months (high MGL-binders) versus 48.0 months (low MGL-binders)) (Table 1).
PID:0001848_0	1	1	Tn	bGSL:25e2c658-4349-5dc1-ba23-f9dbe366f1e7	glycan	altered level of Tn on MUC1	breast cancer	DOID:1612	prognostic	tissue	UBERON:0000479	PubMed:25951175	The majority of breast cancers express the Tn antigen and around 25% express STn (see Fig 3A for examples of staining). | To investigate the role of COSMC in Tn expression, 40 cases of primary breast cancer were stained with antibodies to MUC1 (HMFG2), MUC1-Tn/STn (5E5) and MUC1-T (1B9), see S1 Table for the results of the individual tumors. | All but one expressed MUC1 and, of these, all gave positive staining with 5E5 demonstrating expression of MUC1-Tn/STn. | All but two of the MUC1 expressing tumours stained with 1B9 demonstrating the presence of the T glycan on MUC1 in the same tumours that express Tn (see Fig 3B). | Although in vivo around 25% of breast carcinomas express STn, few cell lines express this glycan.
PID:0001848_0	1	2	MUC1		protein	altered level of Tn on MUC1	breast cancer	DOID:1612	prognostic	tissue	UBERON:0000479	PubMed:25951175	The majority of breast cancers express the Tn antigen and around 25% express STn (see Fig 3A for examples of staining). | To investigate the role of COSMC in Tn expression, 40 cases of primary breast cancer were stained with antibodies to MUC1 (HMFG2), MUC1-Tn/STn (5E5) and MUC1-T (1B9), see S1 Table for the results of the individual tumors. | All but one expressed MUC1 and, of these, all gave positive staining with 5E5 demonstrating expression of MUC1-Tn/STn. | All but two of the MUC1 expressing tumours stained with 1B9 demonstrating the presence of the T glycan on MUC1 in the same tumours that express Tn (see Fig 3B). | Although in vivo around 25% of breast carcinomas express STn, few cell lines express this glycan.
PID:0001929_0	1	1	Tn antigen	bGSL:25e2c658-4349-5dc1-ba23-f9dbe366f1e7	glycan	altered level of Tn antigen on IgA1	Immunoglobulin A nephropathy	DOID:2986	diagnostic	plasma	UBERON:0001969	PubMed:25071157	Prior studies suggested that serum IgA1 from IgAN patients contains aberrant, undergalactosylated O-glycans, for example, Tn antigen and its sialylated version, SialylTn (STn), but the mechanisms underlying aberrant O-glycosylation are not well understood. | Although total plasma IgA in IgAN patients was elevated ∼1.6-fold compared with that in healthy donors, IgA1 in all samples was unexpectedly separable into two distinct glycoforms: one with core 1 based O-glycans, and the other exclusively containing Tn/STn structures.
PID:0001929_0	1	2	IgA1	UPKB:A0A4P8J2A5	protein	altered level of Tn antigen on IgA1	Immunoglobulin A nephropathy	DOID:2986	diagnostic	plasma	UBERON:0001969	PubMed:25071157	Prior studies suggested that serum IgA1 from IgAN patients contains aberrant, undergalactosylated O-glycans, for example, Tn antigen and its sialylated version, SialylTn (STn), but the mechanisms underlying aberrant O-glycosylation are not well understood. | Although total plasma IgA in IgAN patients was elevated ∼1.6-fold compared with that in healthy donors, IgA1 in all samples was unexpectedly separable into two distinct glycoforms: one with core 1 based O-glycans, and the other exclusively containing Tn/STn structures.
PID:0001960_0	1	1	Tn antigen	bGSL:25e2c658-4349-5dc1-ba23-f9dbe366f1e7	glycan	altered level of Tn antigen on MUC1	Breast cancer	DOID:1612	diagnostic	Tumor tissue	UBERON:0000479	PubMed:24890740	The mucin MUC1 is overexpressed and aberrantly glycosylated by many epithelial cancer cells manifested by truncated O-linked saccharides. | MUC1 mammary tumor cells (positive for MUC1 and Tn), followed by one more boost after one week.
PID:0001960_0	1	2	MUC1	UPKB:Q02496	protein	altered level of Tn antigen on MUC1	Breast cancer	DOID:1612	diagnostic	Tumor tissue	UBERON:0000479	PubMed:24890740	The mucin MUC1 is overexpressed and aberrantly glycosylated by many epithelial cancer cells manifested by truncated O-linked saccharides. | MUC1 mammary tumor cells (positive for MUC1 and Tn), followed by one more boost after one week.
PID:0002067_1	1	1	Tn antigen	bGSL:25e2c658-4349-5dc1-ba23-f9dbe366f1e7	glycan	increased level of Tn antigen on MUC1	pancreatic ductal adenocarcinoma	DOID:3498	diagnostic	tumor tissue	UBERON:0000479	PubMed:23754791	The Tn epitope (GalNAcα1 – Thr / Ser), which contains the precursor saccharide structure that is extended by core 1 or core 3 synthases, is detected on the MUC1 tandem repeat domain (detected by 5E5 mouse monoclonal antibody) in cancer and cancer cell lines but is not seen in normal tissues. | We observed substantial reduction of Tn epitope on MUC1 in core 3 synthase expressing in FG cells compared to vector control cells (Fig. 4a). | Additional confirmatory evidence was provided by the fact that we also observed a reduction in T antigen expression in these cells upon expression of core 3 synthase (Supplemental Fig. S4).
PID:0002067_1	1	2	MUC1		protein	increased level of Tn antigen on MUC1	pancreatic ductal adenocarcinoma	DOID:3498	diagnostic	tumor tissue	UBERON:0000479	PubMed:23754791	The Tn epitope (GalNAcα1 – Thr / Ser), which contains the precursor saccharide structure that is extended by core 1 or core 3 synthases, is detected on the MUC1 tandem repeat domain (detected by 5E5 mouse monoclonal antibody) in cancer and cancer cell lines but is not seen in normal tissues. | We observed substantial reduction of Tn epitope on MUC1 in core 3 synthase expressing in FG cells compared to vector control cells (Fig. 4a). | Additional confirmatory evidence was provided by the fact that we also observed a reduction in T antigen expression in these cells upon expression of core 3 synthase (Supplemental Fig. S4).
PID:0002188_0	1	1	Tn antigen	bGSL:25e2c658-4349-5dc1-ba23-f9dbe366f1e7	glycan	increased level of Tn antigen on IGHA1	primary breast cancer	DOID:1612	diagnostic	tumour tissue	UBERON:0000479	PubMed:23637900	The Tn antigen (GalNAc alpha-O-Ser/Thr) as defined by the binding of the lectin, helix pomatia agglutinin (HPA) or anti-Tn monoclonal antibodies, is known to be exposed in a majority of cancers, and it has also been shown to correlate positively with the metastatic capacity in breast carcinoma. | One potential carrier of the Tn antigen is immunoglobulin A1 (IgA1), which we surprisingly found in tumour cells of the invasive parts of primary breast carcinoma. | Conventional immunohistochemical analysis of paraffin-embedded sections from primary breast cancers showed IgA1 to be present in the cytoplasm and plasma membrane of 35 out of 36 individual primary tumours. | The immunohistochemical staining of HPA and anti-Tn antibody (GOD3-2C4) did to some extent overlap with the presence of IgA1 in the tumours, but differences were seen in the percentage of stained cells and in the staining pattern in the different breast cancers analysed. | Anti-Tn antibody and HPA were also shown to specifically bind to a number of possible constellations of the Tn antigen in the hinge region of IgA1.
PID:0002188_0	1	2	IGHA1		protein	increased level of Tn antigen on IGHA1	primary breast cancer	DOID:1612	diagnostic	tumour tissue	UBERON:0000479	PubMed:23637900	The Tn antigen (GalNAc alpha-O-Ser/Thr) as defined by the binding of the lectin, helix pomatia agglutinin (HPA) or anti-Tn monoclonal antibodies, is known to be exposed in a majority of cancers, and it has also been shown to correlate positively with the metastatic capacity in breast carcinoma. | One potential carrier of the Tn antigen is immunoglobulin A1 (IgA1), which we surprisingly found in tumour cells of the invasive parts of primary breast carcinoma. | Conventional immunohistochemical analysis of paraffin-embedded sections from primary breast cancers showed IgA1 to be present in the cytoplasm and plasma membrane of 35 out of 36 individual primary tumours. | The immunohistochemical staining of HPA and anti-Tn antibody (GOD3-2C4) did to some extent overlap with the presence of IgA1 in the tumours, but differences were seen in the percentage of stained cells and in the staining pattern in the different breast cancers analysed. | Anti-Tn antibody and HPA were also shown to specifically bind to a number of possible constellations of the Tn antigen in the hinge region of IgA1.
PID:0002239_0	1	1	Tn antigen	bGSL:25e2c658-4349-5dc1-ba23-f9dbe366f1e7	glycan	increased level of Tn antigen	cancer	DOID:162	response	serum	UBERON:0001977	PubMed:23505965	To overcome this challenge, we show here that the display of a very weak TACA, the monomeric Tn antigen, on bacteriophage Qβ virus-like particles elicits powerful humoral responses to the carbohydrate. | Furthermore, Qβ elicited much higher levels of IgG antibodies than other types of virus like particles and the IgG antibodies produced reacted strongly with the native Tn antigens on human leukemia cells.
PID:0002322_0	1	1	Tn	bGSL:25e2c658-4349-5dc1-ba23-f9dbe366f1e7	glycan	altered level of Tn	mucinous adenocarcinoma	DOID:3030	diagnostic	tissue section	UBERON:0000479	PubMed:21883895	Tn antigen was expressed in 96% (27 of 28 cases), STn in 78% (22 of 28) and T in 68% of the cases (19 of 28) (Table 1).
PID:0003050_0	1	1	Tn	bGSL:25e2c658-4349-5dc1-ba23-f9dbe366f1e7	glycan	absence of Tn	Embryonal carcinoma	DOID:3308	diagnostic	tumor tissue	UBERON:0000479	PubMed:17694322	Neither simple mucin-type O-glycans nor GalNAc-transferase isoforms were found in undifferentiated nonseminoma, i.e. embryonal carcinoma, whereas teratomas expressed them all to some extent but in a disorganized manner.
PID:0003050_4	1	1	Tn	bGSL:25e2c658-4349-5dc1-ba23-f9dbe366f1e7	glycan	altered level of Tn	Teratoma	DOID:3307	diagnostic	tumor tissue	UBERON:0000479	PubMed:17694322	Neither simple mucin-type O-glycans nor GalNAc-transferase isoforms were found in undifferentiated nonseminoma, i.e. embryonal carcinoma, whereas teratomas expressed them all to some extent but in a disorganized manner.
PID:0003068_0	1	1	Tn-antigen	bGSL:25e2c658-4349-5dc1-ba23-f9dbe366f1e7	glycan	increased level of Tn-antigen on MUC1	colon carcinoma	DOID:1520	diagnostic	tissue	UBERON:0000479	PubMed:17195076	During malignant transformation, certain glyco-epitopes of MUC1, such as Tn-antigen, TF-antigen and their sialylated forms become exposed. | The role of these glycan structures in tumor biology is unknown, but their presence is known to correlate with poor prognosis in several adenocarcinomas. | Isolation of MUC1 out of colon carcinoma tissue showed strong binding activity to MGL. | Interestingly, MGL binding to MUC1 was highly correlated to binding by the lectin Helix pomatia agglutinin (HPA), which is associated with poor prognosis in colorectal cancer.
PID:0003068_0	1	2	MUC1		protein	increased level of Tn-antigen on MUC1	colon carcinoma	DOID:1520	diagnostic	tissue	UBERON:0000479	PubMed:17195076	During malignant transformation, certain glyco-epitopes of MUC1, such as Tn-antigen, TF-antigen and their sialylated forms become exposed. | The role of these glycan structures in tumor biology is unknown, but their presence is known to correlate with poor prognosis in several adenocarcinomas. | Isolation of MUC1 out of colon carcinoma tissue showed strong binding activity to MGL. | Interestingly, MGL binding to MUC1 was highly correlated to binding by the lectin Helix pomatia agglutinin (HPA), which is associated with poor prognosis in colorectal cancer.
PID:0003542_0	1	1	Tn antigen	bGSL:25e2c658-4349-5dc1-ba23-f9dbe366f1e7	glycan	increased level of Tn antigen on MUC1	breast cancer	DOID:1612	diagnostic	breast epithelial cells	CL:0002327	PubMed:12146959	However, in neoplastic breast tissue, the extracellular domain is underglycosylated, resulting in the exposure of a highly immunogenic core peptide epitope (PDTRP in bold above) as well as the normally cryptic core Tn (GalNAc), STn (sialyl alpha2-6 GalNAc), and TF (Gal beta1-3 GalNAc) carbohydrates. | The results of these studies showed that the B27.29 MUC1 B-cell epitope maps to two separate parts of the glycopeptide, the core peptide epitope spanning the PDTRP sequence and a second (carbohydrate) epitope comprised of the Tn moieties attached at Thr3 and Ser4.
PID:0003542_0	1	2	MUC1		protein	increased level of Tn antigen on MUC1	breast cancer	DOID:1612	diagnostic	breast epithelial cells	CL:0002327	PubMed:12146959	However, in neoplastic breast tissue, the extracellular domain is underglycosylated, resulting in the exposure of a highly immunogenic core peptide epitope (PDTRP in bold above) as well as the normally cryptic core Tn (GalNAc), STn (sialyl alpha2-6 GalNAc), and TF (Gal beta1-3 GalNAc) carbohydrates. | The results of these studies showed that the B27.29 MUC1 B-cell epitope maps to two separate parts of the glycopeptide, the core peptide epitope spanning the PDTRP sequence and a second (carbohydrate) epitope comprised of the Tn moieties attached at Thr3 and Ser4.
PID:0003791_1	1	1	Tn antigen	bGSL:25e2c658-4349-5dc1-ba23-f9dbe366f1e7	glycan	altered level of Tn antigen on MUC1	Breast cancer	DOID:1612	diagnostic	tissue section	UBERON:0000479	PubMed:10867613	Immunohistochemical staining of paraffin sections of breast and ovarian tumor tissues showed strong binding of VU-2-G7 predominantly at the cell membrane.
PID:0003791_1	1	2	MUC1		protein	altered level of Tn antigen on MUC1	Breast cancer	DOID:1612	diagnostic	tissue section	UBERON:0000479	PubMed:10867613	Immunohistochemical staining of paraffin sections of breast and ovarian tumor tissues showed strong binding of VU-2-G7 predominantly at the cell membrane.
PID:0003793_0	1	1	Tn antigen	bGSL:25e2c658-4349-5dc1-ba23-f9dbe366f1e7	glycan	increased level of Tn antigen	breast cancer	DOID:1612	susceptibility	serum	UBERON:0001977	PubMed:10842187	Tn antigen increased in serum several weeks before tumor development, and became highly positive after 56 days of carcinogenesis (prior to breast-cancer occurrence), and the levels correlated with Tn expression in mammary tissues.
PID:0003793_1	1	1	Tn antigen	bGSL:25e2c658-4349-5dc1-ba23-f9dbe366f1e7	glycan	decreased level of Tn antigen	breast cancer	DOID:1612	susceptibility	serum	UBERON:0001977	PubMed:10842187	However, during the follow-up after detection of mammary cancer, all animals displayed a significant decrease of serum Tn antigen, and low levels were observed in animals with advanced breast cancer.
PID:0004200_0	1	1	Tn antigen	bGSL:25e2c658-4349-5dc1-ba23-f9dbe366f1e7	glycan	increased level of Tn antigen	Carcinoma of the ampulla of Vater	DOID:4932	prognostic	tissue	UBERON:0000479	PubMed:8766528	DF3 antigen showed a relatively high expression rate (61%) in the carcinoma tissues, but was rarely expressed in the non‐neoplastic epithelium around the carcinomas in the region of the ampulla of Vater, Tn and sialosyl‐Tn antigens showed high expression rates in the carcinoma tissues (86% and 84% each), whereas they showed rare or no expression in the non‐neoplastic epithelium around the carcinomas, except for highly restricted expression in the duodenal villous epithelium.
PID:0004458_0	1	1	Tn antigen	bGSL:25e2c658-4349-5dc1-ba23-f9dbe366f1e7	glycan	increased level of Tn antigen	pleomorphic adenoma	DOID:452	diagnostic	tissue section	UBERON:0000479	PubMed:8389564	The immature Tn and sialosyl-Tn antigen structures were expressed in the epithelial ductular structures of the tumors, whereas they were almost absent from normal parotid tissue, indicating aberrant glycosylation with accumulation of precursor structures.
PID:0004548_0	1	1	Tn antigen	bGSL:25e2c658-4349-5dc1-ba23-f9dbe366f1e7	glycan	increased level of Tn antigen	colon cancer	DOID:219	diagnostic	tissue section	UBERON:0000479	PubMed:1281060	The three monoclonal antibodies, 10F4, 15D3a, and 91S8, stained cancers of the colon, pancreas, stomach, breast, prostate, and lung to a greater extent than corresponding normal tissues. | There was no staining of normal pancreas or breast, suggesting that these antibodies may be particularly useful for detecting cancers in these two organs. | The epitope specificity of all three monoclonal antibodies appears to be for Tn antigen, i.e. GalNAc-alpha-Ser/Thr, based on their recognition of alpha-linked GalNAc, but not T antigen, sialyl Tn, or a range of other structures.
PID:0004548_1	1	1	Tn antigen	bGSL:25e2c658-4349-5dc1-ba23-f9dbe366f1e7	glycan	increased level of Tn antigen	pancreatic cancer	DOID:1793	diagnostic	tissue section	UBERON:0000479	PubMed:1281060	The three monoclonal antibodies, 10F4, 15D3a, and 91S8, stained cancers of the colon, pancreas, stomach, breast, prostate, and lung to a greater extent than corresponding normal tissues. | There was no staining of normal pancreas or breast, suggesting that these antibodies may be particularly useful for detecting cancers in these two organs. | The epitope specificity of all three monoclonal antibodies appears to be for Tn antigen, i.e. GalNAc-alpha-Ser/Thr, based on their recognition of alpha-linked GalNAc, but not T antigen, sialyl Tn, or a range of other structures.
PID:0004548_2	1	1	Tn antigen	bGSL:25e2c658-4349-5dc1-ba23-f9dbe366f1e7	glycan	increased level of Tn antigen	stomach cancer	DOID:10534	diagnostic	tissue section	UBERON:0000479	PubMed:1281060	The three monoclonal antibodies, 10F4, 15D3a, and 91S8, stained cancers of the colon, pancreas, stomach, breast, prostate, and lung to a greater extent than corresponding normal tissues. | There was no staining of normal pancreas or breast, suggesting that these antibodies may be particularly useful for detecting cancers in these two organs. | The epitope specificity of all three monoclonal antibodies appears to be for Tn antigen, i.e. GalNAc-alpha-Ser/Thr, based on their recognition of alpha-linked GalNAc, but not T antigen, sialyl Tn, or a range of other structures.
PID:0004548_3	1	1	Tn antigen	bGSL:25e2c658-4349-5dc1-ba23-f9dbe366f1e7	glycan	increased level of Tn antigen	breast cancer	DOID:1612	diagnostic	tissue section	UBERON:0000479	PubMed:1281060	The three monoclonal antibodies, 10F4, 15D3a, and 91S8, stained cancers of the colon, pancreas, stomach, breast, prostate, and lung to a greater extent than corresponding normal tissues. | There was no staining of normal pancreas or breast, suggesting that these antibodies may be particularly useful for detecting cancers in these two organs. | The epitope specificity of all three monoclonal antibodies appears to be for Tn antigen, i.e. GalNAc-alpha-Ser/Thr, based on their recognition of alpha-linked GalNAc, but not T antigen, sialyl Tn, or a range of other structures.
PID:0004548_4	1	1	Tn antigen	bGSL:25e2c658-4349-5dc1-ba23-f9dbe366f1e7	glycan	increased level of Tn antigen	prostate cancer	DOID:10283	diagnostic	tissue section	UBERON:0000479	PubMed:1281060	The three monoclonal antibodies, 10F4, 15D3a, and 91S8, stained cancers of the colon, pancreas, stomach, breast, prostate, and lung to a greater extent than corresponding normal tissues. | There was no staining of normal pancreas or breast, suggesting that these antibodies may be particularly useful for detecting cancers in these two organs. | The epitope specificity of all three monoclonal antibodies appears to be for Tn antigen, i.e. GalNAc-alpha-Ser/Thr, based on their recognition of alpha-linked GalNAc, but not T antigen, sialyl Tn, or a range of other structures.
PID:0004548_5	1	1	Tn antigen	bGSL:25e2c658-4349-5dc1-ba23-f9dbe366f1e7	glycan	increased level of Tn antigen	lung cancer	DOID:1324	diagnostic	tissue section	UBERON:0000479	PubMed:1281060	The three monoclonal antibodies, 10F4, 15D3a, and 91S8, stained cancers of the colon, pancreas, stomach, breast, prostate, and lung to a greater extent than corresponding normal tissues. | There was no staining of normal pancreas or breast, suggesting that these antibodies may be particularly useful for detecting cancers in these two organs. | The epitope specificity of all three monoclonal antibodies appears to be for Tn antigen, i.e. GalNAc-alpha-Ser/Thr, based on their recognition of alpha-linked GalNAc, but not T antigen, sialyl Tn, or a range of other structures.
PID:0004666_2	1	1	Tn antigen	bGSL:25e2c658-4349-5dc1-ba23-f9dbe366f1e7	glycan	presence of Tn antigen	Psoriasis	DOID:8893	diagnostic	skin epidermis	UBERON:0001003	PubMed:2180441	2) The biosynthetic precursors to T structures, Tn and sialyl-Tn, which are not expressed in normal skin, and are often considered cancer-associated antigens, appeared in psoriatic skin. | The Tn-antigen was expressed on basal and lower spinous cells, whereas the sialyl-Tn was only found on basal cells above the dermal papillae.
PID:0004713_0	1	1	Tn antigen	bGSL:25e2c658-4349-5dc1-ba23-f9dbe366f1e7	glycan	increased level of Tn antigen	colon cancer	DOID:219	diagnostic	tissue section	UBERON:0000479	PubMed:2908846	In colon cancers, the percentage of cases expressing each antigen were as follows: Tn 72-81%, sialosyl-Tn 93-96%, and T 71%.
PID:0000967_2	1	1	A4F1G4S4	bGSL:2673ae25-e1f9-40bc-9262-7fb7582de459	glycan	increased level of A4F1G4S4	post-traumatic stress disorder	DOID:2055	diagnostic	plasma	UBERON:0001969	PubMed:31817821	Among these six plasma N-glycans, four (GP14 = A2G2S1, GP27 = A3G3S3, GP33 = A4G4S3, GP39 = A4F1G4S4) were significantly higher, whereas two (GP16 = FA2G2S1, GP19 = M9) were significantly lower in PTSD subjects compared to controls in both cohorts (Figure 1).
PID:0000611_0	1	1	GD3	bGSL:2a2043ea-58d4-4eb6-9cc7-26aba2edeb34	glycan	increased level of GD3	medullary thyroid carcinoma	DOID:3973	diagnostic	tumor tissue	UBERON:0000479	PubMed:34638800	The amount of acid glycosphingolipids in the MTCs was higher than in the normal thyroid glands. | The major acid glycosphingolipid was the GD3 ganglioside. | Thus, the amount of acid glycosphingolipids was substantially increased in the medullary thyroid cancers. | The major bands co-migrated with reference GD3 and GM3 gangliosides (Figure 1, lanes 5 and 6), and there was also a fast-migrating band in the sulfatide region.
PID:0000810_1	1	1	GD3	bGSL:2a2043ea-58d4-4eb6-9cc7-26aba2edeb34	glycan	increased level of GD3	malignant melanoma	DOID:1909	diagnostic	tumor tissue extract	UBERON:0000479	PubMed:32853705	Gangliosides represent an emerging class, being used as tumor markers and targets of antibody therapy in melanomas, based on their elevated abundance in melanoma, especially of GM3 and GD3, when compared with the corresponding normal tissues. | The present approach revealed the high incidence of species belonging to GD3 and GM3 classes, as well as of de-N-acetyl GM3 (d-GM3) and de-N-acetyl GD3 (d-GD3), characteristic for human melanoma.
PID:0002089_1	1	1	GD3	bGSL:2a2043ea-58d4-4eb6-9cc7-26aba2edeb34	glycan	decreased level of GD3	colorectal cancer	DOID:9256	diagnostic	tumor tissue	UBERON:0000479	PubMed:23878401	In our investigations, GD3 turned out to be one of the discriminators, which was decreased in tumor tissue and also other discriminating disialylated gangliosides were found to be decreased in tumor. | In line with this, the class comparison of disialyl GSL-glycans revealed a significant decrease in the colorectal tumor samples (Fig. 6F).
PID:0001495_0	1	1	Terminal sialylated bi-antenna complex-type N-glycan	bGSL:2af27ed8-674b-5471-adb0-e8456d8f0ea1	glycan	increased level of Terminal sialylated bi-antenna complex-type N-glycan	germ-cell tumor	DOID:2994	diagnostic	serum	UBERON:0001977	PubMed:28317343	N‐glycan levels of complex‐type glycans were significantly increased in the GCT group (Figs. | 1B, C, D, E, and F). | Terminal sialylated bi‐antennary, tri‐antennary, and tetra‐antennary complex‐type N‐glycans were selected as GCT‐related N‐glycans. | Our data showed that tri‐antennary and tetra‐antennary complex glycans with terminal sialylation were increased in GCT patients, which was similar to castration‐resistant prostate cancer.
PID:0000138_0	1	1	FA1	bGSL:2c6608d8-7cc4-4a6c-8e9e-8cbf8f4aed3a	glycan	increased level of FA1 on immunoglobulin G	gastric cancer	DOID:10534	diagnostic	serum	UBERON:0001977	PubMed:39920693	In particular, the level of agalactosylation (G0 total) progressively increased with the progression of GC relative to controls (P = 2.00E-03), a trend primarily indicated by a substantial elevation in three glycans characterized by agalactosylation (FA1, A2, and FA2) (Table S3). | Furthermore, sialylated bisection (B sialo) was elevated in the cancer group compared to the benign group (P = 4.00E-03), primarily due to changes in FA2BG1S1, A2BG1S1, FA2BG2S1, and FA2BG2S2 (Table S3).
PID:0000138_0	1	2	immunoglobulin G		protein	increased level of FA1 on immunoglobulin G	gastric cancer	DOID:10534	diagnostic	serum	UBERON:0001977	PubMed:39920693	In particular, the level of agalactosylation (G0 total) progressively increased with the progression of GC relative to controls (P = 2.00E-03), a trend primarily indicated by a substantial elevation in three glycans characterized by agalactosylation (FA1, A2, and FA2) (Table S3). | Furthermore, sialylated bisection (B sialo) was elevated in the cancer group compared to the benign group (P = 4.00E-03), primarily due to changes in FA2BG1S1, A2BG1S1, FA2BG2S1, and FA2BG2S2 (Table S3).
PID:0002401_1	1	1	SLacNAc 6SO3	bGSL:2fcd187a-07d1-4f8a-8e73-e4be32278219	glycan	increased level of SLacNAc 6SO3	hepatocellular carcinoma	DOID:684	diagnostic	serum	UBERON:0001977	PubMed:22808038	We observed that the levels of IgG against glycan numbers 4 (SLacNAc 6SO3), 15 (disialosyl galactosyl-globoside; DSGG), 18 (fucosyl GM1), 35 (Gb3), 36 (Gb2), 42 (B19), and 56 (Man7) were significantly higher in patients with HCC than in healthy individuals.
PID:0000114_4	1	1	6-sulfo Lewis X	bGSL:3069194c-d911-4030-8a98-77d45e1eb81d	glycan	increased level of 6-sulfo Lewis X	bile duct cancer	DOID:4606	diagnostic	urine	UBERON:0001088	PubMed:40128267	All the sulfated glycans showed a marked increase in pancreatic and bile duct cancer patients.
PID:0001485_3	1	1	6-sulfo Lewis X	bGSL:3069194c-d911-4030-8a98-77d45e1eb81d	glycan	increased level of 6-sulfo Lewis X	pancreatic cancer	DOID:1793	diagnostic	serum	UBERON:0001977	PubMed:28025252	All these candidates were monosulfated, and 11 were also mono- or difucosylated, and included various determinants such as 6-sulfo type2 lactosamine, 6-sulfo Lewis X, 6-sulfo Lewis Y, 3'-sulfo type1 lactosamine and 3'-sulfo Lewis A. | These analyses revealed: (i) the levels of all candidates were elevated in sera of at least one or more patients; (ii) core1 candidates having type1-type2 hybrid backbones with 6-sulfo Lewis X, 6-sulfo type2 lactosamine or 3'-sulfo Lewis A were elevated in sera of variety of patients; and (iii) levels of the candidates varied widely among patients, suggesting analysis of multiple candidates will be an effective means of screening various cancers.
PID:0000099_0	1	1	Galβ3GalNAc	bGSL:3099482e-e7ab-4fa5-9c0e-8094db143cdb	glycan	increased level of Galβ3GalNAc on IgG	systemic lupus erythematosus	DOID:9074	diagnostic	serum IgG	UBERON:0001977	PubMed:40187773	Compared to DC and HC groups, the IgG glycan level of Galβ3GalNAc (binding Jacalin (11.3%) and Maclura pomifera lectin (14.4%)) was significantly increased, whereas most IgG glycan levels were significantly decreased, including core fucose, high mannose, GlcNAc, GalNAc and Galβ4GlcNAc in the SLE group (all p<0.05). | Looking into differences of each subgroup compared with HC (with no difference between WMOI vs HC), the glycan levels of lgG galactose (binding GSL I-B4 and PNA (13.3% and 28.3%)), Galβ3GalNAc (binding MPL) were significantly higher in NPSLE and LN vs HC, while IgG core fucose (binding PSA) and Galβ4GlcNAc (binding PHA-E) levels were significantly reduced within NPSLE versus HC.
PID:0000099_0	1	2	IgG		protein	increased level of Galβ3GalNAc on IgG	systemic lupus erythematosus	DOID:9074	diagnostic	serum IgG	UBERON:0001977	PubMed:40187773	Compared to DC and HC groups, the IgG glycan level of Galβ3GalNAc (binding Jacalin (11.3%) and Maclura pomifera lectin (14.4%)) was significantly increased, whereas most IgG glycan levels were significantly decreased, including core fucose, high mannose, GlcNAc, GalNAc and Galβ4GlcNAc in the SLE group (all p<0.05). | Looking into differences of each subgroup compared with HC (with no difference between WMOI vs HC), the glycan levels of lgG galactose (binding GSL I-B4 and PNA (13.3% and 28.3%)), Galβ3GalNAc (binding MPL) were significantly higher in NPSLE and LN vs HC, while IgG core fucose (binding PSA) and Galβ4GlcNAc (binding PHA-E) levels were significantly reduced within NPSLE versus HC.
PID:0000099_7	1	1	Galβ3GalNAc	bGSL:3099482e-e7ab-4fa5-9c0e-8094db143cdb	glycan	increased level of Galβ3GalNAc on IgG	lupus nephritis	DOID:0080162	diagnostic	serum IgG	UBERON:0001977	PubMed:40187773	Looking into differences of each subgroup compared with HC (with no difference between WMOI vs HC), the glycan levels of lgG galactose (binding GSL I-B4 and PNA (13.3% and 28.3%)), Galβ3GalNAc (binding MPL) were significantly higher in NPSLE and LN vs HC, while IgG core fucose (binding PSA) and Galβ4GlcNAc (binding PHA-E) levels were significantly reduced within NPSLE versus HC.
PID:0000099_7	1	2	IgG		protein	increased level of Galβ3GalNAc on IgG	lupus nephritis	DOID:0080162	diagnostic	serum IgG	UBERON:0001977	PubMed:40187773	Looking into differences of each subgroup compared with HC (with no difference between WMOI vs HC), the glycan levels of lgG galactose (binding GSL I-B4 and PNA (13.3% and 28.3%)), Galβ3GalNAc (binding MPL) were significantly higher in NPSLE and LN vs HC, while IgG core fucose (binding PSA) and Galβ4GlcNAc (binding PHA-E) levels were significantly reduced within NPSLE versus HC.
PID:0000047_0	1	1	sialyl Lewis X	bGSL:32e928fb-1550-5e0a-945f-2218ac79b83c	glycan	increased level of sialyl Lewis X on Alpha-1-Antichymotrypsin	gastric cancer	DOID:10534	diagnostic	serum	UBERON:0001977	PubMed:40659630	Interestingly, we found that among the four site-specific glycans, one was capped with sialyl-Lewis structures (P01011-N127-H7N6S2F2). | Additionally, its expression was upregulated in GC compared to HCs (Supplementary Figs. 22 and 23), aligning with the known biological relevance of the sialyl-Lewis structure in cancer progression.
PID:0000047_0	1	2	Alpha-1-Antichymotrypsin	UPKB:P01084	protein	increased level of sialyl Lewis X on Alpha-1-Antichymotrypsin	gastric cancer	DOID:10534	diagnostic	serum	UBERON:0001977	PubMed:40659630	Interestingly, we found that among the four site-specific glycans, one was capped with sialyl-Lewis structures (P01011-N127-H7N6S2F2). | Additionally, its expression was upregulated in GC compared to HCs (Supplementary Figs. 22 and 23), aligning with the known biological relevance of the sialyl-Lewis structure in cancer progression.
PID:0000679_0	1	1	sialyl Lewis X	bGSL:32e928fb-1550-5e0a-945f-2218ac79b83c	glycan	increased level of sialyl Lewis X	pancreatic cancer	DOID:1793	diagnostic	urine	UBERON:0001088	PubMed:33135073	Lewis X-core glycans with extension of 6-sulfo-Lewis X and sialyl Lewis X (#67 and #98) displayed increased levels in some pancreatic cancer and cholangiocarcinoma patients.
PID:0000679_1	1	1	sialyl Lewis X	bGSL:32e928fb-1550-5e0a-945f-2218ac79b83c	glycan	increased level of sialyl Lewis X	cholangiocarcinoma	DOID:4947	diagnostic	urine	UBERON:0001088	PubMed:33135073	Lewis X-core glycans with extension of 6-sulfo-Lewis X and sialyl Lewis X (#67 and #98) displayed increased levels in some pancreatic cancer and cholangiocarcinoma patients.
PID:0000787_3	1	1	sialyl Lewis X	bGSL:32e928fb-1550-5e0a-945f-2218ac79b83c	glycan	increased level of sialyl Lewis X	pancreatic ductal adenocarcinoma	DOID:3498	diagnostic	serum	UBERON:0001977	PubMed:32898301	The combination of α 2,3‐linked sialylation with fucosylation suggests the formation of sialyl‐Lewis X (sLex) moieties. | The increase of sLex expression has been reported with regard to pancreatic cancer.
PID:0000840_1	1	1	sialyl Lewis x	bGSL:32e928fb-1550-5e0a-945f-2218ac79b83c	glycan	presence of sialyl Lewis x	tuberculosis	DOID:399	diagnostic	lung	UBERON:0002048	PubMed:32203062	Lastly, we examined lungs of TB patients for the presence of sLex antigens. | TB patients (Table 2) were enrolled in a study in Georgia and underwent lung surgery as a therapeutic option, after antibiotherapy failure. | 27 Independently of the patient’s gender and Mtb drug susceptibility profile, lung sLex expression was detected in epithelial and immune cells (Fig. 5c and Fig. S5).
PID:0000993_0	1	1	sialyl Lewis x	bGSL:32e928fb-1550-5e0a-945f-2218ac79b83c	glycan	increased level of sialyl Lewis x	non-small cell lung cancer	DOID:3908	prognostic	tumour tissue	UBERON:0000479	PubMed:31793656	Immunoblotting and immunohisto-chemistry assays demonstrated that tumour tissues exhibited significantly stronger reactivity with anti-sLex/sLea antibody and E-selectin chimera than normal tissues (2.2- and 1.8-fold higher, respectively), as well as a higher immunoreactive score. | Additionally, carcinoembryonic antigen (CEA) was identified in only 8 of the 18 tumour tissues; CEA-positive tissues exhibited significantly increased sLex/sLea expression. | In conclusion, this work provides the first demonstration that sLex/sLea are increased in primary NSCLC due to increased α1,3-FUT activity. sLex/sLea is carried by CEA and confers the ability for NSCLC cells to bind E-selectins, and is potentially associated with bone metastasis. | Immunoblotting revealed that all tissues showed reactivity with HECA-452 mAb and E-Ig, which was significantly higher (2.2- and 1.8-fold) in tumour samples compared with matched normal samples (Fig. 2A and B). | These results suggested that sLex/sLea antigens and E-selectin ligands in NSCLC exhibit increased expression in tumour tissues compared with normal tissues.
PID:0000993_4	1	1	sialyl Lewis x	bGSL:32e928fb-1550-5e0a-945f-2218ac79b83c	glycan	increased level of sialyl Lewis x	non-small cell lung cancer	DOID:3908	prognostic	tumour tissue	UBERON:0000479	PubMed:31793656	In conclusion, this work provides the first demonstration that sLex/sLea are increased in primary NSCLC due to increased α1,3-FUT activity. sLex/sLea is carried by CEA and confers the ability for NSCLC cells to bind E-selectins, and is potentially associated with bone metastasis. | Considering the expression of sLex/sLea in tumour and normal tissue, it was found that patients who developed bone metastasis had a higher tumour/normal (T/N) ratio compared with patients who developed metastasis in other sites (P<0.05; Table I). | The highest sLex/sLea levels were detected in the primary tissues of patients with bone metastasis, hinting that these antigens may promote metastasis to this site.
PID:0001010_0	1	1	sialyl Lewis x	bGSL:32e928fb-1550-5e0a-945f-2218ac79b83c	glycan	decreased level of sialyl Lewis x on MUC7	burning mouth syndrome	DOID:4331	diagnostic	saliva	UBERON:0001836	PubMed:31414088	However, oligosaccharides sialyl-Lewisx (Si-Lex) was found to be reduced in samples from BMS patients. | The results furthermore indicate that reduced sialylation of MUC7, particularly Si-Lex, may be an important feature in patients with BMS.
PID:0001010_0	1	2	MUC7		protein	decreased level of sialyl Lewis x on MUC7	burning mouth syndrome	DOID:4331	diagnostic	saliva	UBERON:0001836	PubMed:31414088	However, oligosaccharides sialyl-Lewisx (Si-Lex) was found to be reduced in samples from BMS patients. | The results furthermore indicate that reduced sialylation of MUC7, particularly Si-Lex, may be an important feature in patients with BMS.
PID:0001088_2	1	1	sialyl-Lewis X (sLeX)	bGSL:32e928fb-1550-5e0a-945f-2218ac79b83c	glycan	increased level of sialyl-Lewis X (sLeX)	pancreatic ductal adenocarcinoma	DOID:3498	diagnostic	plasma	UBERON:0001969	PubMed:30617132	Some pancreatic cancers have upregulated tumor expression of an isomer of sLeA called sialyl Lewis X (sLeX; ref. | 33), which we (5, 6) and others (34) found elevated in the circulation of many patients with pancreatic cancer.
PID:0001293_0	1	1	sialyl Lewis x	bGSL:32e928fb-1550-5e0a-945f-2218ac79b83c	glycan	altered level of sialyl Lewis x on MUC1	pancreatic ductal adenocarcinoma	DOID:3498	diagnostic	tumor tissue	UBERON:0000479	PubMed:29408556	We have analysed the tumour-associated carbohydrate antigens sialyl-Lewis x (SLe<sup>x</sup>) and sialyl-Tn (STn) on MUC1 and MUC5AC in PDAC tissues. | MUC1-SLe<sup>x</sup> and MUC5AC-SLe<sup>x</sup> were found in 68% and 84% respectively, of the mucin expressing PDAC tissues, while STn hardly colocalized with any of the evaluated mucins.
PID:0001293_0	1	2	MUC1		protein	altered level of sialyl Lewis x on MUC1	pancreatic ductal adenocarcinoma	DOID:3498	diagnostic	tumor tissue	UBERON:0000479	PubMed:29408556	We have analysed the tumour-associated carbohydrate antigens sialyl-Lewis x (SLe<sup>x</sup>) and sialyl-Tn (STn) on MUC1 and MUC5AC in PDAC tissues. | MUC1-SLe<sup>x</sup> and MUC5AC-SLe<sup>x</sup> were found in 68% and 84% respectively, of the mucin expressing PDAC tissues, while STn hardly colocalized with any of the evaluated mucins.
PID:0001365_0	1	1	sialyl Lewis X	bGSL:32e928fb-1550-5e0a-945f-2218ac79b83c	glycan	increased level of sialyl Lewis X	pancreatic cancer	DOID:1793	diagnostic	serum	UBERON:0001977	PubMed:29232830	Another study using a specific anti-sialyl Lewis X antibody and N-glycan sequencing suggested increased N-glycan branching and increased sialyl Lewis X content on several acute-phase proteins [29]. | This was proposed to be associated with an inflammatory response, being observable in both the PDAC and pancreatitis groups, whereas an increase in core fucosylation appeared to be cancer-specific.
PID:0001516_0	1	1	sialyl Lewis X	bGSL:32e928fb-1550-5e0a-945f-2218ac79b83c	glycan	increased level of sialyl Lewis X on haptoglobin	gastric cancer	DOID:10534	diagnostic	serum	UBERON:0001977	PubMed:28052004	In GC, a previous study showed the increased level of SLex in serum Hp based on western blotting analysis with anti-SLex antibody [38]. | Furthermore, our previous study showed that aberrant glycan structures of fucosylation linked to SLex epitope in GC that was revealed by N-glycan profiling base on LC-MS analysis [8].
PID:0001516_0	1	2	haptoglobin	UPKB:P00738	protein	increased level of sialyl Lewis X on haptoglobin	gastric cancer	DOID:10534	diagnostic	serum	UBERON:0001977	PubMed:28052004	In GC, a previous study showed the increased level of SLex in serum Hp based on western blotting analysis with anti-SLex antibody [38]. | Furthermore, our previous study showed that aberrant glycan structures of fucosylation linked to SLex epitope in GC that was revealed by N-glycan profiling base on LC-MS analysis [8].
PID:0001623_0	1	1	sialyl Lewis X	bGSL:32e928fb-1550-5e0a-945f-2218ac79b83c	glycan	increased level of sialyl Lewis X	gastric carcinoma	DOID:5517	diagnostic	tumor tissue	UBERON:0000479	PubMed:26721331	SLe(X) overexpression is associated with tumor aggressive phenotype and patients' poor prognosis. | Further analysis of RON confirmed its modification with SLe(X) and the concomitant activation. | SLe(X) and RON co-expression was validated in gastric tumors.
PID:0001640_0	1	1	sialyl-Lewisx	bGSL:32e928fb-1550-5e0a-945f-2218ac79b83c	glycan	increased level of sialyl-Lewisx	cystic fibrosis	DOID:1485	response	airway epithelial cells	CL:0002368	PubMed:26555707	We found pyocyanin (PCN) to be a potent inducer of sialyl-Lewisx in both mouse airways and in primary and immortalized CF and non-CF human airway epithelial cells.
PID:0001795_3	1	1	sialyl Lewis x	bGSL:32e928fb-1550-5e0a-945f-2218ac79b83c	glycan	altered level of sialyl Lewis x	pancreatic ductal adenocarcinoma	DOID:3498	diagnostic	tissue	UBERON:0000479	PubMed:25934648	Most PDAC tissues stained for SLe(x) and SLe(a) and tended to be expressed in the tumor samples with a higher presence of inflammatory immune cells.
PID:0001850_1	1	1	sialyl-Lewis X	bGSL:32e928fb-1550-5e0a-945f-2218ac79b83c	glycan	increased level of sialyl-Lewis X	pancreatic cancer	DOID:1793	diagnostic	plasma	UBERON:0001969	PubMed:25733690	We used a method called motif profiling to predict that a structural isomer of sLeA called sialyl-Lewis X (sLeX) is elevated in the plasma of some sLeA-low cancers. | An antibody sandwich assay formed by the capture and detection of sLeX was elevated in 13 of 69 cancers that were not elevated in sLeA, and a novel hybrid assay of sLeA capture and sLeX detected 24 of 69 sLeA-low cancers.
PID:0001872_0	1	1	sialyl Lewis X	bGSL:32e928fb-1550-5e0a-945f-2218ac79b83c	glycan	increased level of sialyl Lewis X on ceruloplasmin	pancreatic adenocarcinoma	DOID:4074	diagnostic	serum	UBERON:0001977	PubMed:25595436	N-glycan sequencing of CP confirmed the increase of sLe(x) levels in CP in PDAC patients. | The sLe(x)/CP ratio tended to be higher for the PDAC group, which altogether suggests that the sLe(x)/CP ratio could be a useful biomarker for PDAC.
PID:0001872_0	1	2	ceruloplasmin		protein	increased level of sialyl Lewis X on ceruloplasmin	pancreatic adenocarcinoma	DOID:4074	diagnostic	serum	UBERON:0001977	PubMed:25595436	N-glycan sequencing of CP confirmed the increase of sLe(x) levels in CP in PDAC patients. | The sLe(x)/CP ratio tended to be higher for the PDAC group, which altogether suggests that the sLe(x)/CP ratio could be a useful biomarker for PDAC.
PID:0002200_0	1	1	sialyl-Lewis X	bGSL:32e928fb-1550-5e0a-945f-2218ac79b83c	glycan	increased level of sialyl-Lewis X on gC-1	Herpes simplex virus type 1 infection	DOID:8566	diagnostic	human diploid fibroblasts	CL:0000057	PubMed:23030500	Several herpesviruses induce expression of the selectin receptor sialyl-Lewis X (sLe(x) ) by activating transcription of one or more of silent host FUT genes, each one encoding a fucosyltransferase that catalyses the rate-limiting step of sLe(x) synthesis. | Cells infected with all tested HSV-1 strains analysed demonstrated bright sLe(x) fluorescence, except for two mutant viruses that were unable to induce proper expression of viral glycoprotein gC-1: One gC-1 null mutant and another mutant expressing gC-1 devoid of its major O-glycan-containing region (aa 33-116).
PID:0002200_0	1	2	gC-1		protein	increased level of sialyl-Lewis X on gC-1	Herpes simplex virus type 1 infection	DOID:8566	diagnostic	human diploid fibroblasts	CL:0000057	PubMed:23030500	Several herpesviruses induce expression of the selectin receptor sialyl-Lewis X (sLe(x) ) by activating transcription of one or more of silent host FUT genes, each one encoding a fucosyltransferase that catalyses the rate-limiting step of sLe(x) synthesis. | Cells infected with all tested HSV-1 strains analysed demonstrated bright sLe(x) fluorescence, except for two mutant viruses that were unable to induce proper expression of viral glycoprotein gC-1: One gC-1 null mutant and another mutant expressing gC-1 devoid of its major O-glycan-containing region (aa 33-116).
PID:0002225_2	1	1	sialyl Lewis X	bGSL:32e928fb-1550-5e0a-945f-2218ac79b83c	glycan	increased level of sialyl Lewis X	Renal Cancer	DOID:263	diagnostic	Tumor Tissue	UBERON:0000479	PubMed:23772422	The sialic acid linked α 2-6 and sialyl Lewisx structures were significantly increased in cancerous cells when compared to normal and intermediate renal tissue.
PID:0002278_1	1	1	sialyl LewisX	bGSL:32e928fb-1550-5e0a-945f-2218ac79b83c	glycan	decreased level of sialyl LewisX	ovarian cancer	DOID:2394	response	primary human microvascular endothelial cells	CL:2000008	PubMed:22333033	L-ASP treatment significantly reduced surface sLex expression in HMVEC and HEYA8 cells measured by flow cytometry (Fig. 5A; P ≤ 0.02 and <0.002 respectively).
PID:0002322_4	1	1	SLex	bGSL:32e928fb-1550-5e0a-945f-2218ac79b83c	glycan	altered level of SLex	mucinous adenocarcinoma	DOID:3030	diagnostic	tissue section	UBERON:0000479	PubMed:21883895	SLea was expressed in 64% (18 of 28 cases) and SLex in 96% of the cases (27 of 28) (Table 1).
PID:0002413_0	1	1	sialyl-Lewis x	bGSL:32e928fb-1550-5e0a-945f-2218ac79b83c	glycan	increased level of sialyl-Lewis x	estrogen receptor negative breast cancer	DOID:0060076	prognostic	tissue microarray	UBERON:0000479	PubMed:22025563	SLex expression was found to be significantly associated with ER-negative status, confirming the prediction made from the glyco-gene expression data.
PID:0002519_0	1	1	Sialyl Lewis X	bGSL:32e928fb-1550-5e0a-945f-2218ac79b83c	glycan	increased level of Sialyl Lewis X	lung cancer	DOID:1324	diagnostic	serum	UBERON:0001977	PubMed:21214223	Increases were detected in glycans containing Sialyl Lewis X, monoantennary glycans, highly sialylated glycans and decreases were observed in core-fucosylated biantennary glycans, with some being detectable as early as in Stage I.
PID:0002532_0	1	1	sialyl Lewis X	bGSL:32e928fb-1550-5e0a-945f-2218ac79b83c	glycan	increased level of sialyl Lewis X	stomach cancer	DOID:10534	diagnostic	serum	UBERON:0001977	PubMed:21142185	Glycomic analysis of the total and immunoaffinity depleted serum revealed statistically significant increases in the levels of sialyl Lewis X epitopes (SLe(X)) present on triantennary glycans accompanied by increased levels of core fucosylated agalactosyl biantennary glycans present on IgG (referred to as the IgG G0 glycoform) which are associated with increasing disease pathogenesis.
PID:0002703_0	1	1	sialyl Lewis X	bGSL:32e928fb-1550-5e0a-945f-2218ac79b83c	glycan	increased level of sialyl Lewis X on α-1-acid glycoprotein	pancreatic cancer	DOID:1793	diagnostic	serum	UBERON:0001977	PubMed:21137062	Increased levels of sialyl Lewis X (SLe(x) ) were detected on AGP in advanced PaC and CP and on HPT, FET, AT and TRF in CP.
PID:0002703_0	1	2	α-1-acid glycoprotein	UPKB:P02763	protein	increased level of sialyl Lewis X on α-1-acid glycoprotein	pancreatic cancer	DOID:1793	diagnostic	serum	UBERON:0001977	PubMed:21137062	Increased levels of sialyl Lewis X (SLe(x) ) were detected on AGP in advanced PaC and CP and on HPT, FET, AT and TRF in CP.
PID:0002704_0	1	1	sialyl Lewis X	bGSL:32e928fb-1550-5e0a-945f-2218ac79b83c	glycan	decreased level of sialyl Lewis X on EGFR	asthma	DOID:2841	diagnostic	airway epithelium	UBERON:0004802	PubMed:20447077	An immunohistochemical analysis of human normal and asthmatic airways showed a significant reduction in sLe(x) and tyrosine-phosphorylated EGFR (pY(845)-EGFR) in the epithelium of asthmatic subjects compared with that of normal subjects.
PID:0002704_0	1	2	EGFR		protein	decreased level of sialyl Lewis X on EGFR	asthma	DOID:2841	diagnostic	airway epithelium	UBERON:0004802	PubMed:20447077	An immunohistochemical analysis of human normal and asthmatic airways showed a significant reduction in sLe(x) and tyrosine-phosphorylated EGFR (pY(845)-EGFR) in the epithelium of asthmatic subjects compared with that of normal subjects.
PID:0003210_1	1	1	sialyl Lewis x	bGSL:32e928fb-1550-5e0a-945f-2218ac79b83c	glycan	increased level of sialyl Lewis x	prostate cancer	DOID:10283	diagnostic	serum total glycoproteins	UBERON:0001977	PubMed:16177264	By comparing the glycans released from the total glycoproteins in PCa patient serum with those of normal serum we found an increase in the proportion of sialyl-Lewis x structures.
PID:0003722_2	1	1	sialyl-Lewis X	bGSL:32e928fb-1550-5e0a-945f-2218ac79b83c	glycan	increased level of sialyl-Lewis X on MUC5B	cystic fibrosis	DOID:1485	diagnostic	saliva	UBERON:0001836	PubMed:11845304	These shift to a 2-->3 linkage of sialic acid, and with increased fucosylation this promotes the formation of sialyl-Lewis X antigen detected on CF mucins in our study.
PID:0003722_2	1	2	MUC5B	UPKB:O00446	protein	increased level of sialyl-Lewis X on MUC5B	cystic fibrosis	DOID:1485	diagnostic	saliva	UBERON:0001836	PubMed:11845304	These shift to a 2-->3 linkage of sialic acid, and with increased fucosylation this promotes the formation of sialyl-Lewis X antigen detected on CF mucins in our study.
PID:0004624_0	1	1	sialyl Lewis x	bGSL:32e928fb-1550-5e0a-945f-2218ac79b83c	glycan	increased level of sialyl Lewis x	lung adenocarcinoma	DOID:3910	diagnostic	tumor tissue	UBERON:0000479	PubMed:1675497	Higher expression was seen in the 54 lung adenocarcinomas: SLEX in 72%, Le(x) in 48%, SLEA in 39%, and Le(a) in 24%.
PID:0001978_2	1	1	mono-fucosylated tetraantennary N-glycan	bGSL:342db817-3a0f-4608-88db-c774f6cb9525	glycan	increased level of mono-fucosylated tetraantennary N-glycan on haptoglobin	hepatocellular carcinoma	DOID:684	diagnostic	serum	UBERON:0001977	PubMed:24807840	The monofucosylated tetra-antennary N-glycan was significantly increased in serum Hp of HCC induced by HBV infection, which can discriminate HBV-related HCC from HBV-related cirrhosis (p < 0.001).
PID:0001978_2	1	2	haptoglobin	UPKB:P00738	protein	increased level of mono-fucosylated tetraantennary N-glycan on haptoglobin	hepatocellular carcinoma	DOID:684	diagnostic	serum	UBERON:0001977	PubMed:24807840	The monofucosylated tetra-antennary N-glycan was significantly increased in serum Hp of HCC induced by HBV infection, which can discriminate HBV-related HCC from HBV-related cirrhosis (p < 0.001).
PID:0002505_5	1	1	tetra-antennary fucosylated glycans	bGSL:342db817-3a0f-4608-88db-c774f6cb9525	glycan	increased level of tetra-antennary fucosylated glycans on haptoglobin	pancreatic cancer	DOID:1793	diagnostic	serum	UBERON:0001977	PubMed:21417406	Both the fucosylated tri-antennary (m/z 2693.45) and tetra-antennary (m/z 3142.59) glycans were elevated in pancreatic cancer.
PID:0002505_5	1	2	haptoglobin	UPKB:P00738	protein	increased level of tetra-antennary fucosylated glycans on haptoglobin	pancreatic cancer	DOID:1793	diagnostic	serum	UBERON:0001977	PubMed:21417406	Both the fucosylated tri-antennary (m/z 2693.45) and tetra-antennary (m/z 3142.59) glycans were elevated in pancreatic cancer.
PID:0002505_6	1	1	tetra-antennary fucosylated glycans	bGSL:342db817-3a0f-4608-88db-c774f6cb9525	glycan	presence of tetra-antennary fucosylated glycans on haptoglobin	pancreatic cancer	DOID:1793	diagnostic	serum	UBERON:0001977	PubMed:21417406	The most striking finding was that bifucosylated tri-antennary (m/z 2867.46) and tetra-antenary (m/z 3316.60) glycans were present in 12 of 16 pancreatic cancer samples but never in non-cancerous samples.
PID:0002505_6	1	2	haptoglobin	UPKB:P00738	protein	presence of tetra-antennary fucosylated glycans on haptoglobin	pancreatic cancer	DOID:1793	diagnostic	serum	UBERON:0001977	PubMed:21417406	The most striking finding was that bifucosylated tri-antennary (m/z 2867.46) and tetra-antenary (m/z 3316.60) glycans were present in 12 of 16 pancreatic cancer samples but never in non-cancerous samples.
PID:0000717_3	1	1	GM1	bGSL:3aa27544-ba80-5023-b104-e0747c328c0c	glycan	decreased level of GM1	Atherosclerosis	DOID:1936	response	Plasma	UBERON:0001969	PubMed:33554615	The ganglioside composition was similar for Apoe−/−, Apoe−/− Neu3−/−, and Apoe−/− Neu4−/− mice, but the serum from Apoe−/− CathAS190A‐Neo mice showed reduced levels of both the major Neu5Gc‐GM2 and minor GM1, GA2, and GM3 gangliosides (Figure 5D).
PID:0001621_3	1	1	GM1	bGSL:3aa27544-ba80-5023-b104-e0747c328c0c	glycan	altered level of GM1	Alzheimer's disease	DOID:10652	diagnostic	serum	UBERON:0001977	PubMed:26968461	In addition, the levels of some gangliosides such as GM1, GM2 and GM3 appeared to alter in the AD patient brain and serum samples when compared with the normal control groups.
PID:0000790_0	1	1	chondroitin sulfate	bGSL:3d250b8c-6c0f-5d52-9fd3-1a58a7660e1d	glycan	altered level of chondroitin sulfate on bikunin	TMEM165-CDG	DOID:0070263	diagnostic	serum	UBERON:0001977	PubMed:32700771	In particular, genetic deficiencies in V-ATPase (ATP6V0A2-CDG, CCDC115-CDG, ATP6AP1-CDG), in Golgi manganese homeostasis (TMEM165-CDG) and in the N-acetyl-glucosamine Golgi transport (SLC35A3-CDG) all share specific abnormal Bkn patterns. | We previously showed that the Western-blot analysis of the light forms could allow the fast and easy detection of patients with linkeropathy, deficient in enzymes involved in the synthesis of the initial common tetrasaccharide linker of glycosaminoglycans.
PID:0000790_0	1	2	bikunin		protein	altered level of chondroitin sulfate on bikunin	TMEM165-CDG	DOID:0070263	diagnostic	serum	UBERON:0001977	PubMed:32700771	In particular, genetic deficiencies in V-ATPase (ATP6V0A2-CDG, CCDC115-CDG, ATP6AP1-CDG), in Golgi manganese homeostasis (TMEM165-CDG) and in the N-acetyl-glucosamine Golgi transport (SLC35A3-CDG) all share specific abnormal Bkn patterns. | We previously showed that the Western-blot analysis of the light forms could allow the fast and easy detection of patients with linkeropathy, deficient in enzymes involved in the synthesis of the initial common tetrasaccharide linker of glycosaminoglycans.
PID:0002007_0	1	1	chondroitin sulfate	bGSL:3d250b8c-6c0f-5d52-9fd3-1a58a7660e1d	glycan	decreased level of chondroitin sulfate	Colon cancer	DOID:219	diagnostic	tissue	UBERON:0000479	PubMed:24502776	In cancer tissue, the total amount of chondroitin sulfate (CS)/dermatan sulfate and heparan sulfate were lower and, interestingly, the level of disaccharide units of both 4S6S (CS-E) and 6S (CS-C) were higher compared to normal tissue.
PID:0003689_1	1	1	chondroitin sulfate	bGSL:3d250b8c-6c0f-5d52-9fd3-1a58a7660e1d	glycan	altered level of chondroitin sulfate	Merkel cell carcinoma	DOID:3965	diagnostic	tissue section	UBERON:0000479	PubMed:11260248	Antibodies against chondroitin type glycosaminoglycans reacted with the tumor stroma and the pericellular substance around the tumor cells most intensely in - and around the major tumor septae which, in general, were well vascularized.
PID:0000412_7	1	1	FA2[6]BG1	bGSL:3d27094e-0b90-4890-b1f5-8c62d12603fb	glycan	decreased level of FA2[6]BG1	atrial fibrillation	DOID:0060224	diagnostic	IgG	UBERON:0000178	PubMed:37189353	In addition, in the IgG N-glycomes, IGP5 (Man5), IGP9 (FA2[3]G1), IGP20 (structure not determined), and IGP21 (A2G2S2) were more abundant in the AF patients compared to the controls, while the opposite was observed for IGP6 (FA2B), IGP10 (FA2[6]BG1), and the bisecting structures.
PID:0000717_5	1	1	GM3	bGSL:40982fbc-1026-5333-acdb-aafdf94892be	glycan	decreased level of GM3	Atherosclerosis	DOID:1936	response	Plasma	UBERON:0001969	PubMed:33554615	The ganglioside composition was similar for Apoe−/−, Apoe−/− Neu3−/−, and Apoe−/− Neu4−/− mice, but the serum from Apoe−/− CathAS190A‐Neo mice showed reduced levels of both the major Neu5Gc‐GM2 and minor GM1, GA2, and GM3 gangliosides (Figure 5D).
PID:0000810_0	1	1	GM3	bGSL:40982fbc-1026-5333-acdb-aafdf94892be	glycan	increased level of GM3	malignant melanoma	DOID:1909	diagnostic	tumor tissue extract	UBERON:0000479	PubMed:32853705	Gangliosides represent an emerging class, being used as tumor markers and targets of antibody therapy in melanomas, based on their elevated abundance in melanoma, especially of GM3 and GD3, when compared with the corresponding normal tissues. | The present approach revealed the high incidence of species belonging to GD3 and GM3 classes, as well as of de-N-acetyl GM3 (d-GM3) and de-N-acetyl GD3 (d-GD3), characteristic for human melanoma.
PID:0000011_1	1	1	Lewis B antigen	bGSL:4327ef94-5fff-5d27-8f23-207afe82a8d1	glycan	increased level of Lewis B antigen	Colorectal cancer	DOID:9256	diagnostic	urine	UBERON:0001088	PubMed:41023053	To investigate its clinical usefulness, the level of this free-glycan in the urine of 121 healthy subjects, 141 gastric cancer patients, 87 colorectal cancer patients, 55 pancreatic cancer patients, 13 bile duct cancer patients and 79 rare cancer patients were measured using a liquid chromatography-selected reaction monitoring assay. | Significant differences were detected in cancer patient samples compared to healthy controls, with a marked increase in some rare-types of cancer patient samples, such as AFP-producing gastric cancer.
PID:0000011_2	1	1	Lewis B antigen	bGSL:4327ef94-5fff-5d27-8f23-207afe82a8d1	glycan	increased level of Lewis B antigen	gastric cancer	DOID:10534	diagnostic	urine	UBERON:0001088	PubMed:41023053	To investigate its clinical usefulness, the level of this free-glycan in the urine of 121 healthy subjects, 141 gastric cancer patients, 87 colorectal cancer patients, 55 pancreatic cancer patients, 13 bile duct cancer patients and 79 rare cancer patients were measured using a liquid chromatography-selected reaction monitoring assay. | Significant differences were detected in cancer patient samples compared to healthy controls, with a marked increase in some rare-types of cancer patient samples, such as AFP-producing gastric cancer.
PID:0000011_4	1	1	Lewis B antigen	bGSL:4327ef94-5fff-5d27-8f23-207afe82a8d1	glycan	increased level of Lewis B antigen	pancreatic cancer	DOID:1793	diagnostic	urine	UBERON:0001088	PubMed:41023053	To investigate its clinical usefulness, the level of this free-glycan in the urine of 121 healthy subjects, 141 gastric cancer patients, 87 colorectal cancer patients, 55 pancreatic cancer patients, 13 bile duct cancer patients and 79 rare cancer patients were measured using a liquid chromatography-selected reaction monitoring assay. | Significant differences were detected in cancer patient samples compared to healthy controls, with a marked increase in some rare-types of cancer patient samples, such as AFP-producing gastric cancer.
PID:0000121_0	1	1	fucosylated glycans	bGSL:48b33e4c-bedf-5af1-ba2a-8730ba59a999	glycan	decreased level of fucosylated glycans	Alzheimer's disease	DOID:10652	susceptibility	blood	UBERON:0000178	PubMed:39983328	Compared to the rest of the cohort, this cluster of 12 individuals (32.4% of cohort) had significantly lower levels of a wide range of N-glycans (Fig. 2b). | Compared to the rest of the cohort, levels of 22 N-glycans were significantly reduced in this group (Fig. 3c). | In total, the levels of 14 N-glycan structures in blood were significantly reduced in the low N-glycosylation group of both the SNAC-N and DDI cohorts (Fig. 4a), and could be further explored as a biomarker for cognitive decline in AD.
PID:0000151_0	1	1	fucosylated	bGSL:48b33e4c-bedf-5af1-ba2a-8730ba59a999	glycan	increased level of fucosylated	esophageal squamous cell carcinoma	DOID:3748	diagnostic	serum	UBERON:0001977	PubMed:39849483	In the analysis of small RNA sequencing, a total of 1060 Fuc-EVs miRNAs were detected. | Of these, 27 miRNAs displayed varying levels of expression between the ESCC and HC groups, with 14 miRNAs showing upregulation (p < 0.05, and log2 FC > 1.5; Additional file 2: Table S3). | Consistent with the findings of the screening set, the pDEmiRNAs in the training sets exhibited consistent and significantly differential expression between ESCC patients and HCs (all p < 0.001, Additional file 1: Fig. S4A, C). | Remarkably, the glycosylated EVs-derived miRNA- based panels in the serum training cohort demonstrated exceptional diagnostic precision in patients with ESCC, with an AUC Fuc− of 0.940 (95% CI: 0.91–0.97), an AUC Sia− of 0.877 (95% CI: 0.83–0.91), and an AUC Fuc−&Sia− of 0.980 (95% CI: 0.96–0.99) (Fig. 2A-F, Table 3).
PID:0001372_0	1	1	fucosylated glycan	bGSL:48b33e4c-bedf-5af1-ba2a-8730ba59a999	glycan	increased level of fucosylated glycan on Secretogranin III	small cell lung carcinoma	DOID:5409	monitoring	serum	UBERON:0001977	PubMed:28949141	Next, we performed lectin capture with a fucose-binding lectin and detected short-form SgIII specifically in the sera of patients with SCLC. | The results suggested an association between the fucosylated glycoform of short-form SgIII and SCLC. | Thus, fucosylated short-form SgIII may be a valuable biomarker for SCLC and could be used to monitor development of the disease.
PID:0001372_0	1	2	Secretogranin III		protein	increased level of fucosylated glycan on Secretogranin III	small cell lung carcinoma	DOID:5409	monitoring	serum	UBERON:0001977	PubMed:28949141	Next, we performed lectin capture with a fucose-binding lectin and detected short-form SgIII specifically in the sera of patients with SCLC. | The results suggested an association between the fucosylated glycoform of short-form SgIII and SCLC. | Thus, fucosylated short-form SgIII may be a valuable biomarker for SCLC and could be used to monitor development of the disease.
PID:0001868_0	1	1	fucosylated glycans	bGSL:48b33e4c-bedf-5af1-ba2a-8730ba59a999	glycan	increased level of fucosylated glycans on alpha1-acid-glycoprotein	pancreatic cancer	DOID:1793	diagnostic	serum	UBERON:0001977	PubMed:25732693	Pancreatic cancer samples clearly showed an increase in the abundance of fucosylated glycans as the stage of the disease increases and this was unlike to samples from chronic pancreatitis.
PID:0001868_0	1	2	alpha1-acid-glycoprotein		protein	increased level of fucosylated glycans on alpha1-acid-glycoprotein	pancreatic cancer	DOID:1793	diagnostic	serum	UBERON:0001977	PubMed:25732693	Pancreatic cancer samples clearly showed an increase in the abundance of fucosylated glycans as the stage of the disease increases and this was unlike to samples from chronic pancreatitis.
PID:0001971_0	1	1	fucosylated glycoforms	bGSL:48b33e4c-bedf-5af1-ba2a-8730ba59a999	glycan	increased level of fucosylated glycoforms	adenocarcinoma lung cancer	DOID:3910	diagnostic	plasma	UBERON:0001969	PubMed:24780727	From the MRM MS data the abundance levels of AAL-captured glycoforms of both targets were significantly higher in ADLC cases compared to controls, although the levels in total protein abundance were comparable between ADLC and control groups. | This difference between ADLC and control groups in the fucosylated glycoform levels was originated mainly from aberrant fucosylation on the targets in ADLC plasmas rather than change in total protein abundance of the targets, and also confirmed by sandwich ELISA.
PID:0002163_0	1	1	fucosylated glycans	bGSL:48b33e4c-bedf-5af1-ba2a-8730ba59a999	glycan	increased level of fucosylated glycans	hepatocellular carcinoma	DOID:684	diagnostic	serum	UBERON:0001977	PubMed:23586699	All selected candidates showed enhancement of AAL-reactivity in sera of HCC patients compared with that of healthy volunteers (HV).
PID:0000268_0	1	1	N-acetylgalactosamine	bGSL:49f72104-7b21-45a7-8769-b9c0366888b4	glycan	increased level of N-acetylgalactosamine on immunoglobulin G	antiphospholipid syndrome	DOID:2988	diagnostic	serum	UBERON:0001977	PubMed:38720518	Here, we show an increased immunoglobulin G-binding level of soybean agglutinin (p = 0.047, preferring N-acetylgalactosamine) in antiphospholipid syndrome patients compared with healthy and disease controls.
PID:0000268_0	1	2	immunoglobulin G		protein	increased level of N-acetylgalactosamine on immunoglobulin G	antiphospholipid syndrome	DOID:2988	diagnostic	serum	UBERON:0001977	PubMed:38720518	Here, we show an increased immunoglobulin G-binding level of soybean agglutinin (p = 0.047, preferring N-acetylgalactosamine) in antiphospholipid syndrome patients compared with healthy and disease controls.
PID:0002290_0	1	1	N-acetylgalactosamine	bGSL:49f72104-7b21-45a7-8769-b9c0366888b4	glycan	altered level of N-acetylgalactosamine on IgA	Crohn's disease	DOID:8778	response	serum IgA	UBERON:0001977	PubMed:22241690	Changes in GalNAc/HP levels in 6 weeks after treatment with infliximab were associated with the clinical activity of CD at 30 weeks.
PID:0002290_0	1	2	IgA		protein	altered level of N-acetylgalactosamine on IgA	Crohn's disease	DOID:8778	response	serum IgA	UBERON:0001977	PubMed:22241690	Changes in GalNAc/HP levels in 6 weeks after treatment with infliximab were associated with the clinical activity of CD at 30 weeks.
PID:0000491_3	1	1	multiantennary N-glycans	bGSL:4bcdab57-7409-55df-98c2-eadb9cd4ed93	glycan	increased level of multiantennary N-glycans	pancreatic cancer	DOID:1793	diagnostic	serum	UBERON:0001977	PubMed:35954297	The results showed that five types of N-glycans, fucose, and α1-6-linked fucose residues that are recognized by AAL and LCA lectin, respectively; bisecting GlcNAc and multiantennary N-glycans that are bound by PHA-E and PHA-L, respectively; and α2-6-linked sialic acid residues that are recognized by SNA, were significantly increased in PC sera as compared with those in NC and AP sera (Figure 1a, the exact values of relative intensity can be seen in Table S3). | Compared with the NC group, the relative abundances of bisecting glycans, mannosylation, and fucosylation were significantly increased in the PC group; compared with the AP group, the relative abundances of bisecting glycans and fucosylation were significantly enhanced in the PC group; however, the relative abundances of fucosylation seemed similar between the NC and AP groups.
PID:0000845_0	1	1	Multi-antennary N-glycans	bGSL:4bcdab57-7409-55df-98c2-eadb9cd4ed93	glycan	increased level of Multi-antennary N-glycans on fibrinogen	end-stage renal disease	DOID:783	response	plasma	UBERON:0001969	PubMed:32784866	Increased levels of multi-antennary N-glycans in ESRD-PD patients were also associated with the type of dialysis solutions, whereas an increase in the fucosylation levels was strongly related to the peritoneal membrane damage. | In fibrinogen from the PD group, the content of glycans recognised by PHA-E, RCA, and DSL was increased, whereas the content of glycans recognised by WGA, AAL, GSL-I, and LCA was decreased. | The observed changes implied that, due to a kidney failure, the content of A2BG2 (PHA-E binding, Figure S1) and glycans with GlcNAc and/or Gal residues with or without Sia (DSL and RCA) increase. | DSL binding suggested an increase in the content of multi-antennary N-glycans. | Even so, the analysis was performed and statistical difference was found in the case of PHA-L lectin, showing that patients treated with icodextrin had a higher content of multi-antennary N-glycans terminating with Gal compared to patients treated with 1.36% (p = 0.010) or 2.25% glucose solution (p = 0.007).
PID:0000845_0	1	2	fibrinogen		protein	increased level of Multi-antennary N-glycans on fibrinogen	end-stage renal disease	DOID:783	response	plasma	UBERON:0001969	PubMed:32784866	Increased levels of multi-antennary N-glycans in ESRD-PD patients were also associated with the type of dialysis solutions, whereas an increase in the fucosylation levels was strongly related to the peritoneal membrane damage. | In fibrinogen from the PD group, the content of glycans recognised by PHA-E, RCA, and DSL was increased, whereas the content of glycans recognised by WGA, AAL, GSL-I, and LCA was decreased. | The observed changes implied that, due to a kidney failure, the content of A2BG2 (PHA-E binding, Figure S1) and glycans with GlcNAc and/or Gal residues with or without Sia (DSL and RCA) increase. | DSL binding suggested an increase in the content of multi-antennary N-glycans. | Even so, the analysis was performed and statistical difference was found in the case of PHA-L lectin, showing that patients treated with icodextrin had a higher content of multi-antennary N-glycans terminating with Gal compared to patients treated with 1.36% (p = 0.010) or 2.25% glucose solution (p = 0.007).
PID:0000073_9	1	1	GalNAc\u03b11-3Gal	bGSL:4dfd069b-a6b4-53af-96b3-b6464421b392	glycan	increased level of GalNAc\u03b11-3Gal	bullous pemphigoid	DOID:8506	diagnostic	serum	UBERON:0001977	PubMed:40491922	The results revealed a significant increase of SNA (preferred Siaα2-6Gal/GalNAc residues, P<0.001), SBA (preferred α- or β-linked terminal GalNAc, (GalNAc)n, GalNAcα1-3Gal, P<0.001), PSA (preferred α-D-Man, Fucα-1,6GlcNAc, and α-D-Glc, P<0.001) in serum proteins derived from BP patients compared to the healthy control group ( Figure 1f ).
PID:0000073_11	1	1	GalNAc\u03b11-3Gal	bGSL:4dfd069b-a6b4-53af-96b3-b6464421b392	glycan	increased level of GalNAc\u03b11-3Gal	bullous pemphigoid	DOID:8506	diagnostic	saliva	UBERON:0001836	PubMed:40491922	The results showed that saliva derived from BP patients exhibited a significant increase of SNA (preferred Siaα2-6Gal/GalNAc residues, p=0.015), SBA (preferred α- or β-linked terminal GalNAc, (GalNAc)n, GalNAcα1-3Gal, p=0.024), and AAL(preferred Fucα1–6 GlcNAc (core fucose), Fucα1-3 (Galβ14) GlcNAc residues, p=0.001) in BP ( Figure 4c ).
PID:0000015_0	1	1	sialylation	bGSL:4e5b0601-d0df-4a2a-ac36-56e2629494f1	glycan	increased level of sialylation	Alzheimer's disease	DOID:10652	diagnostic	serum	UBERON:0001977	PubMed:40792479	Notably, sialylation was significantly upregulated in AD, while fucosylation was downregulated, suggesting their involvement in AD pathology.
PID:0000148_1	1	1	sialylation	bGSL:4e5b0601-d0df-4a2a-ac36-56e2629494f1	glycan	altered level of sialylation on Integrin beta-3	liver cancer	DOID:3571	diagnostic	platelets	CL:0000233	PubMed:39813102	The integrated analysis revealed significant changes in platelet protein N-glycosylation in liver cancer patients. | Further systems biology analysis and lectin pull-down-coupled ELISA assays in independent clinical samples confirmed two N-glycoproteins with specific glycan types, complement C3 (C3) with oligomannose modification and integrin β-3 (ITGB3) with sialylation, as potential biomarkers distinguishing liver cancer patients from healthy individuals, without differentiating between HCC and mLC patient group.
PID:0000148_1	1	2	Integrin beta-3	UPKB:P05106	protein	altered level of sialylation on Integrin beta-3	liver cancer	DOID:3571	diagnostic	platelets	CL:0000233	PubMed:39813102	The integrated analysis revealed significant changes in platelet protein N-glycosylation in liver cancer patients. | Further systems biology analysis and lectin pull-down-coupled ELISA assays in independent clinical samples confirmed two N-glycoproteins with specific glycan types, complement C3 (C3) with oligomannose modification and integrin β-3 (ITGB3) with sialylation, as potential biomarkers distinguishing liver cancer patients from healthy individuals, without differentiating between HCC and mLC patient group.
PID:0000218_1	1	1	sialylation	bGSL:4e5b0601-d0df-4a2a-ac36-56e2629494f1	glycan	decreased level of sialylation on IgG	Type 2 Diabetes Mellitus	DOID:9352	diagnostic	plasma	UBERON:0001969	PubMed:39337475	Subclass-specific IgG Fc glycan changes, including increased monogalactosylation, agalactosylation, and decreased sialylation and bisecting GlcNAc in IgG4; increased bisecting GlcNAc and decreased digalactosylation and total galactosylation in IgG2; and increased monogalactosylation in IgG1, were associated with T2DM [34].
PID:0000218_1	1	2	IgG		protein	decreased level of sialylation on IgG	Type 2 Diabetes Mellitus	DOID:9352	diagnostic	plasma	UBERON:0001969	PubMed:39337475	Subclass-specific IgG Fc glycan changes, including increased monogalactosylation, agalactosylation, and decreased sialylation and bisecting GlcNAc in IgG4; increased bisecting GlcNAc and decreased digalactosylation and total galactosylation in IgG2; and increased monogalactosylation in IgG1, were associated with T2DM [34].
PID:0000017_3	1	1	mono-sialylated glycan	bGSL:4e5b0601-d0df-4a2a-ac36-56e2629494f1	glycan	decreased level of mono-sialylated glycan	Nephropathic Cystinosis	DOID:1064	diagnostic	serum	UBERON:0001977	PubMed:40843950	Serum N-glycans have significant GPs associated with the status of the NC cohort: GP21 (P = 0.056) is marginally significant, while GP25 (P = 0.039), GP27 (P = 0.019), GP44 (P = 0.035), and S1 (mono-sialylated glycans, P = 0.031) are all significant. | Lastly, the S1 glycan trait was less variable and less abundant in NC compared to the control group (Fig. 4A).
PID:0000285_1	1	1	sialylation	bGSL:4e5b0601-d0df-4a2a-ac36-56e2629494f1	glycan	decreased level of sialylation	Alzheimer's disease	DOID:10652	diagnostic	Cerebrospinal fluid	UBERON:0001359	PubMed:38785920	O-Glycans and free-glycan fragments were less sialylated in AD patients than in controls. | As for free-glycan fragments, O-glycan sialylation was decreased in patients with AD compared to disease control patients and healthy controls (Figure 3c).
PID:0000318_2	1	1	total sialylation	bGSL:4e5b0601-d0df-4a2a-ac36-56e2629494f1	glycan	decreased level of total sialylation	ovarian cancer	DOID:2394	diagnostic	serum	UBERON:0001977	PubMed:38281033	It was observed that the initiation and development of OC was associated with increased high-mannosylationand agalactosylation, concurrently with decreased total sialylation of serum, each of which gained at least moderately accurate merits. | On the contrary, total sialylation (S total) was remarkably reduced in ovarian disease patients with P value less than 0.0001. | Similarly, two di-sialylated N-glycans (H5N4S2 and H5N5S2) were substantially decreased in OC patients, elucidating the alteration of S2 in OC patients.
PID:0000333_1	1	1	sialylation	bGSL:4e5b0601-d0df-4a2a-ac36-56e2629494f1	glycan	increased level of sialylation	gastric disease	DOID:76	diagnostic	serum	UBERON:0001977	PubMed:38148046	Along with the progression of gastric disease, the abundance of sialylated N-glycans increased, while that of core-fucosylated N-glycans decreased.
PID:0000345_0	1	1	sialylation	bGSL:4e5b0601-d0df-4a2a-ac36-56e2629494f1	glycan	increased level of sialylation on carcinoembryonic antigen	cancer metastasis	DOID:162	diagnostic	plasma	UBERON:0001969	PubMed:37820924	Compared with commercial CEA, elevated sialylation of CEA was observed in patients with metastasis.
PID:0000345_0	1	2	carcinoembryonic antigen	UPKB:P06731	protein	increased level of sialylation on carcinoembryonic antigen	cancer metastasis	DOID:162	diagnostic	plasma	UBERON:0001969	PubMed:37820924	Compared with commercial CEA, elevated sialylation of CEA was observed in patients with metastasis.
PID:0000357_2	1	1	sialylation	bGSL:4e5b0601-d0df-4a2a-ac36-56e2629494f1	glycan	decreased level of sialylation on IgA1	Crohn's disease	DOID:8778	diagnostic	plasma	UBERON:0001969	PubMed:37641533	Compared to HC, CD patients were found to have lower galactosylation and lower sialylation on LSL (Asn144) and TPL (Asn205) (Figure 5 and Table S5).
PID:0000357_2	1	2	IgA1	UPKB:P01571	protein	decreased level of sialylation on IgA1	Crohn's disease	DOID:8778	diagnostic	plasma	UBERON:0001969	PubMed:37641533	Compared to HC, CD patients were found to have lower galactosylation and lower sialylation on LSL (Asn144) and TPL (Asn205) (Figure 5 and Table S5).
PID:0000357_6	1	1	sialic acid	bGSL:4e5b0601-d0df-4a2a-ac36-56e2629494f1	glycan	decreased level of sialic acid on IgA1	Crohn's disease	DOID:8778	diagnostic	plasma	UBERON:0001969	PubMed:37641533	In addition, the CD group was found to have a lower relative abundance of SA and a lower ratio of SA per galactose in the O-linked glycans than in UC.
PID:0000357_6	1	2	IgA1	UPKB:P01571	protein	decreased level of sialic acid on IgA1	Crohn's disease	DOID:8778	diagnostic	plasma	UBERON:0001969	PubMed:37641533	In addition, the CD group was found to have a lower relative abundance of SA and a lower ratio of SA per galactose in the O-linked glycans than in UC.
PID:0000357_7	1	1	sialylation	bGSL:4e5b0601-d0df-4a2a-ac36-56e2629494f1	glycan	decreased level of sialylation on IgA1	Ulcerative colitis	DOID:8577	diagnostic	plasma	UBERON:0001969	PubMed:37641533	When searching for associations of IgA glycosylation with the most potent drug administered to the patients, UC patients using AZT/6-MP were found to have lower galactosylation and lower sialylation of TPL and LSL peptides compared with UC mesalazine users (Figure 7).
PID:0000357_7	1	2	IgA1	UPKB:P01571	protein	decreased level of sialylation on IgA1	Ulcerative colitis	DOID:8577	diagnostic	plasma	UBERON:0001969	PubMed:37641533	When searching for associations of IgA glycosylation with the most potent drug administered to the patients, UC patients using AZT/6-MP were found to have lower galactosylation and lower sialylation of TPL and LSL peptides compared with UC mesalazine users (Figure 7).
PID:0000361_2	1	1	sialylation	bGSL:4e5b0601-d0df-4a2a-ac36-56e2629494f1	glycan	decreased level of sialylation on IgG	anti-neutrophil cytoplasmic antibody (ANCA)-associated vasculitis (PR3-ANCA vasculitis)	DOID:3049	prognostic	serum	UBERON:0001977	PubMed:37841251	ΔIgG1 sialyation of the GPA-PR3-ANCA relapsing patients was increased in the year leading up to the relapse and differed from non-relapsing patients at 6 months (and potentially at 3 months) before relapse (IgG1 0.6% vs. 0.0%; P = 0.002, 0.4% vs. -0.1%; P = 0.044, Table S4 ; Figure 2D ). | Moreover, the longitudinal analysis revealed a decrease in ΔIgG1 sialylation over 6 months preceding relapse (P = 0.0004, Figure S3A ), whereas ΔIgG1 sialylation in non-relapsing patients remained constant.
PID:0000361_2	1	2	IgG		protein	decreased level of sialylation on IgG	anti-neutrophil cytoplasmic antibody (ANCA)-associated vasculitis (PR3-ANCA vasculitis)	DOID:3049	prognostic	serum	UBERON:0001977	PubMed:37841251	ΔIgG1 sialyation of the GPA-PR3-ANCA relapsing patients was increased in the year leading up to the relapse and differed from non-relapsing patients at 6 months (and potentially at 3 months) before relapse (IgG1 0.6% vs. 0.0%; P = 0.002, 0.4% vs. -0.1%; P = 0.044, Table S4 ; Figure 2D ). | Moreover, the longitudinal analysis revealed a decrease in ΔIgG1 sialylation over 6 months preceding relapse (P = 0.0004, Figure S3A ), whereas ΔIgG1 sialylation in non-relapsing patients remained constant.
PID:0000379_1	1	1	sialylation	bGSL:4e5b0601-d0df-4a2a-ac36-56e2629494f1	glycan	decreased level of sialylation on IgG	echinococcosis	DOID:1496	diagnostic	serum	UBERON:0001977	PubMed:37540936	Compared with IgG glycans of healthy control group, neutral glycans, fucosylation and agalactosylated N-glycans increased while sialylation and galactosylation decreased in echinococcosis patients.
PID:0000379_1	1	2	IgG		protein	decreased level of sialylation on IgG	echinococcosis	DOID:1496	diagnostic	serum	UBERON:0001977	PubMed:37540936	Compared with IgG glycans of healthy control group, neutral glycans, fucosylation and agalactosylated N-glycans increased while sialylation and galactosylation decreased in echinococcosis patients.
PID:0000515_1	1	1	sialylation	bGSL:4e5b0601-d0df-4a2a-ac36-56e2629494f1	glycan	increased level of sialylation	acute myocardial infarction	DOID:9408	diagnostic	blood plasma	UBERON:0001969	PubMed:34939124	This was supported by significantly decreased levels in galactosylation, alongside increased levels in sialylation, afucosylation and GlcNAc bisection levels in the blood plasma of AMI patients.
PID:0000571_1	1	1	sialylation	bGSL:4e5b0601-d0df-4a2a-ac36-56e2629494f1	glycan	altered level of sialylation	immune thrombocytopenia	DOID:1587	diagnostic	megakaryocytes	CL:0000556	PubMed:34324649	Lee-Sundlov and colleagues elucidate a role for sialic acid changes in regulating platelet number in thrombocytopenic states such as immune thrombocytopenia (ITP). | They demonstrate antibody against Thomsen-Friedenreich (TF) antigen in plasma from pediatric patients with ITP and delineate a role for immune cells in recognizing altered sialylation of aberrant exposed TF antigen in regulating thrombopoiesis through interferon release.
PID:0000653_0	1	1	sialic acid	bGSL:4e5b0601-d0df-4a2a-ac36-56e2629494f1	glycan	increased level of sialic acid on IgG	primary biliary cholangitis	DOID:12236	diagnostic	serum	UBERON:0001977	PubMed:34248947	Lectin microarray detection revealed that compared to DC and HC groups, the specific glycan level of serum IgG sialic acid in PBC patients was increased. | Compared with the DC and HC groups, serum IgG from PBC patients had a higher affinity for SSA. | Therefore, glycan level of sialylation (recognized by SSA) was increased characteristically in serum IgG from patients with PBC ( Figure 1 ). | IgG galactose was increased in anti-gp210 positive patients. | (3) Significantly higher glycan level of galactose (recognized by BPL) was observed for anti-gp210 positive patients compared to the negative group (P < 0.05).
PID:0000653_0	1	2	IgG		protein	increased level of sialic acid on IgG	primary biliary cholangitis	DOID:12236	diagnostic	serum	UBERON:0001977	PubMed:34248947	Lectin microarray detection revealed that compared to DC and HC groups, the specific glycan level of serum IgG sialic acid in PBC patients was increased. | Compared with the DC and HC groups, serum IgG from PBC patients had a higher affinity for SSA. | Therefore, glycan level of sialylation (recognized by SSA) was increased characteristically in serum IgG from patients with PBC ( Figure 1 ). | IgG galactose was increased in anti-gp210 positive patients. | (3) Significantly higher glycan level of galactose (recognized by BPL) was observed for anti-gp210 positive patients compared to the negative group (P < 0.05).
PID:0000908_2	1	1	sialylation	bGSL:4e5b0601-d0df-4a2a-ac36-56e2629494f1	glycan	decreased level of sialylation on IgG	rheumatoid arthritis	DOID:7148	diagnostic	serum	UBERON:0001977	PubMed:32192063	Our results suggested that total IgG purified from serum of RA patients shows significantly lower galactosylation (p = 0.0012), lower sialylation (p < 0.0001) and higher fucosylation (p = 0.0063) levels compared with healthy controls. | Compared with healthy controls and with patients with low RF levels, the subgroup of patients with high RF levels exhibited reduced sialylation levels (Figure 5B). | In agreement, higher IgG fucosylation was also observed in the subgroup of patients with high RF levels compared with healthy controls and with patients with low RF levels (Figure 5C). | Accordingly, the ratios of G1F/G0F (m/z 1039/937), G2F/G0F (m/z 1142/937), G1F0/G0F0 (m/z 953/850) and G2F0/G0F0 (m/z 1055/850) were reduced in the serum of all patients with RA compared with healthy controls (Figure 5E-H).
PID:0000908_2	1	2	IgG		protein	decreased level of sialylation on IgG	rheumatoid arthritis	DOID:7148	diagnostic	serum	UBERON:0001977	PubMed:32192063	Our results suggested that total IgG purified from serum of RA patients shows significantly lower galactosylation (p = 0.0012), lower sialylation (p < 0.0001) and higher fucosylation (p = 0.0063) levels compared with healthy controls. | Compared with healthy controls and with patients with low RF levels, the subgroup of patients with high RF levels exhibited reduced sialylation levels (Figure 5B). | In agreement, higher IgG fucosylation was also observed in the subgroup of patients with high RF levels compared with healthy controls and with patients with low RF levels (Figure 5C). | Accordingly, the ratios of G1F/G0F (m/z 1039/937), G2F/G0F (m/z 1142/937), G1F0/G0F0 (m/z 953/850) and G2F0/G0F0 (m/z 1055/850) were reduced in the serum of all patients with RA compared with healthy controls (Figure 5E-H).
PID:0001008_0	1	1	sialic acid	bGSL:4e5b0601-d0df-4a2a-ac36-56e2629494f1	glycan	altered level of sialic acid on TLR2	Toxoplasma gondii infection	DOID:9965	diagnostic	macrophage	CL:0000235	PubMed:31658592	In this complex, carbohydrate recognition domains of MIC1 and MIC4 are exposed and interact with terminal sialic acid and galactose residues, respectively, of host cell glycans. | Recently, we demonstrated that, by interacting with the N-linked glycans of the TLR2 and TLR4 ectodomains, the rMIC1 and rMIC4 proteins from T. gondii induce macrophages and dendritic cells to produce pro-inflammatory cytokines, such as IL-12, TNF-α, and IL-6, through MyD88-dependent NF-κB activation [16]. | The lectin domains of MIC1 and MIC4 specifically recognize α2-3-sialyllactosamine [8,13,16] and β1-3- or β1-4-galactosamine [6,14,16], respectively, which are often found at the terminal positions of glycans on the surface of mammalian cells. | The interaction of the rMIC1 and rMIC4 lectin domains with glycans N-linked to the ectodomains of TLR2 and TLR4 on host macrophages and dendritic cells induces high IL-12 production [16].
PID:0001008_0	1	2	TLR2		protein	altered level of sialic acid on TLR2	Toxoplasma gondii infection	DOID:9965	diagnostic	macrophage	CL:0000235	PubMed:31658592	In this complex, carbohydrate recognition domains of MIC1 and MIC4 are exposed and interact with terminal sialic acid and galactose residues, respectively, of host cell glycans. | Recently, we demonstrated that, by interacting with the N-linked glycans of the TLR2 and TLR4 ectodomains, the rMIC1 and rMIC4 proteins from T. gondii induce macrophages and dendritic cells to produce pro-inflammatory cytokines, such as IL-12, TNF-α, and IL-6, through MyD88-dependent NF-κB activation [16]. | The lectin domains of MIC1 and MIC4 specifically recognize α2-3-sialyllactosamine [8,13,16] and β1-3- or β1-4-galactosamine [6,14,16], respectively, which are often found at the terminal positions of glycans on the surface of mammalian cells. | The interaction of the rMIC1 and rMIC4 lectin domains with glycans N-linked to the ectodomains of TLR2 and TLR4 on host macrophages and dendritic cells induces high IL-12 production [16].
PID:0001067_2	1	1	sialylation	bGSL:4e5b0601-d0df-4a2a-ac36-56e2629494f1	glycan	increased level of sialylation	breast cancer	DOID:1612	diagnostic	whole serum	UBERON:0001977	PubMed:31208374	All these glycan structures belong to complex type N-glycans that include 4 bisecting, 8 core fucosylated, and 12 sialylated to a different degree with multiply branched antennas. | As an important observation, the most branched and sialylated structures have shown marked abundance in the serum of all cancer stages with a greater increase at an early stage (Fig. 7). | One unexpected funding of our study was the up-regulation of a bisecting tetraantennary monosialylated glycan (m/z 3007) in the cancer groups as the N-acetylglucosaminyltransferase III (GnT-III) and its bisecting GlcNAc structures have been supposed to inhibit further branching in the biosynthesis pathway and suppress cancer metastasis [43].
PID:0001077_0	1	1	sialic acid	bGSL:4e5b0601-d0df-4a2a-ac36-56e2629494f1	glycan	increased level of sialic acid	cancer	DOID:162	diagnostic	cell	CL:0000000	PubMed:31115772	The SA expression levels on different cell lines (MCF-7, HepG2, SGC and BNL. | The statistical data among different cell lines confirm that the SA expression levels on cancer cells are much higher than that on normal cells.
PID:0001275_1	1	1	sialylation	bGSL:4e5b0601-d0df-4a2a-ac36-56e2629494f1	glycan	altered level of sialylation	colorectal cancer	DOID:9256	diagnostic	serum	UBERON:0001977	PubMed:29698801	Moreover, IgG N-glycosylation analysis suggested that core-fucosylation, sialylation and sialo core-fucosylation were possibly related to the development of CRC.
PID:0001384_0	1	1	sialic acid	bGSL:4e5b0601-d0df-4a2a-ac36-56e2629494f1	glycan	decreased level of sialic acid on UMOD	Interstitial cystitis	DOID:13949	diagnostic	urine	UBERON:0001088	PubMed:28829050	Although total levels of THP are unchanged, patients with interstitial cystitis have only half of the THP sialic acid content of healthy controls25. | Similarly, mass spectrometry of urine THP from kidney stone patients revealed >20% less sialic acid content than healthy controls26. | Patients with type I diabetes are more susceptible to UTI, have more glucose and less sialic acid in their THP glycans than healthy controls27, and may exhibit reduced THP urinary excretion rates28.
PID:0001384_0	1	2	UMOD		protein	decreased level of sialic acid on UMOD	Interstitial cystitis	DOID:13949	diagnostic	urine	UBERON:0001088	PubMed:28829050	Although total levels of THP are unchanged, patients with interstitial cystitis have only half of the THP sialic acid content of healthy controls25. | Similarly, mass spectrometry of urine THP from kidney stone patients revealed >20% less sialic acid content than healthy controls26. | Patients with type I diabetes are more susceptible to UTI, have more glucose and less sialic acid in their THP glycans than healthy controls27, and may exhibit reduced THP urinary excretion rates28.
PID:0001475_0	1	1	sialylation	bGSL:4e5b0601-d0df-4a2a-ac36-56e2629494f1	glycan	increased level of sialylation on alpha-1-acid glycoprotein	hepatocellular carcinoma	DOID:684	diagnostic	serum	UBERON:0001977	PubMed:28621608	The sialylation and fucosylation of AGP were different among HCC, cirrhosis and controls. | The highly sialylated and fucosylated peptides from AGP were found in HCC and cirrhosis compared with controls.
PID:0001475_0	1	2	alpha-1-acid glycoprotein	UPKB:P02763	protein	increased level of sialylation on alpha-1-acid glycoprotein	hepatocellular carcinoma	DOID:684	diagnostic	serum	UBERON:0001977	PubMed:28621608	The sialylation and fucosylation of AGP were different among HCC, cirrhosis and controls. | The highly sialylated and fucosylated peptides from AGP were found in HCC and cirrhosis compared with controls.
PID:0001712_0	1	1	sialylated MUC1	bGSL:4e5b0601-d0df-4a2a-ac36-56e2629494f1	glycan	increased level of sialylated MUC1 on MUC1	biliary tract cancer	DOID:4607	diagnostic	bile	UBERON:0001970	PubMed:26416714	Biliary WFA-sialylated MUC1 levels were significantly higher in the biliary tract cancer group compared with the benign group (P < 0.001).
PID:0001712_0	1	2	MUC1	UPKB:P15941	protein	increased level of sialylated MUC1 on MUC1	biliary tract cancer	DOID:4607	diagnostic	bile	UBERON:0001970	PubMed:26416714	Biliary WFA-sialylated MUC1 levels were significantly higher in the biliary tract cancer group compared with the benign group (P < 0.001).
PID:0001932_0	1	1	sialylation	bGSL:4e5b0601-d0df-4a2a-ac36-56e2629494f1	glycan	increased level of sialylation on RNASE1	pancreatic cancer	DOID:1793	diagnostic	serum	UBERON:0001977	PubMed:25336120	The N-glycan of RNase1 in serum from patients with PaCa patients is characterized by excess sialylation10 and core-fucosylation11 compared with that of healthy donors.
PID:0001932_0	1	2	RNASE1	UPKB:P06748	protein	increased level of sialylation on RNASE1	pancreatic cancer	DOID:1793	diagnostic	serum	UBERON:0001977	PubMed:25336120	The N-glycan of RNase1 in serum from patients with PaCa patients is characterized by excess sialylation10 and core-fucosylation11 compared with that of healthy donors.
PID:0001943_0	1	1	sialylation	bGSL:4e5b0601-d0df-4a2a-ac36-56e2629494f1	glycan	decreased level of sialylation	Coronary heart disease	DOID:3393	susceptibility	plasma	UBERON:0001969	PubMed:25249300	Low‐density lipoprotein particles in patients with CHD, for example, have reduced sialylation (a type of glycosylation), which may make these low‐density lipoprotein particles more susceptible to subendothelial retention, oxidative modification, and atherosclerotic plaque formation.
PID:0002014_0	1	1	sialylation	bGSL:4e5b0601-d0df-4a2a-ac36-56e2629494f1	glycan	increased level of sialylation on KNG1	pancreatic cancer	DOID:1793	diagnostic	serum	UBERON:0001977	PubMed:24471499	Notably, the increase in sialylation and fucosylation of kininogen-1 has been observed in the sera of pancreatic cancer patients.
PID:0002014_0	1	2	KNG1	UPKB:Q05CF8	protein	increased level of sialylation on KNG1	pancreatic cancer	DOID:1793	diagnostic	serum	UBERON:0001977	PubMed:24471499	Notably, the increase in sialylation and fucosylation of kininogen-1 has been observed in the sera of pancreatic cancer patients.
PID:0002018_0	1	1	free sialic acid	bGSL:4e5b0601-d0df-4a2a-ac36-56e2629494f1	glycan	increased level of free sialic acid	rheumatoid arthritis	DOID:7148	diagnostic	serum	UBERON:0001977	PubMed:24346772	The serum levels of TSA in RA and SLE patients were significantly increased compared to controls and in RA patients were higher than that in SSc patients. | The mean serum level of FSA in RA patients was significantly higher, but in SSc patients significantly lower than that in the controls, and in RA patients was significantly higher than in SLE and in SSc patients. | The serum level of TSA in RA (mean ± SD; range 2.47 ± 0.61; 1.69–5.28 mmol/L) and SLE patients (2.34 ± 0.31; 1.87–2.97 mmol/L) was significantly increased compared to controls (2.06 ± 0.21; 1.75–2.54 mmol/L) (P < 0.001 for both) (Fig. 1). | The mean serum level of FSA in RA patients (mean ± SD; range 184.7 ± 43.8; 124.7–331.5 μmol/L) was significantly higher (P = 0.003) and in SSc patients (151.9 ± 40.0; 119.0–321.0 μmol/L) significantly lower (P = 0.018), than that in the controls (156.7 ± 20.9; 114.9–195.9 μmol/L) (Fig. 2). | There were significant differences in the serum FSA concentration between rheumatic diseases (H = 20.252; P < 0.001).
PID:0002018_1	1	1	free sialic acid	bGSL:4e5b0601-d0df-4a2a-ac36-56e2629494f1	glycan	increased level of free sialic acid	systemic lupus erythematosus	DOID:9074	diagnostic	serum	UBERON:0001977	PubMed:24346772	The serum levels of TSA in RA and SLE patients were significantly increased compared to controls and in RA patients were higher than that in SSc patients. | The mean serum level of FSA in RA patients was significantly higher, but in SSc patients significantly lower than that in the controls, and in RA patients was significantly higher than in SLE and in SSc patients. | The serum level of TSA in RA (mean ± SD; range 2.47 ± 0.61; 1.69–5.28 mmol/L) and SLE patients (2.34 ± 0.31; 1.87–2.97 mmol/L) was significantly increased compared to controls (2.06 ± 0.21; 1.75–2.54 mmol/L) (P < 0.001 for both) (Fig. 1). | The mean serum level of FSA in RA patients (mean ± SD; range 184.7 ± 43.8; 124.7–331.5 μmol/L) was significantly higher (P = 0.003) and in SSc patients (151.9 ± 40.0; 119.0–321.0 μmol/L) significantly lower (P = 0.018), than that in the controls (156.7 ± 20.9; 114.9–195.9 μmol/L) (Fig. 2). | There were significant differences in the serum FSA concentration between rheumatic diseases (H = 20.252; P < 0.001).
PID:0002018_2	1	1	free sialic acid	bGSL:4e5b0601-d0df-4a2a-ac36-56e2629494f1	glycan	decreased level of free sialic acid	systemic sclerosis	DOID:418	diagnostic	serum	UBERON:0001977	PubMed:24346772	The mean serum level of FSA in RA patients was significantly higher, but in SSc patients significantly lower than that in the controls, and in RA patients was significantly higher than in SLE and in SSc patients. | The mean serum level of FSA in RA patients (mean ± SD; range 184.7 ± 43.8; 124.7–331.5 μmol/L) was significantly higher (P = 0.003) and in SSc patients (151.9 ± 40.0; 119.0–321.0 μmol/L) significantly lower (P = 0.018), than that in the controls (156.7 ± 20.9; 114.9–195.9 μmol/L) (Fig. 2). | There were significant differences in the serum FSA concentration between rheumatic diseases (H = 20.252; P < 0.001). | The mean level in RA patients was significantly higher than that in SLE patients (155.9 ± 31.0; 115.8–225.5 μmol/L) (P = 0.012) and in SSc patients (P < 0.001).
PID:0002018_3	1	1	sialylation	bGSL:4e5b0601-d0df-4a2a-ac36-56e2629494f1	glycan	altered level of sialylation	rheumatoid arthritis	DOID:7148	diagnostic	serum	UBERON:0001977	PubMed:24346772	The serum levels of TSA in RA and SLE patients were significantly increased compared to controls and in RA patients were higher than that in SSc patients. | The mean serum level of FSA in RA patients was significantly higher, but in SSc patients significantly lower than that in the controls, and in RA patients was significantly higher than in SLE and in SSc patients. | The serum level of TSA in RA (mean ± SD; range 2.47 ± 0.61; 1.69–5.28 mmol/L) and SLE patients (2.34 ± 0.31; 1.87–2.97 mmol/L) was significantly increased compared to controls (2.06 ± 0.21; 1.75–2.54 mmol/L) (P < 0.001 for both) (Fig. 1). | The mean serum level of FSA in RA patients (mean ± SD; range 184.7 ± 43.8; 124.7–331.5 μmol/L) was significantly higher (P = 0.003) and in SSc patients (151.9 ± 40.0; 119.0–321.0 μmol/L) significantly lower (P = 0.018), than that in the controls (156.7 ± 20.9; 114.9–195.9 μmol/L) (Fig. 2). | There were significant differences in the serum FSA concentration between rheumatic diseases (H = 20.252; P < 0.001).
PID:0002018_4	1	1	sialylation	bGSL:4e5b0601-d0df-4a2a-ac36-56e2629494f1	glycan	altered level of sialylation	systemic lupus erythematosus	DOID:9074	diagnostic	serum	UBERON:0001977	PubMed:24346772	The serum levels of TSA in RA and SLE patients were significantly increased compared to controls and in RA patients were higher than that in SSc patients. | The mean serum level of FSA in RA patients was significantly higher, but in SSc patients significantly lower than that in the controls, and in RA patients was significantly higher than in SLE and in SSc patients. | The serum level of TSA in RA (mean ± SD; range 2.47 ± 0.61; 1.69–5.28 mmol/L) and SLE patients (2.34 ± 0.31; 1.87–2.97 mmol/L) was significantly increased compared to controls (2.06 ± 0.21; 1.75–2.54 mmol/L) (P < 0.001 for both) (Fig. 1). | The mean serum level of FSA in RA patients (mean ± SD; range 184.7 ± 43.8; 124.7–331.5 μmol/L) was significantly higher (P = 0.003) and in SSc patients (151.9 ± 40.0; 119.0–321.0 μmol/L) significantly lower (P = 0.018), than that in the controls (156.7 ± 20.9; 114.9–195.9 μmol/L) (Fig. 2). | There were significant differences in the serum FSA concentration between rheumatic diseases (H = 20.252; P < 0.001).
PID:0002018_5	1	1	sialylation	bGSL:4e5b0601-d0df-4a2a-ac36-56e2629494f1	glycan	altered level of sialylation	systemic sclerosis	DOID:418	diagnostic	serum	UBERON:0001977	PubMed:24346772	The serum levels of TSA in RA and SLE patients were significantly increased compared to controls and in RA patients were higher than that in SSc patients. | The mean serum level of FSA in RA patients was significantly higher, but in SSc patients significantly lower than that in the controls, and in RA patients was significantly higher than in SLE and in SSc patients. | The serum level of TSA in RA (mean ± SD; range 2.47 ± 0.61; 1.69–5.28 mmol/L) and SLE patients (2.34 ± 0.31; 1.87–2.97 mmol/L) was significantly increased compared to controls (2.06 ± 0.21; 1.75–2.54 mmol/L) (P < 0.001 for both) (Fig. 1). | The mean serum level of FSA in RA patients (mean ± SD; range 184.7 ± 43.8; 124.7–331.5 μmol/L) was significantly higher (P = 0.003) and in SSc patients (151.9 ± 40.0; 119.0–321.0 μmol/L) significantly lower (P = 0.018), than that in the controls (156.7 ± 20.9; 114.9–195.9 μmol/L) (Fig. 2). | There were significant differences in the serum FSA concentration between rheumatic diseases (H = 20.252; P < 0.001).
PID:0002040_0	1	1	free sialic acid	bGSL:4e5b0601-d0df-4a2a-ac36-56e2629494f1	glycan	increased level of free sialic acid	erythremia	DOID:8997	diagnostic	plasma	UBERON:0001969	PubMed:25566667	It was shown that the levels of free sialic acids and neuraminidase activity in plasma are increased in erythremia disease as compared to healthy donors; however, MAA-II-binding activity of tested glycoproteins is decreased, fibronectin-1 mRNA expression in lymphocytes is increased in patients with erythremia.
PID:0002087_1	1	1	sialylation	bGSL:4e5b0601-d0df-4a2a-ac36-56e2629494f1	glycan	increased level of sialylation on β-dystroglycan	renal cell carcinoma	DOID:4450	diagnostic	tumor tissue	UBERON:0000479	PubMed:23970118	Deglycosylation experiments showed that this was due to differential sialylation. | This alteration was not seen in two other renal cancer cell lines (RCC4 and 786-0 −/+ VHL) but a similar change was seen in vivo in 12/15 matched normal and RCC tissue samples (Fig. 2B). | The form of β-dystroglycan seen in tumour tissue was found to co-migrate with that in UMRC2− cells but the form in normal renal tissue migrated more slowly than that in UMRC2+VHL cells, thus the overall difference was smaller in magnitude (Fig. 2C).
PID:0002087_1	1	2	β-dystroglycan		protein	increased level of sialylation on β-dystroglycan	renal cell carcinoma	DOID:4450	diagnostic	tumor tissue	UBERON:0000479	PubMed:23970118	Deglycosylation experiments showed that this was due to differential sialylation. | This alteration was not seen in two other renal cancer cell lines (RCC4 and 786-0 −/+ VHL) but a similar change was seen in vivo in 12/15 matched normal and RCC tissue samples (Fig. 2B). | The form of β-dystroglycan seen in tumour tissue was found to co-migrate with that in UMRC2− cells but the form in normal renal tissue migrated more slowly than that in UMRC2+VHL cells, thus the overall difference was smaller in magnitude (Fig. 2C).
PID:0002195_1	1	1	sialylation	bGSL:4e5b0601-d0df-4a2a-ac36-56e2629494f1	glycan	increased level of sialylation on thyroglobulin antibody	Papillary thyroid carcinoma	DOID:3969	diagnostic	serum	UBERON:0001977	PubMed:23360821	Among HT, GD, and PTC groups, HT patients had significantly lower core fucose content on TgAb than the other two groups; an increasing trend of sialylation was found in PTC sera (P=0.076) compared with HT groups. | PTC-T patients had significantly higher sialylated TgAb than HT and GD patients, and no significant difference was found between PTC and PTC-T.
PID:0002195_1	1	2	thyroglobulin antibody		protein	increased level of sialylation on thyroglobulin antibody	Papillary thyroid carcinoma	DOID:3969	diagnostic	serum	UBERON:0001977	PubMed:23360821	Among HT, GD, and PTC groups, HT patients had significantly lower core fucose content on TgAb than the other two groups; an increasing trend of sialylation was found in PTC sera (P=0.076) compared with HT groups. | PTC-T patients had significantly higher sialylated TgAb than HT and GD patients, and no significant difference was found between PTC and PTC-T.
PID:0002225_0	1	1	sialic acid	bGSL:4e5b0601-d0df-4a2a-ac36-56e2629494f1	glycan	increased level of sialic acid	Kidney cancer	DOID:263	diagnostic	Tumor Tissue	UBERON:0000479	PubMed:23772422	Relative amounts of sugar structures of proteins with molecular masses above 30 kDa were determined by ELISA-like test with biotinylated lectins: MAA (Maackia amurensis), SNA (Sambucus nigra), and monoclonal antibodies anti-sialyl Lewisa/x.∙ Higher expression of all examined structures was revealed in cancer tissues. | Significant increases were observed for sialic acid linked α 2-3 in cancer tissues when compared to healthy ones and also among intermediate and healthy tissues. | The sialic acid linked α 2-6 and sialyl Lewisx structures were significantly increased in cancerous cells when compared to normal and intermediate renal tissue.
PID:0002423_0	1	1	sialylation	bGSL:4e5b0601-d0df-4a2a-ac36-56e2629494f1	glycan	decreased level of sialylation on IgA1	alcoholic cirrhosis	DOID:14018	diagnostic	serum	UBERON:0001977	PubMed:21866091	Galactose deficiency and decreased sialylation of IgA1, as well as increased amounts of abnormally glycosylated polymeric IgA1, were detected in the serum of patients with advanced alcoholic cirrhosis.
PID:0002423_0	1	2	IgA1		protein	decreased level of sialylation on IgA1	alcoholic cirrhosis	DOID:14018	diagnostic	serum	UBERON:0001977	PubMed:21866091	Galactose deficiency and decreased sialylation of IgA1, as well as increased amounts of abnormally glycosylated polymeric IgA1, were detected in the serum of patients with advanced alcoholic cirrhosis.
PID:0002473_0	1	1	sialylation	bGSL:4e5b0601-d0df-4a2a-ac36-56e2629494f1	glycan	increased level of sialylation	cancer	DOID:162	diagnostic	tumor tissue	UBERON:0000479	PubMed:21493886	At 24 h after administration of NeutrAvidin, labeled with either a far-red fluorophore or (111)In, there was a significant azido-labeled N-acetyl-mannosamine-dependent increase in tumor-to-tissue contrast, which was detected using optical imaging or single-photon-emission computed tomography (SPECT), respectively.
PID:0002582_0	1	1	sialylation	bGSL:4e5b0601-d0df-4a2a-ac36-56e2629494f1	glycan	increased level of sialylation on KLK3	Prostate cancer	DOID:10283	diagnostic	tissue	UBERON:0000479	PubMed:21141837	Furthermore, the sialylated PSA was differentially distributed in cancer and non-cancer tissues. | However, the sialylated glycopeptide was elevated in cancer tissues compared to non-cancerous tissues (P=0.0511, Figure 3-C).
PID:0002582_0	1	2	KLK3	UPKB:Q546G3	protein	increased level of sialylation on KLK3	Prostate cancer	DOID:10283	diagnostic	tissue	UBERON:0000479	PubMed:21141837	Furthermore, the sialylated PSA was differentially distributed in cancer and non-cancer tissues. | However, the sialylated glycopeptide was elevated in cancer tissues compared to non-cancerous tissues (P=0.0511, Figure 3-C).
PID:0002689_0	1	1	sialylation of complement C3 beta chain	bGSL:4e5b0601-d0df-4a2a-ac36-56e2629494f1	glycan	increased level of sialylation of complement C3 beta chain on C3	breast cancer	DOID:1612	diagnostic	serum	UBERON:0001977	PubMed:19782370	With this detection method, band 13, 14 and 15 in lanes E and F are found to be more intense in breast cancer than control serum and are denoted with arrows in Fig. 2c. | We demonstrated the reproducibility of the biotinylated SNA staining of gel bands in lanes E and F in triplicate analyses (data not shown). | In case of A1BG and CO3 beta chain, the pI shifts between disease and control samples were consistent with the results of lectin blotting with SNA (Fig. 2c, band 13, 14, 15) with a shift to more acidic pI values (see arrows in Table 2). | Hence, alpha-1B-glycoprotein is considered to be the protein of interest in this band because it is the second highest in abundance (based on spectral counts) identified in this region (Table 1, band 14, 15), and its pI profile shift (Fig. 3b) is consistent with the lectin blotting result (Fig. 2c, band 14, 15). | With the same selection approach, complement C3 beta chain and alpha-1-antitrypsin were identified as proteins of interest in band 13 and 17, respectively (see underlining in Table 1).
PID:0002689_0	1	2	C3	UPKB:P01027	protein	increased level of sialylation of complement C3 beta chain on C3	breast cancer	DOID:1612	diagnostic	serum	UBERON:0001977	PubMed:19782370	With this detection method, band 13, 14 and 15 in lanes E and F are found to be more intense in breast cancer than control serum and are denoted with arrows in Fig. 2c. | We demonstrated the reproducibility of the biotinylated SNA staining of gel bands in lanes E and F in triplicate analyses (data not shown). | In case of A1BG and CO3 beta chain, the pI shifts between disease and control samples were consistent with the results of lectin blotting with SNA (Fig. 2c, band 13, 14, 15) with a shift to more acidic pI values (see arrows in Table 2). | Hence, alpha-1B-glycoprotein is considered to be the protein of interest in this band because it is the second highest in abundance (based on spectral counts) identified in this region (Table 1, band 14, 15), and its pI profile shift (Fig. 3b) is consistent with the lectin blotting result (Fig. 2c, band 14, 15). | With the same selection approach, complement C3 beta chain and alpha-1-antitrypsin were identified as proteins of interest in band 13 and 17, respectively (see underlining in Table 1).
PID:0000117_2	1	1	sialylation	bGSL:4e5b0601-d0df-4a2a-ac36-56e2629494f1	glycan	decreased level of sialylation on IGG	Escherichia coli-induced sepsis	DOID:0040085	prognostic	serum	UBERON:0001977	PubMed:40165956	The percentage of glycans with sialylation was 19.57% in the septic patients, which was significantly lower than that in the control (21.70%) groups. | The level of fucosylation (94.97%) and G0 (34.58%)in septic non-survivor was significantly lower than in septic survivors. | It was also observed that, in the human plasma, monogalactosylated N-glycans were distinctively decreased in septic patients (32.40%) relative to the control group (34.59%). | In addition, lower digalactosylated N-glycans were found in septic patients (12.44%) than in the controls (17.21%).
PID:0000117_2	1	2	IGG		protein	decreased level of sialylation on IGG	Escherichia coli-induced sepsis	DOID:0040085	prognostic	serum	UBERON:0001977	PubMed:40165956	The percentage of glycans with sialylation was 19.57% in the septic patients, which was significantly lower than that in the control (21.70%) groups. | The level of fucosylation (94.97%) and G0 (34.58%)in septic non-survivor was significantly lower than in septic survivors. | It was also observed that, in the human plasma, monogalactosylated N-glycans were distinctively decreased in septic patients (32.40%) relative to the control group (34.59%). | In addition, lower digalactosylated N-glycans were found in septic patients (12.44%) than in the controls (17.21%).
PID:0002846_7	1	1	sialylation	bGSL:4e5b0601-d0df-4a2a-ac36-56e2629494f1	glycan	altered level of sialylation	hepatocellular carcinoma	DOID:684	diagnostic	serum	UBERON:0001977	PubMed:19223512	Sialylation results are mixed, with 15 of the 32 sialylated glycans higher in cancer compared with control, 9 higher in control compared with cancer, and 8 unchanged.
PID:0002971_0	1	1	sialylation	bGSL:4e5b0601-d0df-4a2a-ac36-56e2629494f1	glycan	increased level of sialylation	colorectal cancer	DOID:9256	diagnostic	plasma	UBERON:0001969	PubMed:18311904	Patients diagnosed with colorectal cancer or adenomas were shown to have dramatically higher levels of sialylation and fucosylation as compared to normal controls. | The potential markers identified in this study for diagnosis to distinguish colorectal cancer from adenoma and normal include elevated sialylation and fucosylation in complement C3, histidine-rich glycoprotein, and kininogen-1.
PID:0003027_0	1	1	sialic acid	bGSL:4e5b0601-d0df-4a2a-ac36-56e2629494f1	glycan	decreased level of sialic acid on UMOD	interstitial cystitis	DOID:13949	diagnostic	urine	UBERON:0001088	PubMed:17945284	The total mean sialic acid content of Tamm-Horsfall protein was almost 2-fold lower in 22 patients with interstitial cystitis compared with that in 20 controls (46.3 +/- 4.3 vs 75.3 +/- 4.1 nmol sialic acid per mg Tamm-Horsfall protein, respectively, p <0.0001).
PID:0003027_0	1	2	UMOD		protein	decreased level of sialic acid on UMOD	interstitial cystitis	DOID:13949	diagnostic	urine	UBERON:0001088	PubMed:17945284	The total mean sialic acid content of Tamm-Horsfall protein was almost 2-fold lower in 22 patients with interstitial cystitis compared with that in 20 controls (46.3 +/- 4.3 vs 75.3 +/- 4.1 nmol sialic acid per mg Tamm-Horsfall protein, respectively, p <0.0001).
PID:0003038_0	1	1	sialylation	bGSL:4e5b0601-d0df-4a2a-ac36-56e2629494f1	glycan	increased level of sialylation on HP	non-small cell lung cancer	DOID:3908	diagnostic	serum	UBERON:0001977	PubMed:17918261	Immunoblots confirmed sialyl and fucosyl group posttranslational modifications (PTMs) of Hp. | Serum enzyme-linked immunosorbent assays (ELISAs) for total Hp, sialylated Hp (SAHp), and fucosylated Hp (FHp) were designed, and levels of each were measured in an independent sample set of 74 patients. | Statistically significant differences between lung cancer patients and matched controls were found by ELISA for Hp (P < . | 002), SAHp (P < . | 001), and FHp (P < .
PID:0003038_0	1	2	HP		protein	increased level of sialylation on HP	non-small cell lung cancer	DOID:3908	diagnostic	serum	UBERON:0001977	PubMed:17918261	Immunoblots confirmed sialyl and fucosyl group posttranslational modifications (PTMs) of Hp. | Serum enzyme-linked immunosorbent assays (ELISAs) for total Hp, sialylated Hp (SAHp), and fucosylated Hp (FHp) were designed, and levels of each were measured in an independent sample set of 74 patients. | Statistically significant differences between lung cancer patients and matched controls were found by ELISA for Hp (P < . | 002), SAHp (P < . | 001), and FHp (P < .
PID:0003073_0	1	1	sialylation	bGSL:4e5b0601-d0df-4a2a-ac36-56e2629494f1	glycan	increased level of sialylation on MUC5B	cystic fibrosis	DOID:1485	prognostic	sputum	UBERON:0007311	PubMed:17392389	The glycosylation of these mucins also showed reduced sulfation, increased sialylation, and reduced fucosylation in CF adults compared with controls.
PID:0003073_0	1	2	MUC5B	UPKB:O00446	protein	increased level of sialylation on MUC5B	cystic fibrosis	DOID:1485	prognostic	sputum	UBERON:0007311	PubMed:17392389	The glycosylation of these mucins also showed reduced sulfation, increased sialylation, and reduced fucosylation in CF adults compared with controls.
PID:0003150_1	1	1	sialylation	bGSL:4e5b0601-d0df-4a2a-ac36-56e2629494f1	glycan	altered level of sialylation	Pancreatic Cancer	DOID:1793	diagnostic	serum	UBERON:0001977	PubMed:16970316	Selective detection of glycan structures was made possible by employing multiple lectins to screen glycoprotein standards as well as serum samples from normal subjects or patients with chronic pancreatitis or pancreatic cancer. | Studies on serum samples showed differences in glycosylation patterns, particularly with respect to sialylation, mannosylation, and fucosylation, in normal, pancreatitis, and cancer sera.
PID:0000117_3	1	1	sialylation	bGSL:4e5b0601-d0df-4a2a-ac36-56e2629494f1	glycan	increased level of sialylation on IGG	Escherichia coli-induced sepsis	DOID:0040085	prognostic	serum	UBERON:0001977	PubMed:40165956	The level of sialylation, G1, and G2 in septic non-survivor was 20.10%, 32.66%, and 12.98%, respectively, which was significantly higher than in septic survivors. | The agalactosylated N-glycans of septic patients (35.04%) were significantly higher than those of controls (28.24%).
PID:0000117_3	1	2	IGG		protein	increased level of sialylation on IGG	Escherichia coli-induced sepsis	DOID:0040085	prognostic	serum	UBERON:0001977	PubMed:40165956	The level of sialylation, G1, and G2 in septic non-survivor was 20.10%, 32.66%, and 12.98%, respectively, which was significantly higher than in septic survivors. | The agalactosylated N-glycans of septic patients (35.04%) were significantly higher than those of controls (28.24%).
PID:0003406_1	1	1	sialylation	bGSL:4e5b0601-d0df-4a2a-ac36-56e2629494f1	glycan	decreased level of sialylation on secretory component	cystic fibrosis	DOID:1485	diagnostic	sputum	UBERON:0007311	PubMed:14597481	Monosaccharide composition analysis of free SC from CF subjects revealed overfucosylation and undersialylation, in agreement with the reported CF glycosylation phenotype.
PID:0003406_1	1	2	secretory component	UPKB:P01833	protein	decreased level of sialylation on secretory component	cystic fibrosis	DOID:1485	diagnostic	sputum	UBERON:0007311	PubMed:14597481	Monosaccharide composition analysis of free SC from CF subjects revealed overfucosylation and undersialylation, in agreement with the reported CF glycosylation phenotype.
PID:0003857_0	1	1	sialylated MUC1 mucin	bGSL:4e5b0601-d0df-4a2a-ac36-56e2629494f1	glycan	increased level of sialylated MUC1 mucin on MUC1	cholangiocarcinoma	DOID:4947	prognostic	tumor tissue	UBERON:0000479	PubMed:10573510	In particular, high expression of more sialylated forms of MUC1 mucins was correlated with poor survival.
PID:0003857_0	1	2	MUC1		protein	increased level of sialylated MUC1 mucin on MUC1	cholangiocarcinoma	DOID:4947	prognostic	tumor tissue	UBERON:0000479	PubMed:10573510	In particular, high expression of more sialylated forms of MUC1 mucins was correlated with poor survival.
PID:0004108_3	1	1	sialylation	bGSL:4e5b0601-d0df-4a2a-ac36-56e2629494f1	glycan	increased level of sialylation on beta-trace protein	Chronic renal failure	DOID:1074	diagnostic	urine	UBERON:0001088	PubMed:9184830	Oligosaccharide structural analysis revealed these molecular weight differences to be due to different N-glycosylation. beta-Trace from hemofiltrate and urine has larger sugar chains and concurrently significantly higher sialylation than cerebrospinal fluid-beta-trace which bears truncated 'brain-type' oligosaccharide chains (published previously). beta-Trace concentrations were about 40 ng/ml for normal sera and plasma.
PID:0004108_3	1	2	beta-trace protein		protein	increased level of sialylation on beta-trace protein	Chronic renal failure	DOID:1074	diagnostic	urine	UBERON:0001088	PubMed:9184830	Oligosaccharide structural analysis revealed these molecular weight differences to be due to different N-glycosylation. beta-Trace from hemofiltrate and urine has larger sugar chains and concurrently significantly higher sialylation than cerebrospinal fluid-beta-trace which bears truncated 'brain-type' oligosaccharide chains (published previously). beta-Trace concentrations were about 40 ng/ml for normal sera and plasma.
PID:0002111_0	1	1	tri-antennary complex type glycan	bGSL:509aa3f3-d759-48ff-a4a4-e815b95e709c	glycan	altered level of tri-antennary complex type glycan	pancreatic cancer	DOID:1793	diagnostic	serum	UBERON:0001977	PubMed:23307043	Among these 15 glycans, a tri-antennary complex type glycan (m/z 3195) showed the highest area under the receiver operating characteristic curve (AUROC = 0.799) for the diagnosis of pancreatic cancer.
PID:0000073_3	1	1	core fucosylation	bGSL:50d1be21-660a-5e10-a72d-f832009f71db	glycan	increased level of core fucosylation	bullous pemphigoid	DOID:8506	diagnostic	saliva	UBERON:0001836	PubMed:40491922	The results showed that saliva derived from BP patients exhibited a significant increase of SNA (preferred Siaα2-6Gal/GalNAc residues, p=0.015), SBA (preferred α- or β-linked terminal GalNAc, (GalNAc)n, GalNAcα1-3Gal, p=0.024), and AAL(preferred Fucα1–6 GlcNAc (core fucose), Fucα1-3 (Galβ14) GlcNAc residues, p=0.001) in BP ( Figure 4c ).
PID:0000073_4	1	1	core fucosylation	bGSL:50d1be21-660a-5e10-a72d-f832009f71db	glycan	decreased level of core fucosylation	bullous pemphigoid	DOID:8506	diagnostic	saliva	UBERON:0001836	PubMed:40491922	Through paired differential analysis, we observed an increase in the SNA-binding glycan structures (p=0.014) and a decrease in the AAL-binding glycan structures (p=0.019) in saliva compared to pretreatment levels.
PID:0000085_2	1	1	core fucosylation	bGSL:50d1be21-660a-5e10-a72d-f832009f71db	glycan	increased level of core fucosylation	hepatocellular carcinoma	DOID:684	diagnostic	serum	UBERON:0001977	PubMed:40280554	A simple visual comparison between mean spectra obtained from HCC patients and healthy controls reveals clear differences in glycosylation patterns, particularly in core fucosylation, and in Fuc as part of (s)Lex and (s)Lea residues (Figure 7B and Figure S34). | Moreover, significant changes in fucosylation patterns become apparent, with markedly elevated levels of core Fuc, (s)Lex, and/or (s)Lea (q < 0.0001, signals Fuc-Q-CH3 and Fuc-ϑ-CH3 in Figure 7B,C).
PID:0000092_1	1	1	Core fucosylation	bGSL:50d1be21-660a-5e10-a72d-f832009f71db	glycan	increased level of Core fucosylation on IgG	severe non-proliferative diabetic retinopathy	DOID:8946	diagnostic	serum	UBERON:0001977	PubMed:40204274	Patients with severe NPDR have a lower tendency of galactosylation and a higher tendency for fucosylation, demonstrating that patients with severe NPDR manifest a higher status of inflammatory response.
PID:0000092_1	1	2	IgG		protein	increased level of Core fucosylation on IgG	severe non-proliferative diabetic retinopathy	DOID:8946	diagnostic	serum	UBERON:0001977	PubMed:40204274	Patients with severe NPDR have a lower tendency of galactosylation and a higher tendency for fucosylation, demonstrating that patients with severe NPDR manifest a higher status of inflammatory response.
PID:0000099_1	1	1	core fucose	bGSL:50d1be21-660a-5e10-a72d-f832009f71db	glycan	decreased level of core fucose on IgG	systemic lupus erythematosus	DOID:9074	diagnostic	serum IgG	UBERON:0001977	PubMed:40187773	Compared to DC and HC groups, the IgG glycan level of Galβ3GalNAc (binding Jacalin (11.3%) and Maclura pomifera lectin (14.4%)) was significantly increased, whereas most IgG glycan levels were significantly decreased, including core fucose, high mannose, GlcNAc, GalNAc and Galβ4GlcNAc in the SLE group (all p<0.05). | Looking into differences of each subgroup compared with HC (with no difference between WMOI vs HC), the glycan levels of lgG galactose (binding GSL I-B4 and PNA (13.3% and 28.3%)), Galβ3GalNAc (binding MPL) were significantly higher in NPSLE and LN vs HC, while IgG core fucose (binding PSA) and Galβ4GlcNAc (binding PHA-E) levels were significantly reduced within NPSLE versus HC.
PID:0000099_1	1	2	IgG		protein	decreased level of core fucose on IgG	systemic lupus erythematosus	DOID:9074	diagnostic	serum IgG	UBERON:0001977	PubMed:40187773	Compared to DC and HC groups, the IgG glycan level of Galβ3GalNAc (binding Jacalin (11.3%) and Maclura pomifera lectin (14.4%)) was significantly increased, whereas most IgG glycan levels were significantly decreased, including core fucose, high mannose, GlcNAc, GalNAc and Galβ4GlcNAc in the SLE group (all p<0.05). | Looking into differences of each subgroup compared with HC (with no difference between WMOI vs HC), the glycan levels of lgG galactose (binding GSL I-B4 and PNA (13.3% and 28.3%)), Galβ3GalNAc (binding MPL) were significantly higher in NPSLE and LN vs HC, while IgG core fucose (binding PSA) and Galβ4GlcNAc (binding PHA-E) levels were significantly reduced within NPSLE versus HC.
PID:0000117_0	1	1	core fucosylation	bGSL:50d1be21-660a-5e10-a72d-f832009f71db	glycan	decreased level of core fucosylation on IGG	Escherichia coli-induced sepsis	DOID:0040085	prognostic	serum	UBERON:0001977	PubMed:40165956	We identified that the fucosylation level was significantly decreased in patients. | As illustrated in Table 2 , the fucosylation level was significantly decreased in patients (sepsis: 95.09%) compared with the control population (95.83%). | The level of fucosylation (94.97%) and G0 (34.58%)in septic non-survivor was significantly lower than in septic survivors.
PID:0000117_0	1	2	IGG		protein	decreased level of core fucosylation on IGG	Escherichia coli-induced sepsis	DOID:0040085	prognostic	serum	UBERON:0001977	PubMed:40165956	We identified that the fucosylation level was significantly decreased in patients. | As illustrated in Table 2 , the fucosylation level was significantly decreased in patients (sepsis: 95.09%) compared with the control population (95.83%). | The level of fucosylation (94.97%) and G0 (34.58%)in septic non-survivor was significantly lower than in septic survivors.
PID:0000218_5	1	1	core fucosylation	bGSL:50d1be21-660a-5e10-a72d-f832009f71db	glycan	increased level of core fucosylation on IgG	Hypertension	DOID:10763	diagnostic	plasma	UBERON:0001969	PubMed:39337475	For instance, in the Kazakh population, decreased galactosylation and increased fucosylated agalactobiantennary Fc glycans in all IgG subclasses correlated with higher SBP and DBP.
PID:0000218_5	1	2	IgG		protein	increased level of core fucosylation on IgG	Hypertension	DOID:10763	diagnostic	plasma	UBERON:0001969	PubMed:39337475	For instance, in the Kazakh population, decreased galactosylation and increased fucosylated agalactobiantennary Fc glycans in all IgG subclasses correlated with higher SBP and DBP.
PID:0000306_0	1	1	core fucosylation	bGSL:50d1be21-660a-5e10-a72d-f832009f71db	glycan	increased level of core fucosylation on PD-1	non-small-cell lung cancer	DOID:3908	diagnostic	serum	UBERON:0001977	PubMed:38176728	Using combinations of these assays, we were able to measure fucosylated PD-1 in the serum of a cohort of NSCLC patients (Table S2). | Whereas there were no differences in the concentration of total serum PD-1 in different disease stages (Fig 4A), the fraction of fucosylated PD-1 appeared to increase in late-stage lung cancer (Fig 4B).
PID:0000306_0	1	2	PD-1		protein	increased level of core fucosylation on PD-1	non-small-cell lung cancer	DOID:3908	diagnostic	serum	UBERON:0001977	PubMed:38176728	Using combinations of these assays, we were able to measure fucosylated PD-1 in the serum of a cohort of NSCLC patients (Table S2). | Whereas there were no differences in the concentration of total serum PD-1 in different disease stages (Fig 4A), the fraction of fucosylated PD-1 appeared to increase in late-stage lung cancer (Fig 4B).
PID:0000333_0	1	1	core fucosylation	bGSL:50d1be21-660a-5e10-a72d-f832009f71db	glycan	decreased level of core fucosylation	gastric disease	DOID:76	diagnostic	serum	UBERON:0001977	PubMed:38148046	Along with the progression of gastric disease, the abundance of sialylated N-glycans increased, while that of core-fucosylated N-glycans decreased.
PID:0000343_2	1	1	Core fucosylated N-glycan	bGSL:50d1be21-660a-5e10-a72d-f832009f71db	glycan	decreased level of Core fucosylated N-glycan	lupus nephritis	DOID:0080162	diagnostic	serum	UBERON:0001977	PubMed:38003679	Only one of the IgG-associated N-glycan peaks, 1809 (desialylated containing a core fucose), in the serum was highly significantly different between the two groups with it being decreased in the LN group (Figure 4D).
PID:0000361_1	1	1	core fucosylation	bGSL:50d1be21-660a-5e10-a72d-f832009f71db	glycan	decreased level of core fucosylation on IgG	anti-neutrophil cytoplasmic antibody (ANCA)-associated vasculitis (PR3-ANCA vasculitis)	DOID:3049	prognostic	serum	UBERON:0001977	PubMed:37841251	Only in the subset of GPA-PR3-ANCA patients with an ANCA rise, relapsing patients showed a lower fucosylation compared to patients in remission in the year before relapse (T-9 months 91.6% vs. 94.6%, P = 0.02; T-6 months 91.6% vs. 94.2%, P = 0.01; T-3 months 91.7% vs. 95.0%, P = 0.02) and at the point of relapse or time-matched during remission (91.9% vs. 94.4% P = 0.02) ( Figure 4 ; Table S7 ).
PID:0000361_1	1	2	IgG		protein	decreased level of core fucosylation on IgG	anti-neutrophil cytoplasmic antibody (ANCA)-associated vasculitis (PR3-ANCA vasculitis)	DOID:3049	prognostic	serum	UBERON:0001977	PubMed:37841251	Only in the subset of GPA-PR3-ANCA patients with an ANCA rise, relapsing patients showed a lower fucosylation compared to patients in remission in the year before relapse (T-9 months 91.6% vs. 94.6%, P = 0.02; T-6 months 91.6% vs. 94.2%, P = 0.01; T-3 months 91.7% vs. 95.0%, P = 0.02) and at the point of relapse or time-matched during remission (91.9% vs. 94.4% P = 0.02) ( Figure 4 ; Table S7 ).
PID:0000418_8	1	1	core fucosylation	bGSL:50d1be21-660a-5e10-a72d-f832009f71db	glycan	increased level of core fucosylation	intrahepatic cholangiocarcinoma	DOID:4928	diagnostic	tissue	UBERON:0000479	PubMed:36890858	Figure 3B–D demonstrates a higher intensity and specificity of core fucosylated N-glycans to iCCA tissues in bisected N-glycans, suggesting that the fucosylation previously observed is core fucosylation. | Similarly, we demonstrate here that alterations in fucosylation are due to outer-arm and core fucosylation, but core fucosylation had a higher specificity to iCCA in tissue (Fig. 3B–D).
PID:0000435_0	1	1	core fucosylation	bGSL:50d1be21-660a-5e10-a72d-f832009f71db	glycan	altered level of core fucosylation on alpha fetoprotein	hepatocellular carcinoma	DOID:684	diagnostic	serum	UBERON:0001977	PubMed:36541409	The glycosylation patterns of AFP have been shown to differentiate these conditions, with AFP glycoforms with core fucosylation (AFP-L3) serving as a malignancy risk predictor for HCC.
PID:0000435_0	1	2	alpha fetoprotein		protein	altered level of core fucosylation on alpha fetoprotein	hepatocellular carcinoma	DOID:684	diagnostic	serum	UBERON:0001977	PubMed:36541409	The glycosylation patterns of AFP have been shown to differentiate these conditions, with AFP glycoforms with core fucosylation (AFP-L3) serving as a malignancy risk predictor for HCC.
PID:0000491_1	1	1	core fucosylation	bGSL:50d1be21-660a-5e10-a72d-f832009f71db	glycan	increased level of core fucosylation	pancreatic cancer	DOID:1793	diagnostic	serum	UBERON:0001977	PubMed:35954297	The results showed that five types of N-glycans, fucose, and α1-6-linked fucose residues that are recognized by AAL and LCA lectin, respectively; bisecting GlcNAc and multiantennary N-glycans that are bound by PHA-E and PHA-L, respectively; and α2-6-linked sialic acid residues that are recognized by SNA, were significantly increased in PC sera as compared with those in NC and AP sera (Figure 1a, the exact values of relative intensity can be seen in Table S3). | Compared with the NC group, the relative abundances of bisecting glycans, mannosylation, and fucosylation were significantly increased in the PC group; compared with the AP group, the relative abundances of bisecting glycans and fucosylation were significantly enhanced in the PC group; however, the relative abundances of fucosylation seemed similar between the NC and AP groups.
PID:0000503_0	1	1	core fucosylation	bGSL:50d1be21-660a-5e10-a72d-f832009f71db	glycan	altered level of core fucosylation	type II diabetes mellitus	DOID:9352	diagnostic	plasma	UBERON:0001969	PubMed:35768493	Then Testa et al.44, showed that core-α-1,6-fucosylated diantennary glycans was associated with T2DM.
PID:0000526_2	1	1	Core fucose	bGSL:50d1be21-660a-5e10-a72d-f832009f71db	glycan	decreased level of Core fucose on IgG1	severe COVID-19	DOID:0081013	prognostic	plasma	UBERON:0001969	PubMed:35334306	Low fucosylation levels on severe acute respiratory syndrome coronavirus 2 (SARS-CoV-2) spike (S) protein-specific IgG1 has been described as a hallmark of severe coronavirus disease 2019 (COVID-19) and may lead to activation of macrophages via immune complexes thereby promoting inflammatory responses, altogether suggesting involvement of IgG1 Fc glycosylation modulated immune mechanisms in COVID-19. | Afucosylated IgG1 B cell responses have recently been described to characterize immune reactions against membrane-embedded antigens in general, and in particular against viral infections caused by enveloped viruses such as COVID-19.13 Foregoing studies showed that severe, hospitalized patients exhibit a decreased anti-S IgG1 fucosylation as compared to mild, non-hospitalized patients. | 14 Therefore, based on the early existence of these proinflammatory signatures in some of the patients, we hypothesize that low fucosylation – potentially even lower before measurable seroconversion, as hypothesized before13 – on anti-S IgG1 may act as an early inflammatory signal that promotes the development of a more severe disease in COVID-19 patients, resulting in hospital admission.
PID:0000526_2	1	2	IgG1		protein	decreased level of Core fucose on IgG1	severe COVID-19	DOID:0081013	prognostic	plasma	UBERON:0001969	PubMed:35334306	Low fucosylation levels on severe acute respiratory syndrome coronavirus 2 (SARS-CoV-2) spike (S) protein-specific IgG1 has been described as a hallmark of severe coronavirus disease 2019 (COVID-19) and may lead to activation of macrophages via immune complexes thereby promoting inflammatory responses, altogether suggesting involvement of IgG1 Fc glycosylation modulated immune mechanisms in COVID-19. | Afucosylated IgG1 B cell responses have recently been described to characterize immune reactions against membrane-embedded antigens in general, and in particular against viral infections caused by enveloped viruses such as COVID-19.13 Foregoing studies showed that severe, hospitalized patients exhibit a decreased anti-S IgG1 fucosylation as compared to mild, non-hospitalized patients. | 14 Therefore, based on the early existence of these proinflammatory signatures in some of the patients, we hypothesize that low fucosylation – potentially even lower before measurable seroconversion, as hypothesized before13 – on anti-S IgG1 may act as an early inflammatory signal that promotes the development of a more severe disease in COVID-19 patients, resulting in hospital admission.
PID:0000573_0	1	1	core fucosylation	bGSL:50d1be21-660a-5e10-a72d-f832009f71db	glycan	increased level of core fucosylation	liver cirrhosis	DOID:5082	diagnostic	serum	UBERON:0001977	PubMed:34857845	The core fucosylated glycopeptides show a general trend to increased intensities in the cirrhotic groups compared to the healthy controls (Supplemental Table 1). | When we compare peak areas of the same fucosylated glycoforms in the cirrhosis groups to the healthy controls, 23 of 45 glycopeptides have higher intensity in cirrhosis; 6 of the glycopetides show significantly higher intensity in all four cirrhosis categories (p < 0.05) compared to the healthy controls and all of them have intensity consistently more than twofold higher. | The highest difference in the peak areas of the fucosylated glycopeptide was observed for the tetra-antennary glycoform of the ELHHLQEQNVSNAFLDK glycopeptide of ceruloplasmin which is on average 7.5 fold higher in the cirrhosis groups. | One of the consistenly and significantly changed core fucosylated glycopeptides is the biantennary and triantennary LANTQGEDQYYLR peptide of clusterin (Fig. 4) which was previously described in liver disease by our group33 and by others (panel of analytes in patent US20090208926A1 ). | Core fucosylated glycoforms (normalized intensity) of 11 glycopeptides of these proteins increase significantly (FDR < 0.05) threefold or greater in at least two categories of liver cirrhosis compared to the healthy controls (Table 2).
PID:0000711_0	1	1	core fucosylation	bGSL:50d1be21-660a-5e10-a72d-f832009f71db	glycan	altered level of core fucosylation on prostate specific antigen	prostate cancer	DOID:10283	diagnostic	serum	UBERON:0001977	PubMed:33288424	Different studies have described changes in the core-fucosylation level of PSA between PCa patients and healthy controls.
PID:0000711_0	1	2	prostate specific antigen		protein	altered level of core fucosylation on prostate specific antigen	prostate cancer	DOID:10283	diagnostic	serum	UBERON:0001977	PubMed:33288424	Different studies have described changes in the core-fucosylation level of PSA between PCa patients and healthy controls.
PID:0000746_0	1	1	core fucosylation	bGSL:50d1be21-660a-5e10-a72d-f832009f71db	glycan	increased level of core fucosylation	pancreatic ductal adenocarcinoma	DOID:3498	diagnostic	tumor tissue	UBERON:0000479	PubMed:33581409	Core-fucosylated triantennary and tetra-antennary N-glycan species with bisecting GlcNAc modifications and terminal GalNAc residues were primarily localized to adenocarcinoma regions (Fig. 3D). | The interface between tumor, necrosis, and adjacent normal tissue was defined by tetra-antennary core-fucosylated structures with terminal poly-LacNAc extensions of increasing length (Fig. 3E), whereas N-glycans localized to adjacent normal tissue were typically biantennary and triantennary structures with core fucose residues (Fig. 3F). | N-glycans significantly associated with CA19-9 expression tended to be core-fucosylated biantennary, triantennary, and tetra-antennary structures with bisecting GlcNAc residues and multiple outer arm fucosylations.
PID:0000842_0	1	1	core fucosylation	bGSL:50d1be21-660a-5e10-a72d-f832009f71db	glycan	increased level of core fucosylation on IGG	systemic lupus erythematosus	DOID:9074	diagnostic	serum	UBERON:0001977	PubMed:32843681	In the present study, we found that the level of core fucosylation catalyzed by α1,6-fucosyltransferase (Fut8) is markedly up-regulated on immunoglobulin G (IgG) in the sera of SLE patients detected by Aspergillus oryzae lectin (AOL) blot. | In sandwich Dot enzyme-linked immunosorbent assay (Dot-ELISA), the core fucosylation level was also found significantly increased in the sera from SLE patients with a higher ANA titer. | The core fucosylation on the IgGs from SLE patients was higher than those from RA patients (**p < 0.01), albeit the core fucosylation was significantly increased in the serum of RA and SLE patients compared with the healthy controls (Fig. 2C). | The level of core fucosylation was significantly increased in SLE serum (****p < 0.0001), and the expression of IgGs was also upregulated (*p < 0.05) (Fig. 3A,B). | Indeed, the core fucosylated N-glycans were increased on the IgGs of the SLE patients compared with those of healthy controls by electrospray ionization mass spectrometry (ESI–MS) (Supplementary Fig. 1).
PID:0000842_0	1	2	IGG		protein	increased level of core fucosylation on IGG	systemic lupus erythematosus	DOID:9074	diagnostic	serum	UBERON:0001977	PubMed:32843681	In the present study, we found that the level of core fucosylation catalyzed by α1,6-fucosyltransferase (Fut8) is markedly up-regulated on immunoglobulin G (IgG) in the sera of SLE patients detected by Aspergillus oryzae lectin (AOL) blot. | In sandwich Dot enzyme-linked immunosorbent assay (Dot-ELISA), the core fucosylation level was also found significantly increased in the sera from SLE patients with a higher ANA titer. | The core fucosylation on the IgGs from SLE patients was higher than those from RA patients (**p < 0.01), albeit the core fucosylation was significantly increased in the serum of RA and SLE patients compared with the healthy controls (Fig. 2C). | The level of core fucosylation was significantly increased in SLE serum (****p < 0.0001), and the expression of IgGs was also upregulated (*p < 0.05) (Fig. 3A,B). | Indeed, the core fucosylated N-glycans were increased on the IgGs of the SLE patients compared with those of healthy controls by electrospray ionization mass spectrometry (ESI–MS) (Supplementary Fig. 1).
PID:0000855_1	1	1	α1-6 core fucosylation	bGSL:50d1be21-660a-5e10-a72d-f832009f71db	glycan	altered level of α1-6 core fucosylation on AFP	hepatocellular carcinoma	DOID:684	diagnostic	serum	UBERON:0001977	PubMed:32367479	Quantification of AFP in HCC patients using CSL lectin-antibody sandwich ELISA, supports diagnostic potential of CSL.
PID:0000855_1	1	2	AFP		protein	altered level of α1-6 core fucosylation on AFP	hepatocellular carcinoma	DOID:684	diagnostic	serum	UBERON:0001977	PubMed:32367479	Quantification of AFP in HCC patients using CSL lectin-antibody sandwich ELISA, supports diagnostic potential of CSL.
PID:0000906_0	1	1	core fucosylation	bGSL:50d1be21-660a-5e10-a72d-f832009f71db	glycan	increased level of core fucosylation	rheumatoid arthritis	DOID:7148	diagnostic	serum	UBERON:0001977	PubMed:32141499	Interestingly, increased core fucosylation accompanied by a reduction in α2,6-sialylation, was detected in rheumatoid arthritis patient serum.
PID:0000908_1	1	1	core fucosylation	bGSL:50d1be21-660a-5e10-a72d-f832009f71db	glycan	increased level of core fucosylation on IgG	rheumatoid arthritis	DOID:7148	diagnostic	serum	UBERON:0001977	PubMed:32192063	Our results suggested that total IgG purified from serum of RA patients shows significantly lower galactosylation (p = 0.0012), lower sialylation (p < 0.0001) and higher fucosylation (p = 0.0063) levels compared with healthy controls. | Our results also indicated significantly lower sialylation, reduced bisection, and increased fucosylation in patients with RA compared with healthy controls. | In agreement, higher IgG fucosylation was also observed in the subgroup of patients with high RF levels compared with healthy controls and with patients with low RF levels (Figure 5C).
PID:0000908_1	1	2	IgG		protein	increased level of core fucosylation on IgG	rheumatoid arthritis	DOID:7148	diagnostic	serum	UBERON:0001977	PubMed:32192063	Our results suggested that total IgG purified from serum of RA patients shows significantly lower galactosylation (p = 0.0012), lower sialylation (p < 0.0001) and higher fucosylation (p = 0.0063) levels compared with healthy controls. | Our results also indicated significantly lower sialylation, reduced bisection, and increased fucosylation in patients with RA compared with healthy controls. | In agreement, higher IgG fucosylation was also observed in the subgroup of patients with high RF levels compared with healthy controls and with patients with low RF levels (Figure 5C).
PID:0001067_0	1	1	core fucosylation	bGSL:50d1be21-660a-5e10-a72d-f832009f71db	glycan	increased level of core fucosylation	breast cancer	DOID:1612	diagnostic	whole serum	UBERON:0001977	PubMed:31208374	Out of 35 N-glycans that were significantly up-regulated in the sera of all BC patients compared to the NC, 17 complex type N-glycans showed profound expression abundance and diagnostic potential (AUC = 0.8–1) for the early stage (I and II) BC patients. | Most of these glycans were core-fucosylated, multiply branched and sialylated structures, whose abundance has been strongly associated with greater invasive and metastatic potential of cancer. | All these glycan structures belong to complex type N-glycans that include 4 bisecting, 8 core fucosylated, and 12 sialylated to a different degree with multiply branched antennas.
PID:0001117_0	1	1	core fucosylation	bGSL:50d1be21-660a-5e10-a72d-f832009f71db	glycan	altered level of core fucosylation on prostate-specific antigen	prostate cancer	DOID:10283	diagnostic	serum	UBERON:0001977	PubMed:30907281	Recently, changes in prostate-specific antigen glycosylation pattern, such as core-fucosylation, have been described in prostate cancer. | A previously developed liquid chromatography-mass spectrometry/mass spectrometry-based strategy was used for multiplex analysis of core-fucosylated prostate-specific antigen (fuc-PSA) and total prostate-specific antigen levels in sera from 50 benign prostate hyperplasia and 100 prostate cancer patients of different aggressiveness (Gleason scores, 5-10) covering the critical gray area (2-10 ng/mL). | For identification of aggressive prostate cancer, the ratio of fuc-PSA to total prostate-specific antigen (%-fuc-PSA) yielded a 5%-8% increase in the area under the curve (0.60) compared to the currently used total prostate-specific antigen (area under the curve = 0.52) and %-free prostate-specific antigen (area under the curve = 0.55) tests. | However, our data showed that aggressive prostate cancer (Gleason score > 6) and non-aggressive prostate cancer (Gleason score ≤ 6) could not significantly (p-value = 0.08) be differentiated by usage of %-fuc-PSA. | In addition, both non-standardized fuc-PSA and standardized %-fuc-PSA had no diagnostic value for differentiation of benign prostate hyperplasia from prostate cancer.
PID:0001117_0	1	2	prostate-specific antigen		protein	altered level of core fucosylation on prostate-specific antigen	prostate cancer	DOID:10283	diagnostic	serum	UBERON:0001977	PubMed:30907281	Recently, changes in prostate-specific antigen glycosylation pattern, such as core-fucosylation, have been described in prostate cancer. | A previously developed liquid chromatography-mass spectrometry/mass spectrometry-based strategy was used for multiplex analysis of core-fucosylated prostate-specific antigen (fuc-PSA) and total prostate-specific antigen levels in sera from 50 benign prostate hyperplasia and 100 prostate cancer patients of different aggressiveness (Gleason scores, 5-10) covering the critical gray area (2-10 ng/mL). | For identification of aggressive prostate cancer, the ratio of fuc-PSA to total prostate-specific antigen (%-fuc-PSA) yielded a 5%-8% increase in the area under the curve (0.60) compared to the currently used total prostate-specific antigen (area under the curve = 0.52) and %-free prostate-specific antigen (area under the curve = 0.55) tests. | However, our data showed that aggressive prostate cancer (Gleason score > 6) and non-aggressive prostate cancer (Gleason score ≤ 6) could not significantly (p-value = 0.08) be differentiated by usage of %-fuc-PSA. | In addition, both non-standardized fuc-PSA and standardized %-fuc-PSA had no diagnostic value for differentiation of benign prostate hyperplasia from prostate cancer.
PID:0001173_2	1	1	core fucosylation	bGSL:50d1be21-660a-5e10-a72d-f832009f71db	glycan	increased level of core fucosylation on haptoglobin	prostate cancer	DOID:10283	diagnostic	serum	UBERON:0001977	PubMed:30451032	An interesting study comparing changes in the fucosylation of N-glycans attached to haptoglobin in the sera of patients with gastroenterological cancer (esophageal, gastric, colon, gallbladder and pancreatic), non-gastroenterological cancer (PCa) and healthy control was performed using LC-MS [44]. | The results indicate that the composition of 6 glycans (bi-, tri- and tetra-antennary with or without fucose) on haptoglobin is unique for every type of serum sample investigated (several types of cancer and healthy control). | Analysis of nonmetastatic cancer serum samples revealed that haptoglobin from the PCa serum sample contained more core fucosylated glycans at the expense of Lewis fucosylated glycans. | In the case of gastroenterological cancer, the situation was reversed. | When discussing the PCa serum samples, the presence of metastasis-induced change in the haptoglobin fucosylation from core-fucosylation into Lewis-fucosylation, with Lewis-fucosylation as a ligand for selectins, is important in the formation of metastasis [44].
PID:0001173_2	1	2	haptoglobin		protein	increased level of core fucosylation on haptoglobin	prostate cancer	DOID:10283	diagnostic	serum	UBERON:0001977	PubMed:30451032	An interesting study comparing changes in the fucosylation of N-glycans attached to haptoglobin in the sera of patients with gastroenterological cancer (esophageal, gastric, colon, gallbladder and pancreatic), non-gastroenterological cancer (PCa) and healthy control was performed using LC-MS [44]. | The results indicate that the composition of 6 glycans (bi-, tri- and tetra-antennary with or without fucose) on haptoglobin is unique for every type of serum sample investigated (several types of cancer and healthy control). | Analysis of nonmetastatic cancer serum samples revealed that haptoglobin from the PCa serum sample contained more core fucosylated glycans at the expense of Lewis fucosylated glycans. | In the case of gastroenterological cancer, the situation was reversed. | When discussing the PCa serum samples, the presence of metastasis-induced change in the haptoglobin fucosylation from core-fucosylation into Lewis-fucosylation, with Lewis-fucosylation as a ligand for selectins, is important in the formation of metastasis [44].
PID:0001275_0	1	1	core fucosylation	bGSL:50d1be21-660a-5e10-a72d-f832009f71db	glycan	altered level of core fucosylation	colorectal cancer	DOID:9256	diagnostic	serum	UBERON:0001977	PubMed:29698801	Moreover, IgG N-glycosylation analysis suggested that core-fucosylation, sialylation and sialo core-fucosylation were possibly related to the development of CRC.
PID:0001305_0	1	1	core fucosylation	bGSL:50d1be21-660a-5e10-a72d-f832009f71db	glycan	altered level of core fucosylation on Prostate Specific Antigen	prostate cancer	DOID:10283	diagnostic	human serum	UBERON:0001977	PubMed:29408166	Recently, site-specific fucosylation of glycoproteins has attracted attention as it can be associated with several types of cancers including prostate cancer. | This method could be used in large patient cohorts as core-fucosylated PSA may be a diagnostic biomarker for the differentiation of prostate cancer and other prostatic diseases, such as benign prostatic hyperplasia (BPH).
PID:0001305_0	1	2	Prostate Specific Antigen	UPKB:P07288	protein	altered level of core fucosylation on Prostate Specific Antigen	prostate cancer	DOID:10283	diagnostic	human serum	UBERON:0001977	PubMed:29408166	Recently, site-specific fucosylation of glycoproteins has attracted attention as it can be associated with several types of cancers including prostate cancer. | This method could be used in large patient cohorts as core-fucosylated PSA may be a diagnostic biomarker for the differentiation of prostate cancer and other prostatic diseases, such as benign prostatic hyperplasia (BPH).
PID:0001365_1	1	1	core fucosylation	bGSL:50d1be21-660a-5e10-a72d-f832009f71db	glycan	increased level of core fucosylation	pancreatic cancer	DOID:1793	diagnostic	serum	UBERON:0001977	PubMed:29232830	This was proposed to be associated with an inflammatory response, being observable in both the PDAC and pancreatitis groups, whereas an increase in core fucosylation appeared to be cancer-specific.
PID:0001484_0	1	1	core fucosylation	bGSL:50d1be21-660a-5e10-a72d-f832009f71db	glycan	increased level of core fucosylation on kininogen	hepatocellular carcinoma	DOID:684	diagnostic	serum	UBERON:0001977	PubMed:28223431	Glycan analysis revealed that kininogen has several glycan modifications that have been associated with HCC, but often not with specific proteins, including increased levels of core and outer-arm fucosylation and increased branching. | Even though the structures detected at each site differ, fucosylation of the glycans at all the four peptides increased in HCC compared to cirrhosis. | This is documented in Figure 4 on the N294 glycosylation site that shows, as compared to the cirrhotic control, a greater level of fucosylation for all glycoforms from bi- to tetra- antennary. | Analysis of kininogen from patients with HCC revealed an increased amount of both core and outer-arm fucosylation as compared to the cirrhotic controls.
PID:0001484_0	1	2	kininogen	UPKB:P01042	protein	increased level of core fucosylation on kininogen	hepatocellular carcinoma	DOID:684	diagnostic	serum	UBERON:0001977	PubMed:28223431	Glycan analysis revealed that kininogen has several glycan modifications that have been associated with HCC, but often not with specific proteins, including increased levels of core and outer-arm fucosylation and increased branching. | Even though the structures detected at each site differ, fucosylation of the glycans at all the four peptides increased in HCC compared to cirrhosis. | This is documented in Figure 4 on the N294 glycosylation site that shows, as compared to the cirrhotic control, a greater level of fucosylation for all glycoforms from bi- to tetra- antennary. | Analysis of kininogen from patients with HCC revealed an increased amount of both core and outer-arm fucosylation as compared to the cirrhotic controls.
PID:0001527_0	1	1	core fucosylation	bGSL:50d1be21-660a-5e10-a72d-f832009f71db	glycan	increased level of core fucosylation	pancreatic cancer	DOID:1793	diagnostic	serum	UBERON:0001977	PubMed:26714469	The level of total core fucose residues was increased significantly in PC.
PID:0001557_0	1	1	core α-1,6 fucose	bGSL:50d1be21-660a-5e10-a72d-f832009f71db	glycan	increased level of core α-1,6 fucose	hepatocellular carcinoma	DOID:684	diagnostic	serum	UBERON:0001977	PubMed:27650323	In the case of N-linked glycans, the greatest increase in the binding of N224Q was observed with N-linked corefucosylated glycan (Fig. 2E). | Importantly, this molecule also becomes core fucosylated in HCC. | As the glycan array indicated that the N224Q lectin can bind non core fucosylated glycan we performed a secondary confirmatory proteomic study, on pooled sera from patients with liver cirrhosis or pooled sera from matched HCC patients (also with cirrhosis) using the core fucose-binding lectin PhoSL and subjected these samples to identical LC MS/MS analysis. | As Table 2 shows, 10 of the identified proteins found as part of the fucosylated proteome from the fetal cell line were also found associated with the core fucosylated proteome in human HCC.
PID:0001624_0	1	1	core fucosylation	bGSL:50d1be21-660a-5e10-a72d-f832009f71db	glycan	increased level of core fucosylation	hepatocellular carcinoma	DOID:684	diagnostic	serum	UBERON:0001977	PubMed:27181357	Specifically, these altered glycans were increased levels of core and outer arm fucosylation. | We have previously identified proteins that become hyper-fucosylated in HCC and developed a plate-based assay to assess the level of fucosylation in samples[5, 12].
PID:0001648_1	1	1	core fucosylation	bGSL:50d1be21-660a-5e10-a72d-f832009f71db	glycan	increased level of core fucosylation on IgG	colorectal cancer	DOID:9256	diagnostic	plasma	UBERON:0001969	PubMed:26831718	We have found that CRC associates with decrease in IgG galactosylation, IgG sialylation and increase in core-fucosylation of neutral glycans with concurrent decrease of core fucosylation of sialylated glycans. | In this study we have observed consistent decreases in all structures with two terminal galactoses (A2BG2 (GP13), FA2G2 (GP14) and FA2BG2(GP15)) and an increase in structures without galactoses (A2 (GP2), A2B (GP3), FA2 (GP4) and FA2B (GP6)) (Supplementary Table 2).
PID:0001648_1	1	2	IgG		protein	increased level of core fucosylation on IgG	colorectal cancer	DOID:9256	diagnostic	plasma	UBERON:0001969	PubMed:26831718	We have found that CRC associates with decrease in IgG galactosylation, IgG sialylation and increase in core-fucosylation of neutral glycans with concurrent decrease of core fucosylation of sialylated glycans. | In this study we have observed consistent decreases in all structures with two terminal galactoses (A2BG2 (GP13), FA2G2 (GP14) and FA2BG2(GP15)) and an increase in structures without galactoses (A2 (GP2), A2B (GP3), FA2 (GP4) and FA2B (GP6)) (Supplementary Table 2).
PID:0001879_0	1	1	core-fucosylation	bGSL:50d1be21-660a-5e10-a72d-f832009f71db	glycan	altered level of core-fucosylation	prostate cancer	DOID:10283	diagnostic	urine	UBERON:0001088	PubMed:25358590	Differences in total urine N-glycosylation profile of prostatic proteins were determined between healthy volunteers (n = 54), patients with benign prostate hyperplasia (BPH; n = 93) and newly diagnosed PCa patients (n = 74). | Variations in N-glycosylation profile and prostate volume were combined into one urinary glycoprofile marker (UGM). | Additionally, differences in N-glycosylation were identified between Gleason <7, =7, and >7. | A significant difference was found in core-fucosylation of biantennary structures and overall core-fucosylation of multiantennary structures between Gleason < 7 and Gleason > 7 (P = 0.010 and P = 0.020, respectively) and between Gleason = 7 and Gleason > 7 (P = 0.011 and P = 0.025, respectively).
PID:0001890_1	1	1	core fucosylation	bGSL:50d1be21-660a-5e10-a72d-f832009f71db	glycan	increased level of core fucosylation	ovarian cancer	DOID:2394	diagnostic	tissue	UBERON:0000479	PubMed:25437919	Most of the bisecting N-linked glycans also have core fucosylation, another neutral N-linked glycan structure known to be amplified in EOC.
PID:0001979_0	1	1	core fucosylation	bGSL:50d1be21-660a-5e10-a72d-f832009f71db	glycan	increased level of core fucosylation on CP	hepatocellular carcinoma	DOID:684	diagnostic	serum	UBERON:0001977	PubMed:24799124	The core-fucosylation ratio of three of these sites increased significantly in alcohol-related HCC samples (sample size = 24) compared to that in alcohol-related cirrhosis samples (sample size = 18), with the highest AUC value of 0.838 at site 138. | Compared to that of normal samples, the core-fucosylation ratio of ceruloplasmin in ALC-related HCC samples was significantly upregulated at all four sites, with p < 0.001. | When comparing ALC-related cirrhosis with ALC-related HCC samples, the core-fucosylation ratio of three sites was upregulated in HCC samples, with p < 0.001 at site 138 and p < 0.01 at sites 397 and 762. | The core-fucosylation ratio in ALC-related HCC early stage and late stage samples was significantly higher than those of normal controls at all four sites (Figures 2 and 3), whereas in HBV-related HCC samples, the upregulation of core-fucosylation was found at site 397 (Figure 4) and at sites 138 and 397 in HCV-related HCC samples (Figure 5). | In HBV-related samples, the core-fucosylation ratio of HCC samples at site 397 was higher than that in normal samples, with p < 0.05 (Figure 4), whereas HCV-related HCC samples had significant upregulation of core-fucosylation at sites 138 and 397, with p < 0.05 and p < 0.001, respectively (Figure 5).
PID:0001979_0	1	2	CP	UPKB:P00441	protein	increased level of core fucosylation on CP	hepatocellular carcinoma	DOID:684	diagnostic	serum	UBERON:0001977	PubMed:24799124	The core-fucosylation ratio of three of these sites increased significantly in alcohol-related HCC samples (sample size = 24) compared to that in alcohol-related cirrhosis samples (sample size = 18), with the highest AUC value of 0.838 at site 138. | Compared to that of normal samples, the core-fucosylation ratio of ceruloplasmin in ALC-related HCC samples was significantly upregulated at all four sites, with p < 0.001. | When comparing ALC-related cirrhosis with ALC-related HCC samples, the core-fucosylation ratio of three sites was upregulated in HCC samples, with p < 0.001 at site 138 and p < 0.01 at sites 397 and 762. | The core-fucosylation ratio in ALC-related HCC early stage and late stage samples was significantly higher than those of normal controls at all four sites (Figures 2 and 3), whereas in HBV-related HCC samples, the upregulation of core-fucosylation was found at site 397 (Figure 4) and at sites 138 and 397 in HCV-related HCC samples (Figure 5). | In HBV-related samples, the core-fucosylation ratio of HCC samples at site 397 was higher than that in normal samples, with p < 0.05 (Figure 4), whereas HCV-related HCC samples had significant upregulation of core-fucosylation at sites 138 and 397, with p < 0.05 and p < 0.001, respectively (Figure 5).
PID:0002001_0	1	1	core fucosylation	bGSL:50d1be21-660a-5e10-a72d-f832009f71db	glycan	decreased level of core fucosylation	gastric cancer	DOID:10534	diagnostic	serum	UBERON:0001977	PubMed:24732908	Compared with the healthy control, a trianntenary structure abundance, peak 9 (NA3Fb), was increased significantly in gastric cancer, while the total abundance of core-fucosylated residues (sumfuc) was decreased. | Consistently, lens culinaris agglutinin (LCA)-binding proteins were decreased significantly in sera of gastric cancer, and protein level of Fut8 was decreased significantly in gastric tumor tissues compared with that in adjacent non-tumor tissues. | Core-fucosylation is down regulated in gastric cancer. | Upregulation of core-fucosylation could inhibit proliferation of the human gastric cancer cells. | In serum, the level of LCA-binding core fucose residues was lower in gastric cancer than that in the gastric ulcer and healthy controls (Figure 3A).
PID:0002001_1	1	1	core fucosylation	bGSL:50d1be21-660a-5e10-a72d-f832009f71db	glycan	decreased level of core fucosylation	gastric cancer	DOID:10534	diagnostic	tumor tissue	UBERON:0000479	PubMed:24732908	Core-fucosylated structures, peak6(NA2F) and peak7(NA2FB) were deceased in gastric tumor tissues when compared with that in adjacent non-tumor tissues. | Consistently, lens culinaris agglutinin (LCA)-binding proteins were decreased significantly in sera of gastric cancer, and protein level of Fut8 was decreased significantly in gastric tumor tissues compared with that in adjacent non-tumor tissues. | Total core fucose abundance also trended to be lower in gastric tumors compared to that in paired adjacent tissues (Figure 3B). | The Fut8 in adjacent tissues was significantly higher than that in tumor tissues (P<0.05) (Figure 3E).
PID:0002059_0	1	1	core fucosylation	bGSL:50d1be21-660a-5e10-a72d-f832009f71db	glycan	decreased level of core fucosylation	alcohol dependence	DOID:0050741	diagnostic	saliva	UBERON:0001836	PubMed:24085030	In direct lectin ELISA, core fucosylation, α2,3 sialylation and expression of T-antigen were significantly lowered in the saliva of alcohol-dependent patients.
PID:0002093_0	1	1	core fucosylation	bGSL:50d1be21-660a-5e10-a72d-f832009f71db	glycan	decreased level of core fucosylation	gastric cancer	DOID:10534	diagnostic	serum	UBERON:0001977	PubMed:24147084	We identified at least 9 N-glycan structures (peaks) and the levels of core fucose residues and fucosyltransferase were significantly decreased in GC.
PID:0002093_1	1	1	core fucosylation	bGSL:50d1be21-660a-5e10-a72d-f832009f71db	glycan	decreased level of core fucosylation	gastric cancer	DOID:10534	diagnostic	tissue	UBERON:0000479	PubMed:24147084	The total core fucose abundance was lower in GC tumors than in paired adjacent tissue (Figure 4B).
PID:0002195_0	1	1	core fucosylation	bGSL:50d1be21-660a-5e10-a72d-f832009f71db	glycan	decreased level of core fucosylation on thyroglobulin antibody	Hashimoto's thyroiditis	DOID:7188	diagnostic	serum	UBERON:0001977	PubMed:23360821	Among HT, GD, and PTC groups, HT patients had significantly lower core fucose content on TgAb than the other two groups; an increasing trend of sialylation was found in PTC sera (P=0.076) compared with HT groups.
PID:0002195_0	1	2	thyroglobulin antibody		protein	decreased level of core fucosylation on thyroglobulin antibody	Hashimoto's thyroiditis	DOID:7188	diagnostic	serum	UBERON:0001977	PubMed:23360821	Among HT, GD, and PTC groups, HT patients had significantly lower core fucose content on TgAb than the other two groups; an increasing trend of sialylation was found in PTC sera (P=0.076) compared with HT groups.
PID:0002291_0	1	1	core-fucosylation	bGSL:50d1be21-660a-5e10-a72d-f832009f71db	glycan	altered level of core-fucosylation on alpha-fetoprotein	liver cancer	DOID:3571	susceptibility	serum	UBERON:0001977	PubMed:22233759	Our previous studies of the enzymatic basis and structural studies of α-fetoprotein (AFP) samples from liver cancer patients indicated that core-fucosylation by α1,6-fucosyltransferase (FUT8) resulted in the production of fucosylated AFP, and in fact fucosylated AFP allowed differential diagnosis in some types of liver cancer from liver cirrhosis. | This served as a predictive biomarker for the development of liver cancer 3 to 18 months before it could be detected using imaging techniques.
PID:0002291_0	1	2	alpha-fetoprotein		protein	altered level of core-fucosylation on alpha-fetoprotein	liver cancer	DOID:3571	susceptibility	serum	UBERON:0001977	PubMed:22233759	Our previous studies of the enzymatic basis and structural studies of α-fetoprotein (AFP) samples from liver cancer patients indicated that core-fucosylation by α1,6-fucosyltransferase (FUT8) resulted in the production of fucosylated AFP, and in fact fucosylated AFP allowed differential diagnosis in some types of liver cancer from liver cirrhosis. | This served as a predictive biomarker for the development of liver cancer 3 to 18 months before it could be detected using imaging techniques.
PID:0002385_0	1	1	core fucosylation	bGSL:50d1be21-660a-5e10-a72d-f832009f71db	glycan	decreased level of core fucosylation	colorectal cancer	DOID:9256	diagnostic	serum	UBERON:0001977	PubMed:21853445	The level of total core fucose residues and fucosyltransferase were decreased significantly in CRC.
PID:0002390_0	1	1	core fucosylation	bGSL:50d1be21-660a-5e10-a72d-f832009f71db	glycan	increased level of core fucosylation on haptoglobin	psoriasis	DOID:8893	diagnostic	plasma	UBERON:0001969	PubMed:23272204	Hpt from skin and plasma of patients showed more fucosylated and branched glycans than Hpt from plasma of healthy subjects. | These results confirm that pHpt-P and sHpt-P have more fucosylated and branched glycans than pHpt-N, and indicate that they display increased ratio of α2,3-linked with α2,6-linked S as compared with normal glycoforms. | Conversely, in psoriasis, Hpt contains higher amount in sialic acid residues α2,3-linked to galactose than normal Hpt. | This change in the type of glycosidic bond likely occurs on tri-antennary chains because α2,3-sialyltrasferase shows a much higher affinity than α2,6-sialyltransferase for arms growing on branched glycans [36]. | Therefore increase in the amount of α2,3-linked sialic acid well agrees with increase in branching of Hpt from patients.
PID:0002390_0	1	2	haptoglobin		protein	increased level of core fucosylation on haptoglobin	psoriasis	DOID:8893	diagnostic	plasma	UBERON:0001969	PubMed:23272204	Hpt from skin and plasma of patients showed more fucosylated and branched glycans than Hpt from plasma of healthy subjects. | These results confirm that pHpt-P and sHpt-P have more fucosylated and branched glycans than pHpt-N, and indicate that they display increased ratio of α2,3-linked with α2,6-linked S as compared with normal glycoforms. | Conversely, in psoriasis, Hpt contains higher amount in sialic acid residues α2,3-linked to galactose than normal Hpt. | This change in the type of glycosidic bond likely occurs on tri-antennary chains because α2,3-sialyltrasferase shows a much higher affinity than α2,6-sialyltransferase for arms growing on branched glycans [36]. | Therefore increase in the amount of α2,3-linked sialic acid well agrees with increase in branching of Hpt from patients.
PID:0002416_0	1	1	core fucosylation	bGSL:50d1be21-660a-5e10-a72d-f832009f71db	glycan	increased level of core fucosylation	colorectal cancer	DOID:9256	diagnostic	tumor tissue	UBERON:0000479	PubMed:22152070	One of the most frequent alterations in the normal glycosylation pattern observed during carcinogenesis is the enhancement of α(1,6)linked fucose residues of glycoproteins, due to the up-regulation of the α(1,6)fucosyltransferase activity. | Several researchers have reported the specific alteration of α(1,6)FT activity and expression in malignant processes, such as HCC [26,27], thyroid papillary carcinoma [28] and ovarian adenocarcinoma [29]. | Recently, we have also reported the alteration of the enzyme in CRC [22] and its implication in the disease progression (submitted data).
PID:0002505_0	1	1	core fucosylated N-glycans	bGSL:50d1be21-660a-5e10-a72d-f832009f71db	glycan	increased level of core fucosylated N-glycans on haptoglobin	pancreatic cancer	DOID:1793	diagnostic	serum	UBERON:0001977	PubMed:21417406	Both core and antennary fucosylation were elevated in pancreatic cancer samples compared to samples from benign conditions.
PID:0002505_0	1	2	haptoglobin	UPKB:P00738	protein	increased level of core fucosylated N-glycans on haptoglobin	pancreatic cancer	DOID:1793	diagnostic	serum	UBERON:0001977	PubMed:21417406	Both core and antennary fucosylation were elevated in pancreatic cancer samples compared to samples from benign conditions.
PID:0002532_1	1	1	core fucosylation	bGSL:50d1be21-660a-5e10-a72d-f832009f71db	glycan	increased level of core fucosylation on IgG	stomach cancer	DOID:10534	diagnostic	serum	UBERON:0001977	PubMed:21142185	Glycomic analysis of the total and immunoaffinity depleted serum revealed statistically significant increases in the levels of sialyl Lewis X epitopes (SLe(X)) present on triantennary glycans accompanied by increased levels of core fucosylated agalactosyl biantennary glycans present on IgG (referred to as the IgG G0 glycoform) which are associated with increasing disease pathogenesis.
PID:0002532_1	1	2	IgG		protein	increased level of core fucosylation on IgG	stomach cancer	DOID:10534	diagnostic	serum	UBERON:0001977	PubMed:21142185	Glycomic analysis of the total and immunoaffinity depleted serum revealed statistically significant increases in the levels of sialyl Lewis X epitopes (SLe(X)) present on triantennary glycans accompanied by increased levels of core fucosylated agalactosyl biantennary glycans present on IgG (referred to as the IgG G0 glycoform) which are associated with increasing disease pathogenesis.
PID:0002653_0	1	1	core fucosylation	bGSL:50d1be21-660a-5e10-a72d-f832009f71db	glycan	increased level of core fucosylation on alpha-1-antitrypsin	hepatocellular carcinoma	DOID:684	diagnostic	serum	UBERON:0001977	PubMed:20811639	Increases in core (α-1,6) fucosylation were observed only on A1AT from patients with cancer. | Glycosylation analysis of the false positives was performed; results indicated that these patients had increases in outer arm fucosylation but not in core fucosylation, suggesting that core fucosylation is cancer specific. | This report details the stepwise change in the glycosylation of A1AT with the progression from liver cirrhosis to cancer and identifies core fucosylation on A1AT as an HCC specific modification.
PID:0002653_0	1	2	alpha-1-antitrypsin	UPKB:P01009	protein	increased level of core fucosylation on alpha-1-antitrypsin	hepatocellular carcinoma	DOID:684	diagnostic	serum	UBERON:0001977	PubMed:20811639	Increases in core (α-1,6) fucosylation were observed only on A1AT from patients with cancer. | Glycosylation analysis of the false positives was performed; results indicated that these patients had increases in outer arm fucosylation but not in core fucosylation, suggesting that core fucosylation is cancer specific. | This report details the stepwise change in the glycosylation of A1AT with the progression from liver cirrhosis to cancer and identifies core fucosylation on A1AT as an HCC specific modification.
PID:0002657_3	1	1	core-α-1,6-fucosylation	bGSL:50d1be21-660a-5e10-a72d-f832009f71db	glycan	increased level of core-α-1,6-fucosylation	cirrhosis	DOID:5082	response	serum	UBERON:0001977	PubMed:20704698	All serum core-1,6-fucosylated glycans (peaks 1, 2, R5a, R5b and 6) were significantly higher in DENA-treated rats than in untreated rats (see Figure 3 and Additional file 1, Figure S1). | Indeed, serum total core-α-1,6-fucosylated glycans gradually increased in DENA rats during progression of liver cirrhosis compared to control rats (Figure 8). | This was confirmed by probing western blots of total serum proteins with lectin of Aspergillus oryzae (AOL), a specific carbohydrate-binding or carbohydrate-crosslinking protein that recognizes α-1,6-fucosylated glycans [26]. | This showed that binding of serum glycoproteins was considerably increased in rats with cirrhosis or HCC compared to those with fibrosis and to control animals.
PID:0002703_2	1	1	core fucosylation	bGSL:50d1be21-660a-5e10-a72d-f832009f71db	glycan	increased level of core fucosylation on α-1-acid glycoprotein	pancreatic cancer	DOID:1793	diagnostic	serum	UBERON:0001977	PubMed:21137062	A core fucosylated structure was increased on AGP and HPT only in the advanced PaC patients.
PID:0002703_2	1	2	α-1-acid glycoprotein	UPKB:P02763	protein	increased level of core fucosylation on α-1-acid glycoprotein	pancreatic cancer	DOID:1793	diagnostic	serum	UBERON:0001977	PubMed:21137062	A core fucosylated structure was increased on AGP and HPT only in the advanced PaC patients.
PID:0002724_1	1	1	core fucosylation	bGSL:50d1be21-660a-5e10-a72d-f832009f71db	glycan	increased level of core fucosylation	hepatocellular carcinoma	DOID:684	diagnostic	serum	UBERON:0001977	PubMed:19961239	It has been reported that fucosyltransferases and GDP-fucose transporter involved in the fucosylation process were overexpressed in HCC patients,30 and Comunale et al. and other groups have found increased levels of core fucosylation in HCC via glycan analysis of total serum,31, 32 This is consistent with the higher level of total fucosylated proteins in HCC serum detected by the lectin array in the present work.
PID:0002810_0	1	1	core fucosylation	bGSL:50d1be21-660a-5e10-a72d-f832009f71db	glycan	increased level of core fucosylation	hepatocellular carcinoma	DOID:684	diagnostic	serum	UBERON:0001977	PubMed:19454616	The exact mechanisms for increased fucosylation in HCC are unknown but are thought to involve increases in both the levels of the enzymes and substrate involved in core fucosylation (16).
PID:0002846_3	1	1	core fucosylation	bGSL:50d1be21-660a-5e10-a72d-f832009f71db	glycan	increased level of core fucosylation	hepatocellular carcinoma	DOID:684	diagnostic	serum	UBERON:0001977	PubMed:19223512	As described previously, core fucosylation is a frequent event in liver disease (20, 38); eight of the core-fucosylated complex structures increased in HCC compared with the controls, including CLD.
PID:0003003_1	1	1	core fucosylation	bGSL:50d1be21-660a-5e10-a72d-f832009f71db	glycan	increased level of core fucosylation on fibronectin	prostatic cancer	DOID:10283	diagnostic	serum	UBERON:0001977	PubMed:18776591	Two BPH sera pools and three PCa sera pools were used as the FN source. | As for glycosylation the ratio of altogether lectin-reactive PCa FN was different from that of BPH FN manifested as a decrease of Con A- and an increase of LCA-reactive moieties.
PID:0003003_1	1	2	fibronectin	UPKB:P02751	protein	increased level of core fucosylation on fibronectin	prostatic cancer	DOID:10283	diagnostic	serum	UBERON:0001977	PubMed:18776591	Two BPH sera pools and three PCa sera pools were used as the FN source. | As for glycosylation the ratio of altogether lectin-reactive PCa FN was different from that of BPH FN manifested as a decrease of Con A- and an increase of LCA-reactive moieties.
PID:0003034_0	1	1	core fucosylation	bGSL:50d1be21-660a-5e10-a72d-f832009f71db	glycan	increased level of core fucosylation	ovarian cancer	DOID:2394	diagnostic	serum	UBERON:0001977	PubMed:17884841	These changes include increases in levels of core fucosylated, agalactosyl biantennary glycans (FA2) and sialyl Lewis x (SLe(x)). | We also established that IgG heavy chains from patients contained twice the level of FA2 compared with healthy controls. | The acute-phase proteins, haptoglobin, alpha1-acid glycoprotein, and alpha1-antichymotrypsin from patients contained elevated levels of subsets of glycoforms containing SLe(x).
PID:0003206_0	1	1	core fucosylation	bGSL:50d1be21-660a-5e10-a72d-f832009f71db	glycan	increased level of core fucosylation	hepatocellular carcinoma	DOID:684	diagnostic	serum	UBERON:0001977	PubMed:16457596	Increases in core fucosylation have also been associated with the development of hepatocellular carcinoma (HCC). | We show here that increased levels of core fucosylation can be observed via glycan analysis of total serum and are associated with the development of HCC. | In a blinded study, the serum glycoproteins derived from people diagnosed with HBV induced liver cancer were found to possess a dramatically higher level of fucosylation.
PID:0003316_0	1	1	core fucosylation	bGSL:50d1be21-660a-5e10-a72d-f832009f71db	glycan	increased level of core fucosylation	hepatocellular carcinoma	DOID:684	diagnostic	serum	UBERON:0001977	PubMed:15642945	In this report, we show that woodchucks diagnosed with HCC have dramatically higher levels of serum-associated core α-1,6-linked fucose, as compared with woodchucks without a diagnosis of HCC.
PID:0004415_0	1	1	core fucosylation	bGSL:50d1be21-660a-5e10-a72d-f832009f71db	glycan	increased level of core fucosylation on alpha-fetoprotein	chronic hepatitis	DOID:2237	diagnostic	serum	UBERON:0001977	PubMed:7506988	There was a significant increase in LCA-binding AFP in patients with chronic hepatitis (10-24%) and hereditary tyrosinemia (5-35%). | The AFP LCA-binding fraction was clearly abnormal (greater than 40%) in three of the white patients with an HCC and a normal serum AFP concentration, and the range of values (10-63%) in these HCC patients was similar to that seen in both white and black patients with HCC accompanied by increased AFP concentrations.
PID:0004415_0	1	2	alpha-fetoprotein		protein	increased level of core fucosylation on alpha-fetoprotein	chronic hepatitis	DOID:2237	diagnostic	serum	UBERON:0001977	PubMed:7506988	There was a significant increase in LCA-binding AFP in patients with chronic hepatitis (10-24%) and hereditary tyrosinemia (5-35%). | The AFP LCA-binding fraction was clearly abnormal (greater than 40%) in three of the white patients with an HCC and a normal serum AFP concentration, and the range of values (10-63%) in these HCC patients was similar to that seen in both white and black patients with HCC accompanied by increased AFP concentrations.
PID:0001910_1	1	1	SSEA3	bGSL:51344d15-206a-41ea-8ad1-a8e30f00b1a5	glycan	increased level of SSEA3 on diptheria toxoid cross-reactive material 197	Breast cancer	DOID:1612	response	serum	UBERON:0001977	PubMed:25371992	After Balb/c mice injection, the immune response was studied by a glycan array and the results showed that modification at the C-6 position of reducing end glucose of Globo H with the fluoro, azido, or phenyl group elicited IgG antibody response to specifically recognize Globo H (GH) and the GH-related epitopes, stage-specific embryonic antigen 3 (SSEA3) (also called Gb5) and stage-specific embryonic antigen 4 (SSEA4). | However, only the modification of Globo H with the azido group at the C-6 position of the nonreducing end fucose could elicit a strong IgG immune response. | Moreover, the antibodies induced by these vaccines were shown to recognize GH expressing tumor cells (MCF-7) and mediate the complement-dependent cell cytotoxicity against tumor cells.
PID:0001910_1	1	2	diptheria toxoid cross-reactive material 197	UPKB:P09486	protein	increased level of SSEA3 on diptheria toxoid cross-reactive material 197	Breast cancer	DOID:1612	response	serum	UBERON:0001977	PubMed:25371992	After Balb/c mice injection, the immune response was studied by a glycan array and the results showed that modification at the C-6 position of reducing end glucose of Globo H with the fluoro, azido, or phenyl group elicited IgG antibody response to specifically recognize Globo H (GH) and the GH-related epitopes, stage-specific embryonic antigen 3 (SSEA3) (also called Gb5) and stage-specific embryonic antigen 4 (SSEA4). | However, only the modification of Globo H with the azido group at the C-6 position of the nonreducing end fucose could elicit a strong IgG immune response. | Moreover, the antibodies induced by these vaccines were shown to recognize GH expressing tumor cells (MCF-7) and mediate the complement-dependent cell cytotoxicity against tumor cells.
PID:0000015_1	1	1	fucosylated N-glycans	bGSL:513ef5dc-3e7b-5d21-9757-fd24642c2e46	glycan	decreased level of fucosylated N-glycans	Alzheimer's disease	DOID:10652	diagnostic	serum	UBERON:0001977	PubMed:40792479	Notably, sialylation was significantly upregulated in AD, while fucosylation was downregulated, suggesting their involvement in AD pathology.
PID:0000572_3	1	1	fucosylated N-glycans	bGSL:513ef5dc-3e7b-5d21-9757-fd24642c2e46	glycan	increased level of fucosylated N-glycans on Alpha-1 acid glycoprotein	HBV hepatitis	DOID:2043	diagnostic	serum	UBERON:0001977	PubMed:34963738	In recent years, the fucosylated form of ORM has been observed at a higher level in patients with both HBV and HCV hepatitis than in healthy individuals[26-29].
PID:0000572_3	1	2	Alpha-1 acid glycoprotein	UPKB:P02763	protein	increased level of fucosylated N-glycans on Alpha-1 acid glycoprotein	HBV hepatitis	DOID:2043	diagnostic	serum	UBERON:0001977	PubMed:34963738	In recent years, the fucosylated form of ORM has been observed at a higher level in patients with both HBV and HCV hepatitis than in healthy individuals[26-29].
PID:0000572_4	1	1	fucosylated N-glycans	bGSL:513ef5dc-3e7b-5d21-9757-fd24642c2e46	glycan	increased level of fucosylated N-glycans on Alpha-1 acid glycoprotein	HCV hepatitis	DOID:1883	diagnostic	serum	UBERON:0001977	PubMed:34963738	In recent years, the fucosylated form of ORM has been observed at a higher level in patients with both HBV and HCV hepatitis than in healthy individuals[26-29].
PID:0000572_4	1	2	Alpha-1 acid glycoprotein	UPKB:P02763	protein	increased level of fucosylated N-glycans on Alpha-1 acid glycoprotein	HCV hepatitis	DOID:1883	diagnostic	serum	UBERON:0001977	PubMed:34963738	In recent years, the fucosylated form of ORM has been observed at a higher level in patients with both HBV and HCV hepatitis than in healthy individuals[26-29].
PID:0000912_0	1	1	fucosylated N-glycans	bGSL:513ef5dc-3e7b-5d21-9757-fd24642c2e46	glycan	altered level of fucosylated N-glycans on HPT	pancreatic cancer	DOID:1793	diagnostic	serum	UBERON:0001977	PubMed:31981485	We previously identified fucosylated haptoglobin (Fuc-Hpt) as a clinical serum biomarker of pancreatic cancer and established the novel glycan monoclonal antibody (mAb) 10-7G.
PID:0000912_0	1	2	HPT		protein	altered level of fucosylated N-glycans on HPT	pancreatic cancer	DOID:1793	diagnostic	serum	UBERON:0001977	PubMed:31981485	We previously identified fucosylated haptoglobin (Fuc-Hpt) as a clinical serum biomarker of pancreatic cancer and established the novel glycan monoclonal antibody (mAb) 10-7G.
PID:0001084_0	1	1	fucosylated N-glycans	bGSL:513ef5dc-3e7b-5d21-9757-fd24642c2e46	glycan	altered level of fucosylated N-glycans on AFP	hepatocellular carcinoma	DOID:684	diagnostic	serum	UBERON:0001977	PubMed:31076819	We targeted N-glycoproteins [α-fetoprotein (AFP), vitronectin (VTN), and α-1-antichymotrypsin (AACT)] that are abnormally glycosylated in hepatocellular carcinoma (HCC). | Their tryptic N-glycopeptides were selected to determine the percentages of fucosylated N-glycopeptides using Y ions, which include glycopeptide fragments with amino acid sequences. | Finally, we confirmed that the area under the receiver operating characteristic curve (AUC = 0.944) for the combination of AFP and VTN increased more so than for a single glycopeptide (AUC = 0.889 for AFP and 0.792 for VTN) with respect to discriminating between HCC and cirrhosis serum.
PID:0001084_0	1	2	AFP		protein	altered level of fucosylated N-glycans on AFP	hepatocellular carcinoma	DOID:684	diagnostic	serum	UBERON:0001977	PubMed:31076819	We targeted N-glycoproteins [α-fetoprotein (AFP), vitronectin (VTN), and α-1-antichymotrypsin (AACT)] that are abnormally glycosylated in hepatocellular carcinoma (HCC). | Their tryptic N-glycopeptides were selected to determine the percentages of fucosylated N-glycopeptides using Y ions, which include glycopeptide fragments with amino acid sequences. | Finally, we confirmed that the area under the receiver operating characteristic curve (AUC = 0.944) for the combination of AFP and VTN increased more so than for a single glycopeptide (AUC = 0.889 for AFP and 0.792 for VTN) with respect to discriminating between HCC and cirrhosis serum.
PID:0001132_0	1	1	fucosylated N-glycans	bGSL:513ef5dc-3e7b-5d21-9757-fd24642c2e46	glycan	increased level of fucosylated N-glycans	hepatocellular carcinoma	DOID:684	diagnostic	saliva	UBERON:0001836	PubMed:30535277	The results showed that the expression level of fucosylated glycans recognized by LTL was significantly increased in HCC compared with other subjects (P < 0.0001).
PID:0001351_0	1	1	fucosylated N-linked glycans	bGSL:513ef5dc-3e7b-5d21-9757-fd24642c2e46	glycan	increased level of fucosylated N-linked glycans	gastric cancer	DOID:10534	diagnostic	saliva	UBERON:0001836	PubMed:29865036	Among these, six fucosylated N-linked glycansand four O-linked glycans exhibited significantly increased expression levels in GC, while five fucosylated N-linked glycans and ten fucosylated O-linked glycans exhibited significantly decreased expression levels in GC.
PID:0001351_1	1	1	fucosylated N-linked glycans	bGSL:513ef5dc-3e7b-5d21-9757-fd24642c2e46	glycan	decreased level of fucosylated N-linked glycans	gastric cancer	DOID:10534	diagnostic	saliva	UBERON:0001836	PubMed:29865036	Among these, six fucosylated N-linked glycansand four O-linked glycans exhibited significantly increased expression levels in GC, while five fucosylated N-linked glycans and ten fucosylated O-linked glycans exhibited significantly decreased expression levels in GC. | The proportion of fucosylated N-linked glycans was decreased in GC (41.66%) compared with AG (43.63%) and HV (52.57%), as well as the fucosylated O-linked glycans was apparently decreased in GC (19.58%) compared with AG (25.43%) and HV (55.54%).
PID:0001656_8	1	1	fucosylated N-glycans	bGSL:513ef5dc-3e7b-5d21-9757-fd24642c2e46	glycan	increased level of fucosylated N-glycans on haptoglobin	pancreatic cancer	DOID:1793	diagnostic	serum	UBERON:0001977	PubMed:26869352	Previously, we reported that fucosylated N-glycans on haptoglobin in the sera of patients with pancreatic cancer were increased by lectin-ELISA and mass spectrometry analyses.
PID:0001656_8	1	2	haptoglobin	UPKB:P00738	protein	increased level of fucosylated N-glycans on haptoglobin	pancreatic cancer	DOID:1793	diagnostic	serum	UBERON:0001977	PubMed:26869352	Previously, we reported that fucosylated N-glycans on haptoglobin in the sera of patients with pancreatic cancer were increased by lectin-ELISA and mass spectrometry analyses.
PID:0001875_0	1	1	fucosylated N-glycans	bGSL:513ef5dc-3e7b-5d21-9757-fd24642c2e46	glycan	altered level of fucosylated N-glycans	hepatocellular carcinoma	DOID:684	diagnostic	serum	UBERON:0001977	PubMed:25525205	This analytical method was applied to an in vitro diagnostic multivariate index assay where a panel of hepatocellular carcinoma (HCC) biomarkers comprising alpha-fetoprotein, hemopexin, and alpha-2-macroglobulin (A2M) was examined in terms of the serum level and their fuco-fractions. | The results indicated that the tests using the multiplexed fuco-biomarkers provided improved discriminatory power between non- hepatocellular carcinoma and hepatocellular carcinoma subjects compared with the alpha-fetoprotein level or fuco-alpha-fetoprotein test alone.
PID:0001990_0	1	1	fucosylated N-linked glycans	bGSL:513ef5dc-3e7b-5d21-9757-fd24642c2e46	glycan	increased level of fucosylated N-linked glycans on VTN	hepatocellular carcinoma	DOID:684	diagnostic	plasma	UBERON:0001969	PubMed:24628331	Among these glycans, the abundance ratio of two representative glycoforms (fucosyl vs non-fucosyl) was significantly increased in HCC plasma relative to normal plasma.
PID:0001990_0	1	2	VTN		protein	increased level of fucosylated N-linked glycans on VTN	hepatocellular carcinoma	DOID:684	diagnostic	plasma	UBERON:0001969	PubMed:24628331	Among these glycans, the abundance ratio of two representative glycoforms (fucosyl vs non-fucosyl) was significantly increased in HCC plasma relative to normal plasma.
PID:0002505_2	1	1	fucosylated N-glycans	bGSL:513ef5dc-3e7b-5d21-9757-fd24642c2e46	glycan	increased level of fucosylated N-glycans on haptoglobin	pancreatic cancer	DOID:1793	diagnostic	serum	UBERON:0001977	PubMed:21417406	Both core and antennary fucosylation were elevated in pancreatic cancer samples compared to samples from benign conditions.
PID:0002505_2	1	2	haptoglobin	UPKB:P00738	protein	increased level of fucosylated N-glycans on haptoglobin	pancreatic cancer	DOID:1793	diagnostic	serum	UBERON:0001977	PubMed:21417406	Both core and antennary fucosylation were elevated in pancreatic cancer samples compared to samples from benign conditions.
PID:0002724_0	1	1	fucosylated N-linked glycans	bGSL:513ef5dc-3e7b-5d21-9757-fd24642c2e46	glycan	increased level of fucosylated N-linked glycans	hepatocellular carcinoma	DOID:684	diagnostic	serum	UBERON:0001977	PubMed:19961239	The intensity for AAL and LCA was significantly higher in HCC, indicating an elevation of fucosylation level. | The difference for AAL was 14.8% whereas for LCA the difference was 37.0% between early HCC and cirrhosis (Figures 2b and 2c). | Our results suggest that the level of protein fucosylation was strongly increased in early HCC serum while other kinds of glycosylation showed no significant variation.
PID:0002862_1	1	1	fucosylated N-linked glycans	bGSL:513ef5dc-3e7b-5d21-9757-fd24642c2e46	glycan	increased level of fucosylated N-linked glycans	pancreatic cancer	DOID:1793	diagnostic	serum	UBERON:0001977	PubMed:19072160	AAL and LCA bind fucose linked (α-1,6) to N-acetylglucosamine or (α -1,3) to N-acetyllactosamine related structures. | Both MAL and SNA recognize sialic acid on the terminal branches. | For LCA, AAL, SNA and MAL the three cancer samples all showed a stronger response than the pancreatitis and normal samples, whereas for ConA there was equal signal in the three groups. | A binding pattern was shared between LCA and AAL, which agreed with their same specificity on fucosylated N-linked glycans, though the signal of LCA was lower in intensity. | These lectins were found to preferentially distinguish normal and chronic pancreatitis samples from cancer samples (data not shown).
PID:0000608_2	1	1	STn antigen	bGSL:56c1c4e3-2f6b-59db-b7c5-46e6567feea0	glycan	increased level of STn antigen	colorectal cancer	DOID:9256	diagnostic	tumor tissue	UBERON:0000479	PubMed:34526666	The Tn-antigen was highly expressed in breast (57%, n = 64), colorectal (51%, n = 140) and pancreatic (53%, n = 108) tumours, while STn was mainly observed in colorectal (80%, n = 140) and pancreatic (56%, n = 108) tumours.
PID:0000608_3	1	1	STn antigen	bGSL:56c1c4e3-2f6b-59db-b7c5-46e6567feea0	glycan	increased level of STn antigen	pancreatic cancer	DOID:1793	diagnostic	tumor tissue	UBERON:0000479	PubMed:34526666	The Tn-antigen was highly expressed in breast (57%, n = 64), colorectal (51%, n = 140) and pancreatic (53%, n = 108) tumours, while STn was mainly observed in colorectal (80%, n = 140) and pancreatic (56%, n = 108) tumours.
PID:0000608_5	1	1	STn antigen	bGSL:56c1c4e3-2f6b-59db-b7c5-46e6567feea0	glycan	decreased level of STn antigen	cancer	DOID:162	diagnostic	tumor tissue	UBERON:0000479	PubMed:34526666	Tn and STn expression decreased with tumour grade, but not with cancer stage.
PID:0000721_0	1	1	sialyl-Tn	bGSL:56c1c4e3-2f6b-59db-b7c5-46e6567feea0	glycan	increased level of sialyl-Tn	esophageal squamous cell carcinoma	DOID:3748	prognostic	tumor tissue	UBERON:0000479	PubMed:33562270	Approximately 70% of tumor tissues were positive for the antigen, with a marked membrane expression mainly in tumor cells. | STn was found to be widely present in ESCC (70% of tumors) and in CTCs in 20% of patients, being associated with general recurrence and reduced survival.
PID:0001248_1	1	1	STn	bGSL:56c1c4e3-2f6b-59db-b7c5-46e6567feea0	glycan	increased level of STn	colorectal cancer	DOID:9256	diagnostic	tumor tissue	UBERON:0000479	PubMed:30115016	We observed robust cell surface STn antigen in most tumors, but rarely was it expressed in matched normal sections (Fig. 3b). | Statistical analyses of the IHC score (IS) showed significant higher levels of cell surface Tn and STn antigens in tumors (both p < 0.0001) (Table 1, Fig. 3c). | STn expression in normal tissue was 4.87 (±2.10) compared to tumor tissue IS of 104.36 (±11.86).
PID:0001332_0	1	1	sialyl Tn antigen	bGSL:56c1c4e3-2f6b-59db-b7c5-46e6567feea0	glycan	increased level of sialyl Tn antigen	pancreatic cancer	DOID:1793	diagnostic	serum	UBERON:0001977	PubMed:29273237	STN levels were increased in sera from cancer patients compared to those from normal controls.
PID:0001595_0	1	1	STn antigen	bGSL:56c1c4e3-2f6b-59db-b7c5-46e6567feea0	glycan	increased level of STn antigen	bladder cancer	DOID:11054	prognostic	tumour tissue	UBERON:0000479	PubMed:27542232	The expressions of HIF-1α and cancer-associated glycan STn were evaluated by immunohistochemistry in a series including 30 non-muscle invasive bladder cancer (NMIBC) and 42 muscle invasive bladder cancer (MIBC), representing all stages of the disease (pTa, pT1, pT2, pT3, pT4), using human surgical resections in order to disclose possible associations between altered glycosylation and hypoxia. | Notably, all studied tumours were positive for HIF-1α, with approximately 70% presenting an extensive expression (> 20% of the tumour area), irrespectively of their stage. | HIF-1α was predominantly detected in the cytoplasm but also in the nucleus, where it acts as a transcription factor. | In particular, 43% of NMIBC (13/30) and 85% of MIBC (37/43) presented both cytoplasmic and nuclear HIF-1α expressions, which demonstrates an association between nuclear expression and advanced stage bladder cancer (p < 0.05). | These tumours were further re-classified as low and highly hypoxic based on the percentage of nuclear HIF-1α expression (Figure 6A–6B; Table 1).
PID:0001761_0	1	1	sialyl-Tn	bGSL:56c1c4e3-2f6b-59db-b7c5-46e6567feea0	glycan	decreased level of sialyl-Tn	bladder cancer	DOID:11054	response	tumor tissue	UBERON:0000479	PubMed:26569621	This decreased the number of invasive lesions and, concomitantly, the expression of STn and also pS6, the downstream effector of the PI3K/Akt/mTOR pathway. | In the sirolimus-treated groups (Groups 2 and 4; Fig 8A) a smaller number of mice developed invasive tumors (20–40%) when compared to the controls (Groups 1 and 3). | Altogether, sirolimus administration effectively reduced tumour burden and promoted a significant reduction in the expression of STn and pS6 markers.
PID:0001761_1	1	1	sialyl-Tn	bGSL:56c1c4e3-2f6b-59db-b7c5-46e6567feea0	glycan	increased level of sialyl-Tn	bladder cancer	DOID:11054	response	tumor tissue	UBERON:0000479	PubMed:26569621	In the control groups (Group 1 and 3, Fig 8A), the exposure to BBN led to the development of invasive tumours in 70–90% of the studied mice. | Concomitantly, 83–100% of the invasive lesions overexpressed the STn antigen and all significantly overexpressed pS6 (Fig 8B). | This demonstrated that BBN-induced lesions were able to recapitulate the association between altered glycosylation and an activated PI3K/Akt/mTOR pathway previously observed in advanced stage human tumours.
PID:0001841_0	1	1	STn	bGSL:56c1c4e3-2f6b-59db-b7c5-46e6567feea0	glycan	increased level of STn	gastric cancer	DOID:10534	diagnostic	serum	UBERON:0001977	PubMed:25813380	We next modified the glycoproteomic strategy to apply it to pools of sera from gastric cancer and healthy individuals to identify circulating O-glycoproteins with the STn glycoform. | We identified 37 O-glycoproteins in the pool of cancer sera, and only nine of these were also found in sera from healthy individuals.
PID:0001841_1	1	1	STn	bGSL:56c1c4e3-2f6b-59db-b7c5-46e6567feea0	glycan	increased level of STn on CD44	gastric cancer	DOID:10534	diagnostic	tumor tissue	UBERON:0000479	PubMed:25813380	Two identified candidate O-glycoprotein biomarkers (CD44 and GalNAc-T5) circulating with the STn glycoform were further validated as being expressed in gastric cancer tissue. | A proximity ligation assay was used to show that CD44 was expressed with the STn glycoform in gastric cancer tissues.
PID:0001841_1	1	2	CD44	UPKB:P16070	protein	increased level of STn on CD44	gastric cancer	DOID:10534	diagnostic	tumor tissue	UBERON:0000479	PubMed:25813380	Two identified candidate O-glycoprotein biomarkers (CD44 and GalNAc-T5) circulating with the STn glycoform were further validated as being expressed in gastric cancer tissue. | A proximity ligation assay was used to show that CD44 was expressed with the STn glycoform in gastric cancer tissues.
PID:0001929_1	1	1	SialylTn	bGSL:56c1c4e3-2f6b-59db-b7c5-46e6567feea0	glycan	altered level of SialylTn on IgA1	Immunoglobulin A nephropathy	DOID:2986	diagnostic	plasma	UBERON:0001969	PubMed:25071157	Prior studies suggested that serum IgA1 from IgAN patients contains aberrant, undergalactosylated O-glycans, for example, Tn antigen and its sialylated version, SialylTn (STn), but the mechanisms underlying aberrant O-glycosylation are not well understood.
PID:0001929_1	1	2	IgA1	UPKB:A0A4P8J2A5	protein	altered level of SialylTn on IgA1	Immunoglobulin A nephropathy	DOID:2986	diagnostic	plasma	UBERON:0001969	PubMed:25071157	Prior studies suggested that serum IgA1 from IgAN patients contains aberrant, undergalactosylated O-glycans, for example, Tn antigen and its sialylated version, SialylTn (STn), but the mechanisms underlying aberrant O-glycosylation are not well understood.
PID:0001958_0	1	1	STn antigen	bGSL:56c1c4e3-2f6b-59db-b7c5-46e6567feea0	glycan	increased level of STn antigen	cancer	DOID:162	diagnostic	serum	UBERON:0001977	PubMed:24594592	The developed lectin-based biosensor was used to evaluate the STn-expression in serum samples and discriminate samples from healthy individuals and patients with different types of malignant tumors, mostly carcinomas, where the increased expression of STn aberrant glycans is well established. | This work demonstrates the feasibility of employing SNA-I to selectively recognize the STn epitope in glycoproteins and the use of the constructed biosensor was effective in the analysis of serum samples with the ability to discriminate in a fast way between cancer and healthy status.
PID:0002199_0	1	1	Sialyl-Tn	bGSL:56c1c4e3-2f6b-59db-b7c5-46e6567feea0	glycan	increased level of Sialyl-Tn on MUC1	Breast cancer	DOID:1612	diagnostic	tumor tissue	UBERON:0000479	PubMed:23122537	Fig. 5b demonstrated the presence of typical STn staining in tumors with a more invasive phenotype at higher stages of disease. | Metastatic tissue here showed the strongest antibody staining whereas staining of normal breast tissue was negative.
PID:0002199_0	1	2	MUC1	UPKB:P15941	protein	increased level of Sialyl-Tn on MUC1	Breast cancer	DOID:1612	diagnostic	tumor tissue	UBERON:0000479	PubMed:23122537	Fig. 5b demonstrated the presence of typical STn staining in tumors with a more invasive phenotype at higher stages of disease. | Metastatic tissue here showed the strongest antibody staining whereas staining of normal breast tissue was negative.
PID:0002322_1	1	1	STn	bGSL:56c1c4e3-2f6b-59db-b7c5-46e6567feea0	glycan	altered level of STn	mucinous adenocarcinoma	DOID:3030	diagnostic	tissue section	UBERON:0000479	PubMed:21883895	Tn antigen was expressed in 96% (27 of 28 cases), STn in 78% (22 of 28) and T in 68% of the cases (19 of 28) (Table 1).
PID:0003050_1	1	1	sialyl-Tn	bGSL:56c1c4e3-2f6b-59db-b7c5-46e6567feea0	glycan	absence of sialyl-Tn	Embryonal carcinoma	DOID:3308	diagnostic	tumor tissue	UBERON:0000479	PubMed:17694322	Neither simple mucin-type O-glycans nor GalNAc-transferase isoforms were found in undifferentiated nonseminoma, i.e. embryonal carcinoma, whereas teratomas expressed them all to some extent but in a disorganized manner.
PID:0004200_1	1	1	sialyl-Tn antigen	bGSL:56c1c4e3-2f6b-59db-b7c5-46e6567feea0	glycan	increased level of sialyl-Tn antigen	Carcinoma of the ampulla of Vater	DOID:4932	prognostic	tissue	UBERON:0000479	PubMed:8766528	DF3 antigen showed a relatively high expression rate (61%) in the carcinoma tissues, but was rarely expressed in the non‐neoplastic epithelium around the carcinomas in the region of the ampulla of Vater, Tn and sialosyl‐Tn antigens showed high expression rates in the carcinoma tissues (86% and 84% each), whereas they showed rare or no expression in the non‐neoplastic epithelium around the carcinomas, except for highly restricted expression in the duodenal villous epithelium.
PID:0004274_0	1	1	sialyl-Tn	bGSL:56c1c4e3-2f6b-59db-b7c5-46e6567feea0	glycan	increased level of sialyl-Tn	colon cancer	DOID:219	diagnostic	tissue section	UBERON:0000479	PubMed:8590544	In immunohistochemistry, these mabs showed strong reactivity with most cancers of the colon, lung, and stomach, and also some tumours of the ovary and breast.
PID:0004274_1	1	1	sialyl-Tn	bGSL:56c1c4e3-2f6b-59db-b7c5-46e6567feea0	glycan	increased level of sialyl-Tn	lung cancer	DOID:1324	diagnostic	tissue section	UBERON:0000479	PubMed:8590544	In immunohistochemistry, these mabs showed strong reactivity with most cancers of the colon, lung, and stomach, and also some tumours of the ovary and breast.
PID:0004274_2	1	1	sialyl-Tn	bGSL:56c1c4e3-2f6b-59db-b7c5-46e6567feea0	glycan	increased level of sialyl-Tn	stomach cancer	DOID:10534	diagnostic	tissue section	UBERON:0000479	PubMed:8590544	In immunohistochemistry, these mabs showed strong reactivity with most cancers of the colon, lung, and stomach, and also some tumours of the ovary and breast.
PID:0004274_3	1	1	sialyl-Tn	bGSL:56c1c4e3-2f6b-59db-b7c5-46e6567feea0	glycan	increased level of sialyl-Tn	ovarian cancer	DOID:2394	diagnostic	tissue section	UBERON:0000479	PubMed:8590544	In immunohistochemistry, these mabs showed strong reactivity with most cancers of the colon, lung, and stomach, and also some tumours of the ovary and breast.
PID:0004274_4	1	1	sialyl-Tn	bGSL:56c1c4e3-2f6b-59db-b7c5-46e6567feea0	glycan	increased level of sialyl-Tn	breast cancer	DOID:1612	diagnostic	tissue section	UBERON:0000479	PubMed:8590544	In immunohistochemistry, these mabs showed strong reactivity with most cancers of the colon, lung, and stomach, and also some tumours of the ovary and breast.
PID:0004274_5	1	1	sialyl-Tn	bGSL:56c1c4e3-2f6b-59db-b7c5-46e6567feea0	glycan	increased level of sialyl-Tn	ovarian cancer	DOID:2394	diagnostic	mucus	UBERON:0000912	PubMed:8590544	In Western blotting of mucus from a patient with a mucinous ovarian tumour, the mabs reacted with high molecular weight (> 200 kDa) species.
PID:0004458_1	1	1	sialyl-Tn	bGSL:56c1c4e3-2f6b-59db-b7c5-46e6567feea0	glycan	increased level of sialyl-Tn	pleomorphic adenoma	DOID:452	diagnostic	tissue section	UBERON:0000479	PubMed:8389564	The immature Tn and sialosyl-Tn antigen structures were expressed in the epithelial ductular structures of the tumors, whereas they were almost absent from normal parotid tissue, indicating aberrant glycosylation with accumulation of precursor structures.
PID:0004666_3	1	1	sialyl-Tn	bGSL:56c1c4e3-2f6b-59db-b7c5-46e6567feea0	glycan	presence of sialyl-Tn	Psoriasis	DOID:8893	diagnostic	skin epidermis	UBERON:0001003	PubMed:2180441	2) The biosynthetic precursors to T structures, Tn and sialyl-Tn, which are not expressed in normal skin, and are often considered cancer-associated antigens, appeared in psoriatic skin. | The Tn-antigen was expressed on basal and lower spinous cells, whereas the sialyl-Tn was only found on basal cells above the dermal papillae.
PID:0000082_1	1	1	G1	bGSL:587d6ca7-9216-42f6-9ee9-7959c200ac2a	glycan	altered level of G1 on IgG	echinococcosis	DOID:1496	diagnostic	serum	UBERON:0001977	PubMed:40200705	The relative quantification of IgG digalactosylated (G2), monogalactosylated (G1), and agalactosylated (G0) N-glycans with the formula G0/(G1 + G2 × 2) (IgG Gal-ratio) was obtained and found to effectively distinguish between echinococcosis patients, CE and AE patients, and healthy controls, respectively.
PID:0000082_1	1	2	IgG		protein	altered level of G1 on IgG	echinococcosis	DOID:1496	diagnostic	serum	UBERON:0001977	PubMed:40200705	The relative quantification of IgG digalactosylated (G2), monogalactosylated (G1), and agalactosylated (G0) N-glycans with the formula G0/(G1 + G2 × 2) (IgG Gal-ratio) was obtained and found to effectively distinguish between echinococcosis patients, CE and AE patients, and healthy controls, respectively.
PID:0000371_2	1	1	G1F	bGSL:58e7d780-da44-4b52-9687-cbccd2275b39	glycan	altered level of G1F on IgG	nonproliferative diabetic retinopathy	DOID:13208	diagnostic	serum	UBERON:0001977	PubMed:37364630	DSIgG1 G1FN/G0FN, G2N/G2, G2FN/G2N and DSIgG2 G1F/G0F, G1FN/G0FN, G2N/G1N, G2S/G2 were significantly different between NDR and NPDR patients (p < 0.05) in both the discovery and validation sets. | DSIgG Fc N-glycosylation ratios were associated with NPDR and can be used as potential biomarkers for the early diagnosis of DR.
PID:0000371_2	1	2	IgG		protein	altered level of G1F on IgG	nonproliferative diabetic retinopathy	DOID:13208	diagnostic	serum	UBERON:0001977	PubMed:37364630	DSIgG1 G1FN/G0FN, G2N/G2, G2FN/G2N and DSIgG2 G1F/G0F, G1FN/G0FN, G2N/G1N, G2S/G2 were significantly different between NDR and NPDR patients (p < 0.05) in both the discovery and validation sets. | DSIgG Fc N-glycosylation ratios were associated with NPDR and can be used as potential biomarkers for the early diagnosis of DR.
PID:0000908_4	1	1	G1F	bGSL:58e7d780-da44-4b52-9687-cbccd2275b39	glycan	decreased level of G1F on IgG	rheumatoid arthritis	DOID:7148	diagnostic	serum	UBERON:0001977	PubMed:32192063	Accordingly, the ratios of G1F/G0F (m/z 1039/937), G2F/G0F (m/z 1142/937), G1F0/G0F0 (m/z 953/850) and G2F0/G0F0 (m/z 1055/850) were reduced in the serum of all patients with RA compared with healthy controls (Figure 5E-H).
PID:0000908_4	1	2	IgG		protein	decreased level of G1F on IgG	rheumatoid arthritis	DOID:7148	diagnostic	serum	UBERON:0001977	PubMed:32192063	Accordingly, the ratios of G1F/G0F (m/z 1039/937), G2F/G0F (m/z 1142/937), G1F0/G0F0 (m/z 953/850) and G2F0/G0F0 (m/z 1055/850) were reduced in the serum of all patients with RA compared with healthy controls (Figure 5E-H).
PID:0000098_0	1	1	T antigen	bGSL:5b6ede6e-9829-5690-a1a3-d1883b62d46d	glycan	altered level of T antigen on oncofetal fibronectin	hepatocellular carcinoma	DOID:684	diagnostic	serum	UBERON:0001977	PubMed:40162478	We found site-specific O-glycoform alteration from T/sialyl T antigens to Tn/sialyl Tn antigens at the consecutive threonine residues <sup>2155</sup>Thr-Thr-Ala<sup>2157</sup> within this fragment during cancer progression. | Surprisingly, this dynamic glycoform alteration is observed specifically in the patient sera diagnosed newly as stage 2-4 groups not in the normal control and stage 1 patient groups.
PID:0000098_0	1	2	oncofetal fibronectin		protein	altered level of T antigen on oncofetal fibronectin	hepatocellular carcinoma	DOID:684	diagnostic	serum	UBERON:0001977	PubMed:40162478	We found site-specific O-glycoform alteration from T/sialyl T antigens to Tn/sialyl Tn antigens at the consecutive threonine residues <sup>2155</sup>Thr-Thr-Ala<sup>2157</sup> within this fragment during cancer progression. | Surprisingly, this dynamic glycoform alteration is observed specifically in the patient sera diagnosed newly as stage 2-4 groups not in the normal control and stage 1 patient groups.
PID:0000190_0	1	1	T antigen	bGSL:5b6ede6e-9829-5690-a1a3-d1883b62d46d	glycan	increased level of T antigen	gastric cancer	DOID:10534	prognostic	tissue	UBERON:0000479	PubMed:39243676	In addition, C1GALT1 overexpression could promote GC cell proliferation, migration, and invasion, which was due to C1GALT1 overexpression-mediated O-glycan T antigen increase.
PID:0000555_0	1	1	T-antigen	bGSL:5b6ede6e-9829-5690-a1a3-d1883b62d46d	glycan	decreased level of T-antigen	IgA nephropathy	DOID:2986	diagnostic	urine	UBERON:0001088	PubMed:34965524	The reduction of Gal(β1-3)GalNAc (T-antigen), Sia(α2-3)Gal(β1-3)GalNAc (Sialyl T), and Sia(α2-3)Gal(β1-3)Sia(α2-6)GalNAc (disialyl-T) was suggested by binding specificities of 3 lectins.
PID:0000571_0	1	1	Thomsen-Friedenreich (TF) antigen	bGSL:5b6ede6e-9829-5690-a1a3-d1883b62d46d	glycan	altered level of Thomsen-Friedenreich (TF) antigen	immune thrombocytopenia	DOID:1587	diagnostic	plasma	UBERON:0001969	PubMed:34324649	They demonstrate antibody against Thomsen-Friedenreich (TF) antigen in plasma from pediatric patients with ITP and delineate a role for immune cells in recognizing altered sialylation of aberrant exposed TF antigen in regulating thrombopoiesis through interferon release.
PID:0001722_0	1	1	Thomsen-Friedenreich antigen	bGSL:5b6ede6e-9829-5690-a1a3-d1883b62d46d	glycan	increased level of Thomsen-Friedenreich antigen	proliferative vitreoretinopathy	DOID:9719	diagnostic	retinal pigment epithelial cells	CL:0002586	PubMed:26760037	Lectin blot analysis revealed that EMT of RPE cells in vitro confers a glycomic shift towards an abundance of Thomsen-Friedenreich antigen, poly-N-acetyllactosamine chains, and complex-type branched N-glycans. | With respect to O-glycans we initiated our studies looking at the Thomsen-Friedenreich (TF)-antigen (galβ1,3 N-acetylgalactosamine alpha- (TF))2. | These findings may suggest that dedifferentiated RPE cells in contrast to native RPE cells express predominantly non-sialylated TF-antigen, whereas the sialylated form is found in both phenotypes. | Furthermore, there is evidence for an increased expression of non-sialylated TF-antigen, whereas native and myofibroblastic RPE cells qualitatively but not quantitatively differ in terms of sialylation of glycans. | As evidenced by quantitative real-time RT-PCR myofibroblastic RPE cells exhibited an approximately 5.85 fold (±0.78 SE) upregulation of Mgat5 mRNA as compared to native RPE cells (Fig 5A).
PID:0002045_0	1	1	Thomsen-Friedenreich (T) antigen	bGSL:5b6ede6e-9829-5690-a1a3-d1883b62d46d	glycan	increased level of Thomsen-Friedenreich (T) antigen	GNE myopathy	DOID:0080718	diagnostic	plasma	UBERON:0001969	PubMed:25123033	Most patients showed increased plasma levels of the core 1 O-linked glycan, Thomsen-Friedenreich (T)-antigen and/or decreased amounts of its sialylated form, ST-antigen.
PID:0002158_0	1	1	Thomsen-Friedenreich antigen	bGSL:5b6ede6e-9829-5690-a1a3-d1883b62d46d	glycan	increased level of Thomsen-Friedenreich antigen on Immunoglobulin G	gastric cancer	DOID:10534	diagnostic	serum	UBERON:0001977	PubMed:23801858	RESULTS: The level of TF-specific IgG was significantly increased in cancer patients compared with non-cancer controls (P < 0.001).
PID:0002158_0	1	2	Immunoglobulin G	UPKB:P01702	protein	increased level of Thomsen-Friedenreich antigen on Immunoglobulin G	gastric cancer	DOID:10534	diagnostic	serum	UBERON:0001977	PubMed:23801858	RESULTS: The level of TF-specific IgG was significantly increased in cancer patients compared with non-cancer controls (P < 0.001).
PID:0002604_0	1	1	Thomsen-Friedenreich antigen	bGSL:5b6ede6e-9829-5690-a1a3-d1883b62d46d	glycan	altered level of Thomsen-Friedenreich antigen on DSG1	pemphigus foliaceus	DOID:0080850	response	epidermis	UBERON:0001003	PubMed:20631728	This study demonstrated that the O-glycan-specific plant lectin jacalin binds Dsg1 and inhibits the interaction of Dsg1/PF IgG. | Subcutaneous injection of jacalin into neonatal mice drastically reduced PF IgG deposition at the epidermal cell surface and blocked PF IgG-induced skin blisters, both clinically and histologically. | In contrast, mice pretreated with jacalin (80 μg/g b.w., n=4; 160 μg/g b.w., n=4) did not develop skin lesions (panels d and e). | Direct IF staining revealed a significant reduction of IgG binding to the epiderms in jacalin-treated mice (panel f) compared to those of control mice (panel c). | Tissue lysates from human epidermis and mouse skin were incubated with jacalin-agarose or protein G/A agarose beads.
PID:0002604_0	1	2	DSG1		protein	altered level of Thomsen-Friedenreich antigen on DSG1	pemphigus foliaceus	DOID:0080850	response	epidermis	UBERON:0001003	PubMed:20631728	This study demonstrated that the O-glycan-specific plant lectin jacalin binds Dsg1 and inhibits the interaction of Dsg1/PF IgG. | Subcutaneous injection of jacalin into neonatal mice drastically reduced PF IgG deposition at the epidermal cell surface and blocked PF IgG-induced skin blisters, both clinically and histologically. | In contrast, mice pretreated with jacalin (80 μg/g b.w., n=4; 160 μg/g b.w., n=4) did not develop skin lesions (panels d and e). | Direct IF staining revealed a significant reduction of IgG binding to the epiderms in jacalin-treated mice (panel f) compared to those of control mice (panel c). | Tissue lysates from human epidermis and mouse skin were incubated with jacalin-agarose or protein G/A agarose beads.
PID:0004262_0	1	1	T antigen	bGSL:5b6ede6e-9829-5690-a1a3-d1883b62d46d	glycan	decreased level of T antigen on MUC1	Breast cancer	DOID:1612	diagnostic	tumor tissue	UBERON:0000479	PubMed:8579785	Human mucins are T or S glycosylated tandem repeat proteins. | In breast cancer, mucins become under or unglycosylated.
PID:0004262_0	1	2	MUC1		protein	decreased level of T antigen on MUC1	Breast cancer	DOID:1612	diagnostic	tumor tissue	UBERON:0000479	PubMed:8579785	Human mucins are T or S glycosylated tandem repeat proteins. | In breast cancer, mucins become under or unglycosylated.
PID:0004458_3	1	1	T antigen	bGSL:5b6ede6e-9829-5690-a1a3-d1883b62d46d	glycan	altered level of T antigen	pleomorphic adenoma	DOID:452	diagnostic	tissue section	UBERON:0000479	PubMed:8389564	The modified myoepithelial cells in periductular and solid areas expressed T and sialosyl-T antigens, similar to normal myoepithelial cells and basal cells. | Thus these modified MEC seem to have retained their normal simple mucin-type glycosylation pattern, suggesting that T antigen may be used as a marker of MEC in salivary gland tumors.
PID:0004666_1	1	1	T antigen	bGSL:5b6ede6e-9829-5690-a1a3-d1883b62d46d	glycan	altered level of T antigen	Psoriasis	DOID:8893	diagnostic	skin epidermis	UBERON:0001003	PubMed:2180441	The glycosylation pattern in psoriatic epithelium was changed in two ways. | 1) Some carbohydrates (types 2 and 3 chain H and T) were expressed at an earlier stage of cell maturation.
PID:0000546_2	1	1	NA2F	bGSL:5cec9cca-54c1-4c73-b1a0-9369022a6772	glycan	decreased level of NA2F	immune thrombocytopenia	DOID:1587	diagnostic	serum	UBERON:0001977	PubMed:34957618	In ITP patients, the relative abundances of peak 5 (NA2), peak 9p (NA3F), and peak 11 (NA4) were increased, while the relative abundances of peak 3 (NG1A2F), peak 4 (NG1A2F), and peak 6 (NA2F) were decreased.
PID:0002001_3	1	1	NA2F	bGSL:5cec9cca-54c1-4c73-b1a0-9369022a6772	glycan	decreased level of NA2F	gastric cancer	DOID:10534	diagnostic	tumor tissue	UBERON:0000479	PubMed:24732908	Core-fucosylated structures, peak6(NA2F) and peak7(NA2FB) were deceased in gastric tumor tissues when compared with that in adjacent non-tumor tissues. | Compared with the healthy control group, peak5 (bigalacto biantennary glycan, NA2) and peak9 (branching α-1,3-fucosylated triantennary glycan, NA3Fb) were elevated (P<0.001)(Figure 1B); whereas core- fucosylated peaks, such as peak2 (agalacto core-α-1,6-fucosylated bisecting biantennary glycan, NGA2FB), peak3(single agalacto core-α-1,6-fucosylated biantennary glycan, NG1A2F), peak6 (bigalacto core-α-1,6-fucosylated biantennary glycan, NA2F) and peak7(bigalacto core-α-1,6-fucosylated bisecting biantennary glycan, NA2FB) were decreased in the gastric cancer group (P<0.001).
PID:0002555_1	1	1	NA2F	bGSL:5cec9cca-54c1-4c73-b1a0-9369022a6772	glycan	decreased level of NA2F	non-small cell lung carcinoma	DOID:3908	diagnostic	plasma	UBERON:0001969	PubMed:22674300	Total α-1,6-core fucosylated biantennaries (NGA2F, NG1A2F, NA2F) and total bisecting α-1,6-core fucosylated biantennaries (NGA2FB, NA2FB) were reduced in NSCLC patients, whereas the branching α-1,3-fucosylated triantennary N-glycan (NA3FB) was increased. | Those patients additionally had a reduced level in the α-1,6-core fucosylated structure NA2F with parallel increase in the non-fucosylated structure NA2.
PID:0002665_0	1	1	NA2F	bGSL:5cec9cca-54c1-4c73-b1a0-9369022a6772	glycan	decreased level of NA2F	Alzheimer disease	DOID:10652	diagnostic	serum	UBERON:0001977	PubMed:20426627	One N-glycan (NA2F) was substantially decreased in AD patients but not in controls.
PID:0001238_0	1	1	core fucosylated biantennary glycans	bGSL:5f294313-bf3e-4534-ab2c-0ba48f9080f0	glycan	increased level of core fucosylated biantennary glycans	prostate cancer	DOID:10283	diagnostic	serum	UBERON:0001977	PubMed:29927052	We have also investigated whether differential glycosylation patterns could distinguish between PCa and benign prostate hyperplasia (Saldova et al., 2011) using the high‐throughput N‐glycan analysis techniques which demonstrated increases in both core‐fucosylated biantennary glycans and α2‐3‐linked sialic acids in the serum N‐glycome (Royle et al., 2008).
PID:0002350_4	1	1	core-fucosylated bi-antenna	bGSL:5f294313-bf3e-4534-ab2c-0ba48f9080f0	glycan	decreased level of core-fucosylated bi-antenna	ovarian cancer	DOID:2394	diagnostic	serum	UBERON:0001977	PubMed:22304416	The analysis of the products of the exoglycosidase digestions revealed that two core-fucosylated structures, observed at m/z values of 1851.96 and 2097.08, which corresponded to core-fucosylated bi- and tri-antennary structures, respectively, were suppressed in their expression levels in the post-treatment sample cohort, when compared to the baseline ovarian cancer sample set.
PID:0002519_2	1	1	core-fucosylated biantennary glycans	bGSL:5f294313-bf3e-4534-ab2c-0ba48f9080f0	glycan	decreased level of core-fucosylated biantennary glycans	lung cancer	DOID:1324	diagnostic	serum	UBERON:0001977	PubMed:21214223	Increases were detected in glycans containing Sialyl Lewis X, monoantennary glycans, highly sialylated glycans and decreases were observed in core-fucosylated biantennary glycans, with some being detectable as early as in Stage I.
PID:0002548_0	1	1	core-fucosylated biantennary glycans	bGSL:5f294313-bf3e-4534-ab2c-0ba48f9080f0	glycan	increased level of core-fucosylated biantennary glycans	Prostate cancer	DOID:10283	diagnostic	serum	UBERON:0001977	PubMed:20861084	The levels of core-fucosylated biantennary glycans and α2-3-linked sialic acids were significantly increased in prostate cancer patients compared with patients with BPH.
PID:0002649_1	1	1	core-fucosylated biantennary glycan	bGSL:5f294313-bf3e-4534-ab2c-0ba48f9080f0	glycan	decreased level of core-fucosylated biantennary glycan	hepatocellular carcinoma	DOID:684	monitoring	serum	UBERON:0001977	PubMed:20524982	In comparison with the control mice that received the same volume of saline, a tri-antennary glycan (peak 8) and a biantennary glycan (peak 4) in serum total glycans of DENA mice increased gradually but significantly during progression of liver cancer, whereas a core-fucosylated biantennary glycan (peak 6) decreased.
PID:0000017_2	1	1	FA4G4S4	bGSL:625e721a-5bae-4520-80d4-d36f7d6a53bc	glycan	increased level of FA4G4S4	Nephropathic Cystinosis	DOID:1064	diagnostic	serum	UBERON:0001977	PubMed:40843950	Serum N-glycans have significant GPs associated with the status of the NC cohort: GP21 (P = 0.056) is marginally significant, while GP25 (P = 0.039), GP27 (P = 0.019), GP44 (P = 0.035), and S1 (mono-sialylated glycans, P = 0.031) are all significant. | GP44 containing the major glycan FA4G4S4 was more abundant in NC compared to the control group.
PID:0000598_0	1	1	O-GlcNAc	bGSL:627dd562-b899-5fd3-8bb3-c5ad42f31300	glycan	increased level of O-GlcNAc on FOXA2	hepatocellular carcinoma	DOID:684	prognostic	tissue	UBERON:0000479	PubMed:33843053	Although increasing evidence has shown that elevated levels of global O-GlcNAcylation are linked to the metastasis in hepatocellular carcinoma (HCC) cells, the underlying mechanism is still ambiguous. | O-GlcNAcylation decreased the transcription of FOXA2 downstream target gene E-cadherin and it ultimately promoted O-GlcNAcylation-mediated HCC cell migration and invasion.
PID:0000598_0	1	2	FOXA2		protein	increased level of O-GlcNAc on FOXA2	hepatocellular carcinoma	DOID:684	prognostic	tissue	UBERON:0000479	PubMed:33843053	Although increasing evidence has shown that elevated levels of global O-GlcNAcylation are linked to the metastasis in hepatocellular carcinoma (HCC) cells, the underlying mechanism is still ambiguous. | O-GlcNAcylation decreased the transcription of FOXA2 downstream target gene E-cadherin and it ultimately promoted O-GlcNAcylation-mediated HCC cell migration and invasion.
PID:0001705_0	1	1	O-GlcNAc	bGSL:627dd562-b899-5fd3-8bb3-c5ad42f31300	glycan	increased level of O-GlcNAc	colorectal carcinoma	DOID:0080199	diagnostic	tissue	UBERON:0000479	PubMed:26724145	Primary CRC showed higher expression of O-GlcNAcylation and O-GlcNAc-transferase (OGT) than nonneoplastic colons.
PID:0004004_0	1	1	O-GlcNAc	bGSL:627dd562-b899-5fd3-8bb3-c5ad42f31300	glycan	decreased level of O-GlcNAc on AP180	Alzheimer's disease	DOID:10652	diagnostic	neocortex	UBERON:0001950	PubMed:9756352	In a previous study [18], a significant reduction of O-glycosylated clathrin assembly protein AP180 was observed in neocortex of AD. | In this study we further determine that the O-GlcNAc/AP180 ratio is not changed, but the level of AP180 protein decreases in AD.
PID:0004004_0	1	2	AP180		protein	decreased level of O-GlcNAc on AP180	Alzheimer's disease	DOID:10652	diagnostic	neocortex	UBERON:0001950	PubMed:9756352	In a previous study [18], a significant reduction of O-glycosylated clathrin assembly protein AP180 was observed in neocortex of AD. | In this study we further determine that the O-GlcNAc/AP180 ratio is not changed, but the level of AP180 protein decreases in AD.
PID:0001410_3	1	1	O-GlcNAc	bGSL:627dd562-b899-5fd3-8bb3-c5ad42f31300	glycan	altered level of O-GlcNAc	Alzheimer's disease	DOID:10652	prognostic	serum	UBERON:0001977	PubMed:28929132	Similar to the results obtained for the membrane fraction, the serum samples of AD patients exhibited slightly, although not statistically significant, higher levels of O-GlcNAcylation compared with healthy controls (ca. | 13%; Fig. 1C).
PID:0001410_4	1	1	O-GlcNAc	bGSL:627dd562-b899-5fd3-8bb3-c5ad42f31300	glycan	increased level of O-GlcNAc	Mild Cognitive Impairment	DOID:0080832	prognostic	serum	UBERON:0001977	PubMed:28929132	MCI patients exhibited statistically significant increase in protein O-GlcNAcylation levels in their serum (by ca. | 23%; Fig. 1C), similar to the pattern observed in AD patients.
PID:0001573_0	1	1	O-GlcNAc	bGSL:627dd562-b899-5fd3-8bb3-c5ad42f31300	glycan	increased level of O-GlcNAc	Breast cancer	DOID:1612	prognostic	tissue	UBERON:0000479	PubMed:27683279	High extent of O-GlcNAcylation in breast cancer cells correlates with the levels of HAS enzymes, accumulation of hyaluronan, and poor outcome. | A high extent of both cytoplasmic and nuclear O-GlcNAcylation correlated with an increased relapse rate, development of distant metastases, and poor outcome. | A high extent of cytoplasmic O-GlcNAcylation correlated also with the accumulation of all hyaluronan synthase (HAS1-3) proteins and with a large amount of HA in the tumor stroma. | The results suggest a mechanistic association between increased O-GlcNAcylation and HA synthesis, leading to a HA-rich microenvironment favorable for breast cancer progression.
PID:0001573_1	1	1	O-GlcNAc	bGSL:627dd562-b899-5fd3-8bb3-c5ad42f31300	glycan	altered level of O-GlcNAc	Obesity	DOID:9970	prognostic	tissue	UBERON:0000479	PubMed:27683279	In addition, a high extent of nuclear O-GlcNAcylation associated with obesity.
PID:0000095_3	1	1	A2G2S1	bGSL:630d6de6-d549-41af-8c5d-02e12fed79fd	glycan	increased level of A2G2S1	endometriosis	DOID:289	diagnostic	serum	UBERON:0001977	PubMed:40362345	A2G2S1 (a bi-antennary, sialylated glycan) was higher in all disease groups (Figure 2E) compared to the control group (median in control ≈10.4 vs. ≥11.5 in diseases); this was in contrast to the results in Figure 2G,H, where significantly lower levels of sialylation were detected on bi- and tri- antennary structures.
PID:0000095_4	1	1	A2G2S1	bGSL:630d6de6-d549-41af-8c5d-02e12fed79fd	glycan	increased level of A2G2S1	myoma uteri	DOID:13223	diagnostic	serum	UBERON:0001977	PubMed:40362345	A2G2S1 (a bi-antennary, sialylated glycan) was higher in all disease groups (Figure 2E) compared to the control group (median in control ≈10.4 vs. ≥11.5 in diseases); this was in contrast to the results in Figure 2G,H, where significantly lower levels of sialylation were detected on bi- and tri- antennary structures.
PID:0000967_0	1	1	A2G2S1	bGSL:630d6de6-d549-41af-8c5d-02e12fed79fd	glycan	increased level of A2G2S1	post-traumatic stress disorder	DOID:2055	diagnostic	plasma	UBERON:0001969	PubMed:31817821	Among these six plasma N-glycans, four (GP14 = A2G2S1, GP27 = A3G3S3, GP33 = A4G4S3, GP39 = A4F1G4S4) were significantly higher, whereas two (GP16 = FA2G2S1, GP19 = M9) were significantly lower in PTSD subjects compared to controls in both cohorts (Figure 1).
PID:0003689_2	1	1	chondroitin-6-sulfate	bGSL:6328b58f-362d-4ff2-86a7-96e23ce02b29	glycan	altered level of chondroitin-6-sulfate	Merkel cell carcinoma	DOID:3965	diagnostic	tissue section	UBERON:0000479	PubMed:11260248	The most intensive immunoreactivity was detected using the chondroitin-6-sulfate antibody.
PID:0000114_0	1	1	α2-3 sialylated lactose-core glycan	bGSL:638c0dc7-a91a-4527-8655-1d090af5b400	glycan	increased level of α2-3 sialylated lactose-core glycan	gastric cancer	DOID:10534	diagnostic	urine	UBERON:0001088	PubMed:40128267	The levels of #1, #2, and #3 were moderately elevated in most cancers including gastrointestinal, pancreatic, bile duct, and lung cancers as well as sarcoma. | Unusual glycans: #11 is a terminal sialylated and fucosyl-xylose containing glycan, NeuAcα2-3Galβ1–4(Fucα1–3)Xylα1-3Glc. #12 is a d-arabinose-containing free-N-glycan. | Elevated levels of these unusual glycans was observed in most malignant tumors including sarcoma. | were performed to assess the usefulness of each marker alone for cancer diagnosis (Table 3). | AUC and 95% confidence interval (CI) for each marker in gastric, colorectal, and pancreatic cancers are shown.
PID:0000114_1	1	1	α2-3 sialylated lactose-core glycan	bGSL:638c0dc7-a91a-4527-8655-1d090af5b400	glycan	increased level of α2-3 sialylated lactose-core glycan	pancreatic cancer	DOID:1793	diagnostic	urine	UBERON:0001088	PubMed:40128267	The levels of #1, #2, and #3 were moderately elevated in most cancers including gastrointestinal, pancreatic, bile duct, and lung cancers as well as sarcoma. | Unusual glycans: #11 is a terminal sialylated and fucosyl-xylose containing glycan, NeuAcα2-3Galβ1–4(Fucα1–3)Xylα1-3Glc. #12 is a d-arabinose-containing free-N-glycan. | Elevated levels of these unusual glycans was observed in most malignant tumors including sarcoma. | were performed to assess the usefulness of each marker alone for cancer diagnosis (Table 3). | AUC and 95% confidence interval (CI) for each marker in gastric, colorectal, and pancreatic cancers are shown.
PID:0000114_2	1	1	α2-3 sialylated lactose-core glycan	bGSL:638c0dc7-a91a-4527-8655-1d090af5b400	glycan	increased level of α2-3 sialylated lactose-core glycan	bile duct cancer	DOID:4606	diagnostic	urine	UBERON:0001088	PubMed:40128267	The levels of #1, #2, and #3 were moderately elevated in most cancers including gastrointestinal, pancreatic, bile duct, and lung cancers as well as sarcoma.
PID:0000114_3	1	1	α2-3 sialylated lactose-core glycan	bGSL:638c0dc7-a91a-4527-8655-1d090af5b400	glycan	increased level of α2-3 sialylated lactose-core glycan	lung cancer	DOID:1324	diagnostic	urine	UBERON:0001088	PubMed:40128267	The levels of #1, #2, and #3 were moderately elevated in most cancers including gastrointestinal, pancreatic, bile duct, and lung cancers as well as sarcoma.
PID:0000095_8	1	1	FA2B	bGSL:63c39c56-6856-48c8-b21c-7077ad7cdd48	glycan	decreased level of FA2B	endometriosis	DOID:289	diagnostic	serum	UBERON:0001977	PubMed:40362345	The relative ratio of FA2B (Figure 2B) was significantly lower in endometriosis compared to the control and cervical carcinoma groups, which aligns with recent findings that structures with bisecting N-acetyl-glucosamine are decreased in endometriosis [17].
PID:0000412_4	1	1	FA2B	bGSL:63c39c56-6856-48c8-b21c-7077ad7cdd48	glycan	decreased level of FA2B	atrial fibrillation	DOID:0060224	diagnostic	IgG	UBERON:0000178	PubMed:37189353	In addition, in the IgG N-glycomes, IGP5 (Man5), IGP9 (FA2[3]G1), IGP20 (structure not determined), and IGP21 (A2G2S2) were more abundant in the AF patients compared to the controls, while the opposite was observed for IGP6 (FA2B), IGP10 (FA2[6]BG1), and the bisecting structures.
PID:0000412_5	1	1	FA2B	bGSL:63c39c56-6856-48c8-b21c-7077ad7cdd48	glycan	increased level of FA2B	atrial fibrillation	DOID:0060224	diagnostic	plasma	UBERON:0001969	PubMed:37189353	More precisely, GP2 (Man5, FA2B), GP7 (Man6), GP9 (A2BG2), GP15 (A2BG2S1), and the total oligomannose structures were increased.
PID:0000814_0	1	1	bifucosylated tetra-antennary glycan	bGSL:64cf17ab-91de-4d2e-8960-30777be8a563	glycan	increased level of bifucosylated tetra-antennary glycan on haptoglobin	hepatocellular carcinoma	DOID:684	diagnostic	serum	UBERON:0001977	PubMed:31964615	Haptoglobin bifucosylated tetra-antennary glycan have been identified in patients with early stage hepatocellular carcinoma, but its specificity according to the presence or not of cirrhosis has never been assessed. | In 102 patients without cirrhosis (21 HCC and 81 controls), the intention-to-diagnose analyses showed that haptoglobin bifucosylated tetra-antennary glycan alone had a sensitivity of 71% (15/21;95%CI 50–86), significantly better (P=0.02) than standard AFP (43%;9/21;95%CI 24–63), and a specificity of 96% (78/81;95% 90–99). | Haptoglobin bifucosylated tetra-antennary glycan is associated with the presence of HCC in patients with chronic liver disease including those without cirrhosis. | For the first time our results observed the presence of bifucosylated tetra-antennary glycan (m/z 3316.69), with both core and antennary fucosylation, in HCC patients irrespective of the presence or not of cirrhosis (Figure 2A), suggesting that this N-glycan structure may be a distinctive marker for hepatocellular carcinoma regardless of the presence of cirrhosis.
PID:0000814_0	1	2	haptoglobin		protein	increased level of bifucosylated tetra-antennary glycan on haptoglobin	hepatocellular carcinoma	DOID:684	diagnostic	serum	UBERON:0001977	PubMed:31964615	Haptoglobin bifucosylated tetra-antennary glycan have been identified in patients with early stage hepatocellular carcinoma, but its specificity according to the presence or not of cirrhosis has never been assessed. | In 102 patients without cirrhosis (21 HCC and 81 controls), the intention-to-diagnose analyses showed that haptoglobin bifucosylated tetra-antennary glycan alone had a sensitivity of 71% (15/21;95%CI 50–86), significantly better (P=0.02) than standard AFP (43%;9/21;95%CI 24–63), and a specificity of 96% (78/81;95% 90–99). | Haptoglobin bifucosylated tetra-antennary glycan is associated with the presence of HCC in patients with chronic liver disease including those without cirrhosis. | For the first time our results observed the presence of bifucosylated tetra-antennary glycan (m/z 3316.69), with both core and antennary fucosylation, in HCC patients irrespective of the presence or not of cirrhosis (Figure 2A), suggesting that this N-glycan structure may be a distinctive marker for hepatocellular carcinoma regardless of the presence of cirrhosis.
PID:0001978_0	1	1	bifucosylated tetraantennary N-glycan	bGSL:64cf17ab-91de-4d2e-8960-30777be8a563	glycan	increased level of bifucosylated tetraantennary N-glycan on haptoglobin	hepatocellular carcinoma	DOID:684	diagnostic	serum	UBERON:0001977	PubMed:24807840	A unique pattern of bifucosylated tetra-antennary glycan, with both core and antennary fucosylation, was identified in HCC patients. | Quantitative analysis indicated that the increased fucosylation degree was highly associated with HBV- and ALC-related HCC patients compared to that of the corresponding cirrhosis patients. | Notably, the bifucosylation degree was distinctly increased in HCC patients versus that in cirrhosis of all etiologies. | The elevated bifucosylation degree of haptoglobin can discriminate early stage HCC patients from cirrhosis in each etiologic category, which may be used to provide a potential marker for early detection and to predict HCC in patients with cirrhosis. | The elevated intensity of the peak (m/z 2867.48) corresponding to bifucosylated triantennary glycan was observed in all HCCs compared to that in liver cirrhosis.
PID:0001978_0	1	2	haptoglobin	UPKB:P00738	protein	increased level of bifucosylated tetraantennary N-glycan on haptoglobin	hepatocellular carcinoma	DOID:684	diagnostic	serum	UBERON:0001977	PubMed:24807840	A unique pattern of bifucosylated tetra-antennary glycan, with both core and antennary fucosylation, was identified in HCC patients. | Quantitative analysis indicated that the increased fucosylation degree was highly associated with HBV- and ALC-related HCC patients compared to that of the corresponding cirrhosis patients. | Notably, the bifucosylation degree was distinctly increased in HCC patients versus that in cirrhosis of all etiologies. | The elevated bifucosylation degree of haptoglobin can discriminate early stage HCC patients from cirrhosis in each etiologic category, which may be used to provide a potential marker for early detection and to predict HCC in patients with cirrhosis. | The elevated intensity of the peak (m/z 2867.48) corresponding to bifucosylated triantennary glycan was observed in all HCCs compared to that in liver cirrhosis.
PID:0000085_1	1	1	Lewis a	bGSL:662184b8-4ef9-426d-8391-7c163250ce9d	glycan	increased level of Lewis a	hepatocellular carcinoma	DOID:684	diagnostic	serum	UBERON:0001977	PubMed:40280554	A simple visual comparison between mean spectra obtained from HCC patients and healthy controls reveals clear differences in glycosylation patterns, particularly in core fucosylation, and in Fuc as part of (s)Lex and (s)Lea residues (Figure 7B and Figure S34).
PID:0000167_0	1	1	sialylated N-glycans	bGSL:66cd1dd7-b3bf-5df6-b3c3-69e6354149e1	glycan	decreased level of sialylated N-glycans	chronic inflammatory demyelinating polyneuropathy	DOID:5213	predictive	serum	UBERON:0001977	PubMed:39722472	Low levels of sialylated N‐glycans were associated with resistance to treatment over 12 weeks, with an area under the curve of 0.822 (p < 0.01). | Low levels of sialylated N‐glycans could potentially serve as a novel biomarker, reflecting pathophysiology and therapeutic resistance in typical CIDP. | To determine whether the serum glycan levels are associated with responses to treatment, we analyzed the correlation between baseline glycan levels and improvement in mRS scores during the 12‐week period after initial therapy. | A significant difference in serum total N‐glycans levels was observed among the three groups with mRS improvement scores of 0, 1, and ≥2 (840.4 [705.3–980.9], 997.9 [846.3–1058.9], and 1133.5 [973.3–1317.5], respectively, p < 0.05) (Figure 4a). | After adjusting for multiple comparisons using Bonferroni correction, a significant difference was observed between Groups 0 and 2 (p < 0.05), indicating that lower N‐glycan levels were associated with therapeutic resistance over 12 weeks.
PID:0000301_0	1	1	sialylated N-glycans	bGSL:66cd1dd7-b3bf-5df6-b3c3-69e6354149e1	glycan	altered level of sialylated N-glycans	hepatocellular carcinoma	DOID:684	diagnostic	serum	UBERON:0001977	PubMed:38346531	Using partial least squares-discriminant analysis (PLS-DA), the approach was applied for nontarget screening and profiling of aberrant sialylated N-glycans in hepatocellular carcinoma (HCC). | 55 SGs were identified in human serum, and three important SGs (SG35, SG45, and SG46) were screened to have good diagnostic specificity for HCC.
PID:0000609_4	1	1	sialylated N-glycan	bGSL:66cd1dd7-b3bf-5df6-b3c3-69e6354149e1	glycan	decreased level of sialylated N-glycan	prostate cancer	DOID:10283	prognostic	tumor tissue	UBERON:0000479	PubMed:34131069	We observed a significant decrease in both 1663 m/z and 1976 m/z, a bianetarry complex and sialylated N-glycan, respectively (Supplemental Figure 2A,B). | In addition to being less abundant in prostate tumor tissue compared to benign, we found the abundance of the sialylated N-glycan 1976 m/z decreases with tumor grade group (Supplemental Figure 2J). | Further, we identified one sialylated N-glycan (2341 m/z), that was significantly less abundant in patients who had recurrence (Supplemental Figure 5D), although this did not correspond to a difference in disease progression by Kaplan-Meier analysis (Supplemental Figure 5E).
PID:0000963_0	1	1	sialylated N-glycans	bGSL:66cd1dd7-b3bf-5df6-b3c3-69e6354149e1	glycan	altered level of sialylated N-glycans	colorectal cancer	DOID:9256	diagnostic	serum	UBERON:0001977	PubMed:31730330	Finally, this method was applied in profiling the N-glycome of serum from CRC patients, where a level of six sialyl-linkage isomers were found to be altered significantly compared with that from healthy individuals.
PID:0001311_11	1	1	sialylated N-glycans	bGSL:66cd1dd7-b3bf-5df6-b3c3-69e6354149e1	glycan	decreased level of sialylated N-glycans	cancer	DOID:162	diagnostic	tissue array	UBERON:0000479	PubMed:29569918	Regarding the array labeled with ST6Gal1, most cancerous tissues seem to express more unsialylated than sialylated N-glycans (Figure 4c).
PID:0002934_0	1	1	sialylated N-glycans	bGSL:66cd1dd7-b3bf-5df6-b3c3-69e6354149e1	glycan	increased level of sialylated N-glycans	breast cancer	DOID:1612	diagnostic	serum	UBERON:0001977	PubMed:18487288	Increases in sialylation and fucosylation of glycan structures appeared to be indicative of cancer progression.
PID:0001573_2	1	1	hyaluronan	bGSL:6811049f-c1fb-5111-bcf3-360ba4f8e672	glycan	increased level of hyaluronan	Breast cancer	DOID:1612	prognostic	tissue	UBERON:0000479	PubMed:27683279	High extent of O-GlcNAcylation in breast cancer cells correlates with the levels of HAS enzymes, accumulation of hyaluronan, and poor outcome. | Glycosaminoglycan hyaluronan (HA) enhances tumor progression and in breast cancer HA accumulation associates strongly with poor outcome. | The results suggest a mechanistic association between increased O-GlcNAcylation and HA synthesis, leading to a HA-rich microenvironment favorable for breast cancer progression.
PID:0000085_3	1	1	bisecting GlcNAc	bGSL:69988744-7296-5f26-8c2b-7a2cf6cd3ad3	glycan	increased level of bisecting GlcNAc	hepatocellular carcinoma	DOID:684	diagnostic	serum	UBERON:0001977	PubMed:40280554	Interestingly, HCC samples also show an increased prevalence of bisecting GlcNAc along several glycan types, in good agreement with previous reports.
PID:0000117_1	1	1	bisecting GlcNAc	bGSL:69988744-7296-5f26-8c2b-7a2cf6cd3ad3	glycan	increased level of bisecting GlcNAc on IGG	Escherichia coli-induced sepsis	DOID:0040085	prognostic	serum	UBERON:0001977	PubMed:40165956	The level of N-glycan with bisecting GlcNAc in patients with sepsis (17.38%) was significantly higher than in the control (15.86%) groups.
PID:0000117_1	1	2	IGG		protein	increased level of bisecting GlcNAc on IGG	Escherichia coli-induced sepsis	DOID:0040085	prognostic	serum	UBERON:0001977	PubMed:40165956	The level of N-glycan with bisecting GlcNAc in patients with sepsis (17.38%) was significantly higher than in the control (15.86%) groups.
PID:0000218_2	1	1	bisecting GlcNAc	bGSL:69988744-7296-5f26-8c2b-7a2cf6cd3ad3	glycan	decreased level of bisecting GlcNAc on IgG	Type 2 Diabetes Mellitus	DOID:9352	diagnostic	plasma	UBERON:0001969	PubMed:39337475	Subclass-specific IgG Fc glycan changes, including increased monogalactosylation, agalactosylation, and decreased sialylation and bisecting GlcNAc in IgG4; increased bisecting GlcNAc and decreased digalactosylation and total galactosylation in IgG2; and increased monogalactosylation in IgG1, were associated with T2DM [34].
PID:0000218_2	1	2	IgG		protein	decreased level of bisecting GlcNAc on IgG	Type 2 Diabetes Mellitus	DOID:9352	diagnostic	plasma	UBERON:0001969	PubMed:39337475	Subclass-specific IgG Fc glycan changes, including increased monogalactosylation, agalactosylation, and decreased sialylation and bisecting GlcNAc in IgG4; increased bisecting GlcNAc and decreased digalactosylation and total galactosylation in IgG2; and increased monogalactosylation in IgG1, were associated with T2DM [34].
PID:0000297_1	1	1	bisecting GlcNAc	bGSL:69988744-7296-5f26-8c2b-7a2cf6cd3ad3	glycan	altered level of bisecting GlcNAc on fPSA	prostate cancer	DOID:10283	diagnostic	serum	UBERON:0001977	PubMed:38498504	In the present study, we confirmed that two glycoforms of fPSA recognised by WFL, (fPSAWFL) and PHA-E (fPSAPHA-E), lectins that bind to N-acetyl sugar residues GalNAc, LacdiNAc and bisecting GlcNAc, are highly cancer-specific, hence are useful in distinguishing malignant from benign cases, particularly in the PSA grey-zone (tPSA level in the range of 2 to 10 ng mL-1). | The bisecting GlcNAc structure, i.e. a β1,4-linked GlcNAc attached to the core β-mannose residue, plays a role in tumour development and also in other physiological processes (adhesion, fertilisation, etc.).
PID:0000297_1	1	2	fPSA		protein	altered level of bisecting GlcNAc on fPSA	prostate cancer	DOID:10283	diagnostic	serum	UBERON:0001977	PubMed:38498504	In the present study, we confirmed that two glycoforms of fPSA recognised by WFL, (fPSAWFL) and PHA-E (fPSAPHA-E), lectins that bind to N-acetyl sugar residues GalNAc, LacdiNAc and bisecting GlcNAc, are highly cancer-specific, hence are useful in distinguishing malignant from benign cases, particularly in the PSA grey-zone (tPSA level in the range of 2 to 10 ng mL-1). | The bisecting GlcNAc structure, i.e. a β1,4-linked GlcNAc attached to the core β-mannose residue, plays a role in tumour development and also in other physiological processes (adhesion, fertilisation, etc.).
PID:0000318_3	1	1	bisecting GlcNAc	bGSL:69988744-7296-5f26-8c2b-7a2cf6cd3ad3	glycan	increased level of bisecting GlcNAc	ovarian cancer	DOID:2394	diagnostic	serum	UBERON:0001977	PubMed:38281033	Additionally, neutral bisection (B neutral) was also substantially elevated in benign and OC patients compared to normal group. | Meanwhile, sialylated bisection (B sialo) in OC was lower than that in benign, and total bisection (B total) was increased in both benign and OC compared to normal, especially for benign group.
PID:0000324_0	1	1	bisecting GlcNAc	bGSL:69988744-7296-5f26-8c2b-7a2cf6cd3ad3	glycan	increased level of bisecting GlcNAc	Alzheimer's disease	DOID:10652	diagnostic	cerebrospinal fluid	UBERON:0001359	PubMed:39121127	The N-glycan structure bisecting N-acetylglucosamine (bisecting GlcNAc) is present on several N-glycans that are elevated in Alzheimer's disease (AD), and previous studies have shown that bisecting GlcNAc levels correlate with total tau and phospho-tau181 in cerebrospinal fluid at early stages of AD.
PID:0000324_1	1	1	bisecting GlcNAc	bGSL:69988744-7296-5f26-8c2b-7a2cf6cd3ad3	glycan	altered level of bisecting GlcNAc	dementia	DOID:1307	diagnostic	blood	UBERON:0000178	PubMed:39121127	A recent population-based study showed that bisecting GlcNAc correlates with total tau also in blood and that this correlation could predict conversion to dementia.
PID:0000324_2	1	1	bisecting GlcNAc	bGSL:69988744-7296-5f26-8c2b-7a2cf6cd3ad3	glycan	altered level of bisecting GlcNAc	Subjective cognitive decline	DOID:0080831	diagnostic	cerebrospinal fluid	UBERON:0001359	PubMed:39121127	As in our previous study, the correlation between bisecting GlcNAc and total tau or phospho-tau181 was particularly strong in the subjective cognitive decline group. | Interestingly, among the amyloid negative and tau negative individuals, the correlation was observed in individuals with subjective cognitive decline but not in the controls.
PID:0000349_0	1	1	bisecting GlcNAc	bGSL:69988744-7296-5f26-8c2b-7a2cf6cd3ad3	glycan	increased level of bisecting GlcNAc on Immunoglobulin G	Multiple Sclerosis	DOID:2377	diagnostic	cerebrospinal fluid	UBERON:0001359	PubMed:37634467	In MS, the presence of bisecting N-acetylglucosamine (Padj=2.63E-05) and monogalactosylation (Padj=1.49E-06) were more abundant and associated with positive OCBs. | This trait was also more abundant in MRZH positive people with MS who had higher MRI lesion load (P = 0.018) but unrelated to active lesions or EDSS. | More abundant monogalactosylation of intrathecally synthesized IgG is the most prominent trait in MS and is associated with higher MRI lesion load. | N-glycans monogalactosylated at the α6 arm FA2[6]G1 (r = 0.56) and FA2[6]BG1 (r = 0.45) correlated with percentage of intrathecal IgG, but not total CSF-IgG.
PID:0000349_0	1	2	Immunoglobulin G		protein	increased level of bisecting GlcNAc on Immunoglobulin G	Multiple Sclerosis	DOID:2377	diagnostic	cerebrospinal fluid	UBERON:0001359	PubMed:37634467	In MS, the presence of bisecting N-acetylglucosamine (Padj=2.63E-05) and monogalactosylation (Padj=1.49E-06) were more abundant and associated with positive OCBs. | This trait was also more abundant in MRZH positive people with MS who had higher MRI lesion load (P = 0.018) but unrelated to active lesions or EDSS. | More abundant monogalactosylation of intrathecally synthesized IgG is the most prominent trait in MS and is associated with higher MRI lesion load. | N-glycans monogalactosylated at the α6 arm FA2[6]G1 (r = 0.56) and FA2[6]BG1 (r = 0.45) correlated with percentage of intrathecal IgG, but not total CSF-IgG.
PID:0000361_0	1	1	bisecting GlcNAc	bGSL:69988744-7296-5f26-8c2b-7a2cf6cd3ad3	glycan	increased level of bisecting GlcNAc on IgG	anti-neutrophil cytoplasmic antibody (ANCA)-associated vasculitis (PR3-ANCA vasculitis)	DOID:3049	prognostic	serum	UBERON:0001977	PubMed:37841251	At the time of diagnosis in GPA-PR3-ANCA patients, ΔIgG1 bisection of relapsing patients was higher than in non-relapsing patients (IgG1 0.8% vs. -3.9%; P = 0.004, Table S4 ; Figure 2A ).
PID:0000361_0	1	2	IgG		protein	increased level of bisecting GlcNAc on IgG	anti-neutrophil cytoplasmic antibody (ANCA)-associated vasculitis (PR3-ANCA vasculitis)	DOID:3049	prognostic	serum	UBERON:0001977	PubMed:37841251	At the time of diagnosis in GPA-PR3-ANCA patients, ΔIgG1 bisection of relapsing patients was higher than in non-relapsing patients (IgG1 0.8% vs. -3.9%; P = 0.004, Table S4 ; Figure 2A ).
PID:0000382_0	1	1	bisecting N-acetylglucosamine	bGSL:69988744-7296-5f26-8c2b-7a2cf6cd3ad3	glycan	altered level of bisecting N-acetylglucosamine	Alzheimer's disease	DOID:10652	prognostic	serum	UBERON:0001977	PubMed:37042462	We analyzed blood levels of bisecting N-acetylglucosamine and total tau in a retrospective cohort of 233 individuals. | Bisecting N-acetylglucosamine correlated with tau levels (p < 0.0001). | Individuals with an intermediate tau/bisecting N-acetylglucosamine ratio had elevated AD risk (hazard ratio = 2.06, 95% confidence interval [CI]: 1.18-3.6). | Moreover, a combined model including tau/bisecting N-acetylglucosamine ratio, apolipoprotein E (APOE) ε4 status, and Mini-Mental State Examination score predicted future AD (area under the curve = 0.81, 95% CI: 0.68-0.93). | Bisecting N-acetylglucosamine in combination with tau is a valuable blood biomarker for predicting AD.
PID:0000390_2	1	1	Bisecting GlcNAc	bGSL:69988744-7296-5f26-8c2b-7a2cf6cd3ad3	glycan	decreased level of Bisecting GlcNAc	COVID-19	DOID:0080600	diagnostic	plasma	UBERON:0001969	PubMed:37342334	Total plasma bisecting GlcNAc structures significantly decreased in critical patients when compared with mild and severe ones at diagnosis, whereas the trend shifted at 4 weeks postdiagnosis, increasing in severe patients compared to mild ones.
PID:0000491_0	1	1	bisecting GlcNAc	bGSL:69988744-7296-5f26-8c2b-7a2cf6cd3ad3	glycan	increased level of bisecting GlcNAc	pancreatic cancer	DOID:1793	diagnostic	serum	UBERON:0001977	PubMed:35954297	The results showed that five types of N-glycans, fucose, and α1-6-linked fucose residues that are recognized by AAL and LCA lectin, respectively; bisecting GlcNAc and multiantennary N-glycans that are bound by PHA-E and PHA-L, respectively; and α2-6-linked sialic acid residues that are recognized by SNA, were significantly increased in PC sera as compared with those in NC and AP sera (Figure 1a, the exact values of relative intensity can be seen in Table S3). | Compared with the NC group, the relative abundances of bisecting glycans, mannosylation, and fucosylation were significantly increased in the PC group; compared with the AP group, the relative abundances of bisecting glycans and fucosylation were significantly enhanced in the PC group; however, the relative abundances of fucosylation seemed similar between the NC and AP groups. | Together, the results of lectin blotting and mass spectrometry analysis revealed that the bisecting glycans were dramatically upregulated in PC patients and could distinguish PC patients from NC group (p < 0.001) and AP patients (p < 0.05).
PID:0000526_3	1	1	Bisecting GlcNAc	bGSL:69988744-7296-5f26-8c2b-7a2cf6cd3ad3	glycan	increased level of Bisecting GlcNAc on IgG1	severe COVID-19	DOID:0081013	prognostic	plasma	UBERON:0001969	PubMed:35334306	Low anti-S IgG1 galactosylation and sialylation as well as high bisection were early hallmarks of disease severity, whilst high galactosylation and sialylation and low bisection were found in patients with low disease severity. | While bisection associated positively with, and was an important predictor for ICU admission, disease severity and survival in our study, it lacks functional relevance based on our current understanding and has no effect on FcγRIII or C1q binding.
PID:0000526_3	1	2	IgG1		protein	increased level of Bisecting GlcNAc on IgG1	severe COVID-19	DOID:0081013	prognostic	plasma	UBERON:0001969	PubMed:35334306	Low anti-S IgG1 galactosylation and sialylation as well as high bisection were early hallmarks of disease severity, whilst high galactosylation and sialylation and low bisection were found in patients with low disease severity. | While bisection associated positively with, and was an important predictor for ICU admission, disease severity and survival in our study, it lacks functional relevance based on our current understanding and has no effect on FcγRIII or C1q binding.
PID:0000605_1	1	1	bisecting-GlcNAc	bGSL:69988744-7296-5f26-8c2b-7a2cf6cd3ad3	glycan	increased level of bisecting-GlcNAc on mesothelin	epithelioid mesothelioma	DOID:4489	diagnostic	tumour tissue	UBERON:0000479	PubMed:33792699	Our analysis revealed that PHA-E4 binding was also high in ERC/MSLN derived from surgical specimens (Fig. 2C). | As a result, PHA-E4 showed a significantly stronger binding to IP-ERC/MSLN from epithelioid mesothelioma cells than to that from normal mesothelial cells. | Results of our lectin microarray analysis revealed that PHA-E4 lectin showed significantly stronger binding to ERC/MSLN from epithelioid mesothelioma cells than that from normal mesothelial cells. | Similarly, ERC/MSLN from surgical specimens from mesothelioma patients also showed significantly stronger reactivity with PHA-E4 lectin.
PID:0000605_1	1	2	mesothelin		protein	increased level of bisecting-GlcNAc on mesothelin	epithelioid mesothelioma	DOID:4489	diagnostic	tumour tissue	UBERON:0000479	PubMed:33792699	Our analysis revealed that PHA-E4 binding was also high in ERC/MSLN derived from surgical specimens (Fig. 2C). | As a result, PHA-E4 showed a significantly stronger binding to IP-ERC/MSLN from epithelioid mesothelioma cells than to that from normal mesothelial cells. | Results of our lectin microarray analysis revealed that PHA-E4 lectin showed significantly stronger binding to ERC/MSLN from epithelioid mesothelioma cells than that from normal mesothelial cells. | Similarly, ERC/MSLN from surgical specimens from mesothelioma patients also showed significantly stronger reactivity with PHA-E4 lectin.
PID:0000746_1	1	1	bisecting GlcNAc	bGSL:69988744-7296-5f26-8c2b-7a2cf6cd3ad3	glycan	increased level of bisecting GlcNAc	pancreatic ductal adenocarcinoma	DOID:3498	diagnostic	tumor tissue	UBERON:0000479	PubMed:33581409	Core-fucosylated triantennary and tetra-antennary N-glycan species with bisecting GlcNAc modifications and terminal GalNAc residues were primarily localized to adenocarcinoma regions (Fig. 3D). | N-glycans significantly associated with CA19-9 expression tended to be core-fucosylated biantennary, triantennary, and tetra-antennary structures with bisecting GlcNAc residues and multiple outer arm fucosylations. | Key N-glycan structural themes associated with PDAC compared with nontumor tissues were increased sialylation, poly-LacNAc extensions, branching and extensive fucosylation of high-mass N-glycans.
PID:0000859_0	1	1	bisecting GlcNAc	bGSL:69988744-7296-5f26-8c2b-7a2cf6cd3ad3	glycan	increased level of bisecting GlcNAc	Alzheimer's disease	DOID:10652	susceptibility	cerebrospinal fluid	UBERON:0001359	PubMed:31889402	Using both matrix‐assisted laser desorption ionization‐time of flight and liquid chromatography–electrospray mass spectrometry, we observed an increase in N‐glycans carrying bisecting N‐acetylglucosamine in AD. | Using this assay, we found a similar increase in CSF in AD compared with controls. | This study supports a link between N‐glycosylation, neurodegeneration, and tau pathology in AD and suggests that glycan biomarkers have potential to identify SCI cases at risk of developing AD. | Further analysis of CSF from 242 patients with subjective cognitive impairment (SCI), mild cognitive impairment (MCI), or AD dementia revealed significantly increased binding to PHA‐E in MCI and AD compared to SCI. | Interestingly, PHA‐E binding correlated with CSF levels of phosphorylated tau and total tau and this correlation was most prominent in the SCI group (R = 0.53–0.54).
PID:0000896_0	1	1	Bisecting GlcNAc	bGSL:69988744-7296-5f26-8c2b-7a2cf6cd3ad3	glycan	altered level of Bisecting GlcNAc	gastric cancer	DOID:10534	diagnostic	serum	UBERON:0001977	PubMed:32106961	Bisecting GlcNAc and triantennary glycan compositions were found to be significantly changed between GC cases (n = 50) and healthy control, indicating the great potential to be novel biomarkers for GC early diagnosis.
PID:0000908_3	1	1	bisecting GlcNAc	bGSL:69988744-7296-5f26-8c2b-7a2cf6cd3ad3	glycan	decreased level of bisecting GlcNAc on IgG	rheumatoid arthritis	DOID:7148	diagnostic	serum	UBERON:0001977	PubMed:32192063	Our results also indicated significantly lower sialylation, reduced bisection, and increased fucosylation in patients with RA compared with healthy controls. | Although there was no significant difference in the level of total bisection in patients with RA, the bisection level was decreased in the patients with high RF levels compared with healthy controls and patients with low RF levels (Figure 5D).
PID:0000908_3	1	2	IgG		protein	decreased level of bisecting GlcNAc on IgG	rheumatoid arthritis	DOID:7148	diagnostic	serum	UBERON:0001977	PubMed:32192063	Our results also indicated significantly lower sialylation, reduced bisection, and increased fucosylation in patients with RA compared with healthy controls. | Although there was no significant difference in the level of total bisection in patients with RA, the bisection level was decreased in the patients with high RF levels compared with healthy controls and patients with low RF levels (Figure 5D).
PID:0001067_1	1	1	bisecting GlcNAc	bGSL:69988744-7296-5f26-8c2b-7a2cf6cd3ad3	glycan	increased level of bisecting GlcNAc	breast cancer	DOID:1612	diagnostic	whole serum	UBERON:0001977	PubMed:31208374	All these glycan structures belong to complex type N-glycans that include 4 bisecting, 8 core fucosylated, and 12 sialylated to a different degree with multiply branched antennas. | With no glyco-subclass altered significantly at stage III, we found statistically significant abundance in core-fucosylated, bisecting, bi-, tri-, and tetra-antennary, bi-, tri-, and tetra-sialylated N-glycans in the serum of stages I and II patients.
PID:0001115_2	1	1	bisecting GlcNAc	bGSL:69988744-7296-5f26-8c2b-7a2cf6cd3ad3	glycan	altered level of bisecting GlcNAc on Immunoglobulin G	rheumatoid arthritis	DOID:7148	diagnostic	serum IgG	UBERON:0001977	PubMed:30714583	Then, we performed binary logistic regression to screen out three bisecting N-acetylglucosamine (GlcNAc) glycoforms for distinguishing between OA and RA.
PID:0001115_2	1	2	Immunoglobulin G		protein	altered level of bisecting GlcNAc on Immunoglobulin G	rheumatoid arthritis	DOID:7148	diagnostic	serum IgG	UBERON:0001977	PubMed:30714583	Then, we performed binary logistic regression to screen out three bisecting N-acetylglucosamine (GlcNAc) glycoforms for distinguishing between OA and RA.
PID:0001115_3	1	1	bisecting GlcNAc	bGSL:69988744-7296-5f26-8c2b-7a2cf6cd3ad3	glycan	altered level of bisecting GlcNAc on Immunoglobulin G	osteoarthritis	DOID:8398	diagnostic	serum IgG	UBERON:0001977	PubMed:30714583	Then, we performed binary logistic regression to screen out three bisecting N-acetylglucosamine (GlcNAc) glycoforms for distinguishing between OA and RA.
PID:0001115_3	1	2	Immunoglobulin G		protein	altered level of bisecting GlcNAc on Immunoglobulin G	osteoarthritis	DOID:8398	diagnostic	serum IgG	UBERON:0001977	PubMed:30714583	Then, we performed binary logistic regression to screen out three bisecting N-acetylglucosamine (GlcNAc) glycoforms for distinguishing between OA and RA.
PID:0001348_0	1	1	bisecting N-acetylglucosamine	bGSL:69988744-7296-5f26-8c2b-7a2cf6cd3ad3	glycan	altered level of bisecting N-acetylglucosamine on IgG	Major Depressive Disorder	DOID:1470	predictive	IgG	UBERON:0000178	PubMed:29317657	In case of the IgG N-glycome, significant correlation with depressive symptom severity was found only for two galactosylated and sialylated glycoforms containing bisecting N-acetylglucosamine in all cohorts (Fig. 1c, left panel). | Only IgG4-G1 trait was correlated with T0 HDRS score in female patients (Fig. 1d, right panel). | Chronic antidepressant treatment resulted in IgG4-F and G2 trait level differences (FDR < 0.2) and significant correlation (p < 0.05) in female patients (Fig. 4f).
PID:0001348_0	1	2	IgG		protein	altered level of bisecting N-acetylglucosamine on IgG	Major Depressive Disorder	DOID:1470	predictive	IgG	UBERON:0000178	PubMed:29317657	In case of the IgG N-glycome, significant correlation with depressive symptom severity was found only for two galactosylated and sialylated glycoforms containing bisecting N-acetylglucosamine in all cohorts (Fig. 1c, left panel). | Only IgG4-G1 trait was correlated with T0 HDRS score in female patients (Fig. 1d, right panel). | Chronic antidepressant treatment resulted in IgG4-F and G2 trait level differences (FDR < 0.2) and significant correlation (p < 0.05) in female patients (Fig. 4f).
PID:0001410_5	1	1	bisecting GlcNAc	bGSL:69988744-7296-5f26-8c2b-7a2cf6cd3ad3	glycan	increased level of bisecting GlcNAc	Alzheimer's disease	DOID:10652	prognostic	CSF	UBERON:0001359	PubMed:28929132	Two recent reports involving a systematic N-glycan profiling of CSF samples from AD patients, MCI patients, and healthy counterparts, have described a decrease in the overall sialylation levels and an increase in species bearing bisecting GlcNAc in AD (28, 32).
PID:0001621_0	1	1	bisecting GlcNAc	bGSL:69988744-7296-5f26-8c2b-7a2cf6cd3ad3	glycan	increased level of bisecting GlcNAc	Alzheimer's disease	DOID:10652	diagnostic	serum	UBERON:0001977	PubMed:26968461	In contrast, the expression levels of the serum and CSF protein N-glycans such as bisect-type and multiply branched glycoforms were increased significantly in AD patient group.
PID:0001621_1	1	1	bisecting GlcNAc	bGSL:69988744-7296-5f26-8c2b-7a2cf6cd3ad3	glycan	increased level of bisecting GlcNAc	Alzheimer's disease	DOID:10652	diagnostic	CSF	UBERON:0001359	PubMed:26968461	In contrast, the expression levels of the serum and CSF protein N-glycans such as bisect-type and multiply branched glycoforms were increased significantly in AD patient group.
PID:0001639_1	1	1	bisecting GlcNAc	bGSL:69988744-7296-5f26-8c2b-7a2cf6cd3ad3	glycan	decreased level of bisecting GlcNAc	classical galactosaemia	DOID:0111459	diagnostic	serum IgG	UBERON:0001977	PubMed:26733289	We have identified a significant increase in core fucosylated neutral glycans (P<0.0001) and a significant decrease in core fucosylated (P<0.001), non-fucosylated (P<0.0001) bisected glycans and, of specific note, decreased N-linked mannose-5 glycans (P<0.0001), in galactosaemia patients.
PID:0001684_0	1	1	bisecting GlcNAc	bGSL:69988744-7296-5f26-8c2b-7a2cf6cd3ad3	glycan	altered level of bisecting GlcNAc on MGAT3	hepatocellular carcinoma	DOID:684	diagnostic	tissue	UBERON:0000479	PubMed:26801611	However, these results seem controversial to the clinical observations for the increased expression of GnT-III in human hepatomas, glioma, and ovarian cancers.
PID:0001684_0	1	2	MGAT3	UPKB:Q86VF5	protein	altered level of bisecting GlcNAc on MGAT3	hepatocellular carcinoma	DOID:684	diagnostic	tissue	UBERON:0000479	PubMed:26801611	However, these results seem controversial to the clinical observations for the increased expression of GnT-III in human hepatomas, glioma, and ovarian cancers.
PID:0001745_0	1	1	bisecting GlcNAc	bGSL:69988744-7296-5f26-8c2b-7a2cf6cd3ad3	glycan	increased level of bisecting GlcNAc on IGHG1	multiple sclerosis	DOID:2377	diagnostic	cerebrospinal fluid	UBERON:0001359	PubMed:26683050	Specifically, in CSF from the MS group, bisecting GlcNAc were elevated, and afucosylation and galactosylation were reduced. | In CSF from MS cases, glycans containing bisecting GlcNAc were increased, whereas galactosylated and sialylated species were reduced. | Bisecting GlcNAc of IgG1 was increased in CSF from MS cases. | This was evident by the CSF/serum ratio (1.3×, p = 0.0005, padj = 0.004; Fig. 4a) and by the absolute CSF values (1.3×, p = 0.0021, padj = 0.034; Fig. 2).
PID:0001745_0	1	2	IGHG1		protein	increased level of bisecting GlcNAc on IGHG1	multiple sclerosis	DOID:2377	diagnostic	cerebrospinal fluid	UBERON:0001359	PubMed:26683050	Specifically, in CSF from the MS group, bisecting GlcNAc were elevated, and afucosylation and galactosylation were reduced. | In CSF from MS cases, glycans containing bisecting GlcNAc were increased, whereas galactosylated and sialylated species were reduced. | Bisecting GlcNAc of IgG1 was increased in CSF from MS cases. | This was evident by the CSF/serum ratio (1.3×, p = 0.0005, padj = 0.004; Fig. 4a) and by the absolute CSF values (1.3×, p = 0.0021, padj = 0.034; Fig. 2).
PID:0002110_2	1	1	bisecting GlcNAc	bGSL:69988744-7296-5f26-8c2b-7a2cf6cd3ad3	glycan	decreased level of bisecting GlcNAc on IgG	lung adenocarcinoma	DOID:3910	diagnostic	IgG fraction	UBERON:0000178	PubMed:23640812	Here, a truncated biantennary glycan is upregulated with lung cancer, while decreased levels were observed for the structurally closely related sialylated glycans containing a bisecting GlcNAc.
PID:0002110_2	1	2	IgG		protein	decreased level of bisecting GlcNAc on IgG	lung adenocarcinoma	DOID:3910	diagnostic	IgG fraction	UBERON:0000178	PubMed:23640812	Here, a truncated biantennary glycan is upregulated with lung cancer, while decreased levels were observed for the structurally closely related sialylated glycans containing a bisecting GlcNAc.
PID:0002288_0	1	1	bisecting GlcNAc	bGSL:69988744-7296-5f26-8c2b-7a2cf6cd3ad3	glycan	decreased level of bisecting GlcNAc	colorectal cancer	DOID:9256	diagnostic	tumor tissue	UBERON:0000479	PubMed:22573871	The structures of four of the discriminators that were shown to be decreased in cancer tissues contained a bisecting GlcNAc. | Representative fragmentation spectra of m/z 1639.61 [M-H]− and of m/z 821.4 [M + 2H]2+ (H3N5-AA) are shown in supplemental Fig. 4. | Fragment ions at m/z 911.4 [M+H]+ (H1N3-AA), m/z 1276.6 [M+H]+ (H2N4-AA), and m/z 1274.6 [M-H]− are indicative for the presence of a bisecting GlcNAc. | In addition, the fragmentation spectra of the core-fucosylated structures comprise the corresponding fucosylated fragments at m/z 1057.4 [M+H]+ (H1N3F1-AA) and m/z 1422.5 [M+H]+ (H2N4F1-AA) (data not shown). | The AUC value calculated for three of the four discriminating structures (m/z 1639.61, 1785.67, and 1947.73 (Table II) containing a bisecting GlcNAc was higher than 0.90, indicating a high sensitivity and specificity (36).
PID:0002350_2	1	1	bisecting GlcNAc	bGSL:69988744-7296-5f26-8c2b-7a2cf6cd3ad3	glycan	decreased level of bisecting GlcNAc	ovarian cancer	DOID:2394	diagnostic	serum	UBERON:0001977	PubMed:22304416	As shown in Figure 2a, a decrease in the relative abundance of the bisecting structures appeared to be associated with late-stage recurrent ovarian cancer, which is further supported by a p-value of 0.00216 and an AUC score of 0.224, a moderately accurate result.
PID:0002409_2	1	1	bisecting GlcNAc	bGSL:69988744-7296-5f26-8c2b-7a2cf6cd3ad3	glycan	decreased level of bisecting GlcNAc on IgG	gastric cancer	DOID:10534	prognostic	IgG	UBERON:0000178	PubMed:22179780	A statistically significant increase of Fc fucosylation was observed in tumor stage II and III whereas reverse changes were found for the presence of bisecting GlcNAc.
PID:0002409_2	1	2	IgG		protein	decreased level of bisecting GlcNAc on IgG	gastric cancer	DOID:10534	prognostic	IgG	UBERON:0000178	PubMed:22179780	A statistically significant increase of Fc fucosylation was observed in tumor stage II and III whereas reverse changes were found for the presence of bisecting GlcNAc.
PID:0002409_4	1	1	bisecting GlcNAc	bGSL:69988744-7296-5f26-8c2b-7a2cf6cd3ad3	glycan	altered level of bisecting GlcNAc on IgG	gastric cancer	DOID:10534	prognostic	IgG	UBERON:0000178	PubMed:22179780	Higher level of fully sialylated glycans and elevated expression of glycans with bisecting GlcNAc were associated with better survival rate.
PID:0002409_4	1	2	IgG		protein	altered level of bisecting GlcNAc on IgG	gastric cancer	DOID:10534	prognostic	IgG	UBERON:0000178	PubMed:22179780	Higher level of fully sialylated glycans and elevated expression of glycans with bisecting GlcNAc were associated with better survival rate.
PID:0002602_0	1	1	bisecting GlcNAc	bGSL:69988744-7296-5f26-8c2b-7a2cf6cd3ad3	glycan	altered level of bisecting GlcNAc	glioblastoma	DOID:3068	diagnostic	tumor tissue	UBERON:0000479	PubMed:20661133	Although GBM frequently expressed the bisecting GlcNAc, the lectin reactivity varied among tumor regions within individual specimens. | Since detailed histopathologic analysis revealed that oligosaccharides with bisecting GlcNAc structures were preferably expressed in tumor regions with low KI67 immunopositivity, immunodetection of the bisecting GlcNAc could be useful to indicate less proliferative regions in human GBM.
PID:0002642_2	1	1	bisecting GlcNAc	bGSL:69988744-7296-5f26-8c2b-7a2cf6cd3ad3	glycan	decreased level of bisecting GlcNAc	schizophrenia	DOID:5419	diagnostic	cerebrospinal fluid	UBERON:0001359	PubMed:20578731	Levels of bisecting and sialylated glycans in the cerebrospinal fluid showed a general down-regulation in schizophrenia patients and a 95% positive predictive power for distinguishing patients from controls.
PID:0002846_2	1	1	bisecting GlcNAc	bGSL:69988744-7296-5f26-8c2b-7a2cf6cd3ad3	glycan	increased level of bisecting GlcNAc	hepatocellular carcinoma	DOID:684	diagnostic	serum	UBERON:0001977	PubMed:19223512	Glycan 5 is a bisecting glycan that increases in HCC patients.
PID:0003194_0	1	1	bisecting GlcNAc	bGSL:69988744-7296-5f26-8c2b-7a2cf6cd3ad3	glycan	increased level of bisecting GlcNAc	cirrhosis	DOID:5082	diagnostic	serum	UBERON:0001977	PubMed:16339757	Furthermore, we have analyzed the N-glycans and showed the increase in bisecting N-acetylglucosamine residue, core fucosylation, and the presence of an important population of neutral oligosaccharides.
PID:0000085_6	1	1	FA2	bGSL:6a4dee3f-1151-4a95-8e21-7256f60b61b8	glycan	increased level of FA2	hepatocellular carcinoma	DOID:684	diagnostic	serum	UBERON:0001977	PubMed:40280554	In contrast, fucosylated N-glycans with lower or no sialylation are predominant in HCC, with FA2 showing the most significant difference between the two cohorts (Figure 7F).
PID:0001427_0	1	1	FA2	bGSL:6a4dee3f-1151-4a95-8e21-7256f60b61b8	glycan	decreased level of FA2 on IgG1	rheumatoid arthritis	DOID:7148	predictive	serum	UBERON:0001977	PubMed:28793911	We could confirm a low abundance of galactosylated glycans in untreated patients with early RA compared with control subjects that was partially restored by MTX treatment. | This was more evident among future nonresponders than among responders to MTX treatment. | A low baseline ratio of FA2/[FA2G1 + FA2G2]-IgG1 was associated with nonresponse (OR 5.3 [1.6–17.0]) and was able to discriminate future nonresponders from responders to MTX therapy with a sensitivity of 70% (95% CI 46–88%) and a specificity of 69% (95% CI 52–83%). | We show that the FA2/[FA2G1 + FA2G2] of IgG1 is a biomarker candidate that is significantly associated with nonresponding patients and has potential value for prediction of MTX clinical response. | Similarly to what has previously been reported [25, 26], among the Fc glycans, the agalactosylated forms were in general more abundant (p < 0.05), whereas the galactosylated forms were less abundant (p < 0.05) in patients with early RA as than in healthy control subjects (Fig. 2b and Additional file 1: Table S5).
PID:0001427_0	1	2	IgG1		protein	decreased level of FA2 on IgG1	rheumatoid arthritis	DOID:7148	predictive	serum	UBERON:0001977	PubMed:28793911	We could confirm a low abundance of galactosylated glycans in untreated patients with early RA compared with control subjects that was partially restored by MTX treatment. | This was more evident among future nonresponders than among responders to MTX treatment. | A low baseline ratio of FA2/[FA2G1 + FA2G2]-IgG1 was associated with nonresponse (OR 5.3 [1.6–17.0]) and was able to discriminate future nonresponders from responders to MTX therapy with a sensitivity of 70% (95% CI 46–88%) and a specificity of 69% (95% CI 52–83%). | We show that the FA2/[FA2G1 + FA2G2] of IgG1 is a biomarker candidate that is significantly associated with nonresponding patients and has potential value for prediction of MTX clinical response. | Similarly to what has previously been reported [25, 26], among the Fc glycans, the agalactosylated forms were in general more abundant (p < 0.05), whereas the galactosylated forms were less abundant (p < 0.05) in patients with early RA as than in healthy control subjects (Fig. 2b and Additional file 1: Table S5).
PID:0001501_1	1	1	poly-LacNAc	bGSL:6b4d591f-cc04-56e8-a565-f8198ae070e4	glycan	altered level of poly-LacNAc on HEG1	malignant mesothelioma	DOID:1790	diagnostic	tissue	UBERON:0000479	PubMed:28361969	HEG1 bound to AAL but not LTL, which indicates that HEG1 has sialyl LewisX, but not LewisX. | HEG1 characteristically reacted with α2,6-linked sialic acid binders (SNA, SSA, TJA-I) and a sialylated N-acetyllactosamine (LacNAc) binder (RCA120), but not to a terminal LacNAc binder (ECA) or α2,3-sialyl LacNAc binders (MAL, ACG). | Although SKM9-2 antigen was not detected in major organs (Fig. 1c), HEG1 mRNA was observed in the heart and the lung (Fig. 3c and b, lower panel). | These observations suggest that α2,6-sialyl LacNAc is attached to the nonreducing terminal of HEG1 glycan.
PID:0001501_1	1	2	HEG1	UPKB:L8ECI8	protein	altered level of poly-LacNAc on HEG1	malignant mesothelioma	DOID:1790	diagnostic	tissue	UBERON:0000479	PubMed:28361969	HEG1 bound to AAL but not LTL, which indicates that HEG1 has sialyl LewisX, but not LewisX. | HEG1 characteristically reacted with α2,6-linked sialic acid binders (SNA, SSA, TJA-I) and a sialylated N-acetyllactosamine (LacNAc) binder (RCA120), but not to a terminal LacNAc binder (ECA) or α2,3-sialyl LacNAc binders (MAL, ACG). | Although SKM9-2 antigen was not detected in major organs (Fig. 1c), HEG1 mRNA was observed in the heart and the lung (Fig. 3c and b, lower panel). | These observations suggest that α2,6-sialyl LacNAc is attached to the nonreducing terminal of HEG1 glycan.
PID:0001722_1	1	1	poly-N-acetyllactosamine	bGSL:6b4d591f-cc04-56e8-a565-f8198ae070e4	glycan	increased level of poly-N-acetyllactosamine	proliferative vitreoretinopathy	DOID:9719	diagnostic	retinal pigment epithelial cells	CL:0002586	PubMed:26760037	Lectin blot analysis revealed that EMT of RPE cells in vitro confers a glycomic shift towards an abundance of Thomsen-Friedenreich antigen, poly-N-acetyllactosamine chains, and complex-type branched N-glycans. | Refining poly-N-acetyllactosamine chain extensions, LEL (lycopersum esculentum lectin), which binds internal N-acetyllactosamine within poly-N-acetyllactosamine chains [25], recognized several bands in native as well as dedifferentiated RPE cell extracts, although with a different pattern (Fig 1D). | Next we determined the presence of terminal galactose residues and poly-N-acetyllactosamine chains. | Taken together these results suggest that in transdifferentiated, myofibroblastic RPE cells the global N-glycan profile shifts from high mannose-type glycans towards complex-type branched tri- and tetraantennary N-glycans and complex-type biantennary glycans with poly-N-acetyllactosamine chain extensions and terminal N-acetyllactosamine residues. | Furthermore, there is evidence for an increased expression of non-sialylated TF-antigen, whereas native and myofibroblastic RPE cells qualitatively but not quantitatively differ in terms of sialylation of glycans.
PID:0000010_1	1	1	β-glucan	bGSL:6c978e40-5b00-580b-b7c6-94bc0e970ccc	glycan	altered level of β-glucan	Candida infection	DOID:1508	diagnostic	serum	UBERON:0001977	PubMed:40996794	Here, we demonstrate that Candida-related antibodies can be detected using glycan microarrays containing synthetic glycans to guide the discovery of oligosaccharide epitopes for diagnostics and vaccine design. | Pure, synthetic mannans and β-glucans, resembling carbohydrates found on the surface of Candida spp., were employed to screen and compare sera from infected humans and mice with noninfected individuals. | IgM antibodies directed toward β-glucans were observed shortly after infection, and after a longer time of infection, IgM and IgG antibodies that preferentially recognize mannans.
PID:0000010_4	1	1	β-glucan	bGSL:6c978e40-5b00-580b-b7c6-94bc0e970ccc	glycan	altered level of β-glucan	Candida infection	DOID:1508	diagnostic	serum	UBERON:0001977	PubMed:40996794	Here, we demonstrate that Candida-related antibodies can be detected using glycan microarrays containing synthetic glycans to guide the discovery of oligosaccharide epitopes for diagnostics and vaccine design. | Pure, synthetic mannans and β-glucans, resembling carbohydrates found on the surface of Candida spp., were employed to screen and compare sera from infected humans and mice with noninfected individuals. | IgM antibodies directed toward β-glucans were observed shortly after infection, and after a longer time of infection, IgM and IgG antibodies that preferentially recognize mannans.
PID:0004417_0	1	1	beta-D-glucan	bGSL:6c978e40-5b00-580b-b7c6-94bc0e970ccc	glycan	altered level of beta-D-glucan	systemic mycosis	DOID:0050136	response	plasma	UBERON:0001969	PubMed:8254892	Levels of plasma beta-D-glycan correlated well with efficacies of FLCZ in 19 of 30 patients. | In several cases, however, plasma beta-D-glucan levels were low during the entire course of treatment.
PID:0002519_1	1	1	monoantennary glycans	bGSL:6d8d4be9-d746-5d48-9da6-ca1f0eb3b919	glycan	increased level of monoantennary glycans	lung cancer	DOID:1324	diagnostic	serum	UBERON:0001977	PubMed:21214223	Increases were detected in glycans containing Sialyl Lewis X, monoantennary glycans, highly sialylated glycans and decreases were observed in core-fucosylated biantennary glycans, with some being detectable as early as in Stage I. | The most significantly altered HILIC peak in lung cancer samples includes predominantly disialylated and tri- and tetra-antennary glycans.
PID:0002569_0	1	1	Mono-antennary N-glycan	bGSL:6d8d4be9-d746-5d48-9da6-ca1f0eb3b919	glycan	increased level of Mono-antennary N-glycan	multiple sclerosis	DOID:2377	diagnostic	peripheral blood mononuclear cells	CL:2000001	PubMed:21629267	Matrix-assisted laser desorption/ionization–time of flight mass spectroscopy confirmed the N-glycan product of Mgat1 (mono-antennary) was increased relative to its N-glycan acceptor (Man5GlcNAc2) in PBMCs with the MGAT1 IVAVT−T haplotype (Fig. 3f and Supplementary Fig. S3d). | Although the MGAT1 IVAVT−T haplotype is relatively rare (carrier frequency ∼7.2%), we observed a novel association for carrier status in both cohorts, with P=1.51×10−5 and odds ratio (OR)=1.36 in combined data of 3,280 cases and 8,557 controls (Table 1, Supplementary Table S1).
PID:0004490_1	1	1	monoantennary N-glycans	bGSL:6d8d4be9-d746-5d48-9da6-ca1f0eb3b919	glycan	increased level of monoantennary N-glycans on alpha-1-antitrypsin	Carbohydrate-deficient glycoprotein syndrome	DOID:5212	diagnostic	serum	UBERON:0001977	PubMed:1470190	This new marker-glycoprotein suggests a defect of the production of biantennary and of triantennary N-glycans during an early step of their synthesis, resulting in monoantennary N-glycans.
PID:0004490_1	1	2	alpha-1-antitrypsin	UPKB:P01009	protein	increased level of monoantennary N-glycans on alpha-1-antitrypsin	Carbohydrate-deficient glycoprotein syndrome	DOID:5212	diagnostic	serum	UBERON:0001977	PubMed:1470190	This new marker-glycoprotein suggests a defect of the production of biantennary and of triantennary N-glycans during an early step of their synthesis, resulting in monoantennary N-glycans.
PID:0001768_0	1	1	6-sulfo sialyl Lewis X	bGSL:6e033c8a-f202-509b-8b71-6eef358777b2	glycan	altered level of 6-sulfo sialyl Lewis X	Bladder urothelial carcinoma	DOID:4006	prognostic	Tumor tissue	UBERON:0000479	PubMed:26137907	6-Sulfo sLeX glycans were expressed in ~20% of bladder urothelial carcinoma cases, particularly in plasmacytoid and micropapillary variants. | Positive cells were also bound by E-selectin·IgM chimeras in a calcium-dependent manner. | Our findings indicate that 6-sulfo sLeX glycans likely play 2 roles in bladder urothelial carcinoma progression: one in lymphocyte recruitment to enhance antitumor immune responses, and the other in E-selectin-mediated tumor cell adhesion to vascular endothelial cells, which is potentially associated with metastasis.
PID:0001238_3	1	1	A3G3	bGSL:722479e7-c9a0-40a4-bcda-0e789d88074a	glycan	decreased level of A3G3	prostate cancer	DOID:10283	diagnostic	serum	UBERON:0001977	PubMed:29927052	Our previous glycosylation study observed significant decreases in triantennary trigalactosylated glycans (including A3G3 and A3G3S3) and tetra‐antennary tetrasialylated outer‐arm‐fucosylated glycans, and increases in tetra‐antennary tetrasialylated structures in men with Gleason score 7 prostate tumours compared with Gleason score 5 cancers (Saldova et al., 2011).
PID:0002653_5	1	1	A3G3	bGSL:722479e7-c9a0-40a4-bcda-0e789d88074a	glycan	decreased level of A3G3 on alpha-1-antitrypsin	hepatocellular carcinoma	DOID:684	diagnostic	serum	UBERON:0001977	PubMed:20811639	That is, the increase in the outer arm fucosylated triantennary glycan, A3F(3)1G3, was associated with a decrease in triantennary glycan A3G3. | (Table 2, glycan 6).
PID:0002653_5	1	2	alpha-1-antitrypsin	UPKB:P01009	protein	decreased level of A3G3 on alpha-1-antitrypsin	hepatocellular carcinoma	DOID:684	diagnostic	serum	UBERON:0001977	PubMed:20811639	That is, the increase in the outer arm fucosylated triantennary glycan, A3F(3)1G3, was associated with a decrease in triantennary glycan A3G3. | (Table 2, glycan 6).
PID:0002238_1	1	1	Afucosylated tri-antenna glycans	bGSL:7248b6bb-13a3-4a30-ad02-e4072d9dbf3c	glycan	decreased level of Afucosylated tri-antenna glycans on α1-acid glycoprotein	cancer	DOID:162	diagnostic	plasma	UBERON:0001969	PubMed:23509786	Accordingly, patients with advanced malignancies who had AGP glycoforms containing highly fucosylated branched glycans for long periods after surgery were found to have a poor prognosis, while patients without such glycoforms were expected to have a good prognosis irrespective of their clinical stages.
PID:0002238_1	1	2	α1-acid glycoprotein		protein	decreased level of Afucosylated tri-antenna glycans on α1-acid glycoprotein	cancer	DOID:162	diagnostic	plasma	UBERON:0001969	PubMed:23509786	Accordingly, patients with advanced malignancies who had AGP glycoforms containing highly fucosylated branched glycans for long periods after surgery were found to have a poor prognosis, while patients without such glycoforms were expected to have a good prognosis irrespective of their clinical stages.
PID:0000609_2	1	1	biantennary complex N-glycan	bGSL:7548e42d-e075-5fef-a148-a06913542f40	glycan	decreased level of biantennary complex N-glycan	prostate cancer	DOID:10283	prognostic	tumor tissue	UBERON:0000479	PubMed:34131069	We observed a significant decrease in both 1663 m/z and 1976 m/z, a bianetarry complex and sialylated N-glycan, respectively (Supplemental Figure 2A,B).
PID:0000609_5	1	1	biantennary complex N-glycan	bGSL:7548e42d-e075-5fef-a148-a06913542f40	glycan	increased level of biantennary complex N-glycan	prostate cancer	DOID:10283	prognostic	tumor tissue	UBERON:0000479	PubMed:34131069	Specifically, we observed increased abundance of several N-glycans in grade group 1 tumors from Black patients including branched (1891 m/z), bisecting (1866 and 2174 m/z), and biantenarry complex (1663 m/z) (Figure 5D–G). | We confirmed an increased in all but one of the N-glycans (1891 m/z) in the Black patient tumor compared to White (Supplemental Figure 3C–G).
PID:0000189_0	1	1	terminal N-acetylglucosamine	bGSL:7562f115-e4a2-5461-8cea-be68033775d0	glycan	decreased level of terminal N-acetylglucosamine on von Willebrand factor	Major Depressive Disorder	DOID:1470	diagnostic	plasma extracellular vesicle	UBERON:0001969	PubMed:39580509	The levels of Wheat germ agglutinin (WGA), N-acetyl glucosamine (GlcNAc), and N-Acetylneuraminic acid (Neu5Ac, sialic acid) - binding lectin, were significantly decreased in patients with MDD in the depressive state compared to HCs and in remission state. | The amount of glycosylated protein with a molecular weight above 250 kDa (Band #2) recognized by WGA significantly decreased in plasma EVs from patients with MDD compared with HCs (Fig. 3B, the densitometric intensity of HC, 6221.34 ± 1422.17 and DP, 2833.87 ± 1254.72; p = 0.00727). | The intensity of WGA was significantly lower in the patient with MDD than in the HCs (Fig. 3C, densitometric intensity of HCs, 5162.67 ± 3360.85 and DP, 1338.97 ± 1898.61; p = 0.00008).
PID:0000189_0	1	2	von Willebrand factor	UPKB:P04275	protein	decreased level of terminal N-acetylglucosamine on von Willebrand factor	Major Depressive Disorder	DOID:1470	diagnostic	plasma extracellular vesicle	UBERON:0001969	PubMed:39580509	The levels of Wheat germ agglutinin (WGA), N-acetyl glucosamine (GlcNAc), and N-Acetylneuraminic acid (Neu5Ac, sialic acid) - binding lectin, were significantly decreased in patients with MDD in the depressive state compared to HCs and in remission state. | The amount of glycosylated protein with a molecular weight above 250 kDa (Band #2) recognized by WGA significantly decreased in plasma EVs from patients with MDD compared with HCs (Fig. 3B, the densitometric intensity of HC, 6221.34 ± 1422.17 and DP, 2833.87 ± 1254.72; p = 0.00727). | The intensity of WGA was significantly lower in the patient with MDD than in the HCs (Fig. 3C, densitometric intensity of HCs, 5162.67 ± 3360.85 and DP, 1338.97 ± 1898.61; p = 0.00008).
PID:0001060_0	1	1	Man7	bGSL:76f55f17-29ee-5938-bef1-bee233b36669	glycan	increased level of Man7 on Complement C3	hepatocellular carcinoma	DOID:684	prognostic	plasma	UBERON:0001969	PubMed:31136099	In regard to the glycosylation pattern of complement C3 Asn85, the patients with HCC or cHCC‐CCA had a higher proportion of Hex7HexNAc2 (mannose‐7; Man7) glycoform than the patients with CCA and the controls (see supplementary material, Table S8).
PID:0001060_0	1	2	Complement C3		protein	increased level of Man7 on Complement C3	hepatocellular carcinoma	DOID:684	prognostic	plasma	UBERON:0001969	PubMed:31136099	In regard to the glycosylation pattern of complement C3 Asn85, the patients with HCC or cHCC‐CCA had a higher proportion of Hex7HexNAc2 (mannose‐7; Man7) glycoform than the patients with CCA and the controls (see supplementary material, Table S8).
PID:0002401_3	1	1	Man7	bGSL:76f55f17-29ee-5938-bef1-bee233b36669	glycan	increased level of Man7	hepatocellular carcinoma	DOID:684	diagnostic	serum	UBERON:0001977	PubMed:22808038	We observed that the levels of IgG against glycan numbers 4 (SLacNAc 6SO3), 15 (disialosyl galactosyl-globoside; DSGG), 18 (fucosyl GM1), 35 (Gb3), 36 (Gb2), 42 (B19), and 56 (Man7) were significantly higher in patients with HCC than in healthy individuals.
PID:0002378_0	1	1	β-1,6-N-acetylglucosamine	bGSL:787243fc-eea6-5ac3-b76f-ff0e45698791	glycan	increased level of β-1,6-N-acetylglucosamine on TIMP1	colorectal cancer	DOID:9256	diagnostic	serum	UBERON:0001977	PubMed:22196688	Also, MALDI data obtained in this study showed that the L-PHA-captured glycoforms of TIMP1 were measured in the pooled CRC serum with about 5 times higher abundance than that in the noncancerous serum, and were further proved by MRM mass analysis.
PID:0002378_0	1	2	TIMP1		protein	increased level of β-1,6-N-acetylglucosamine on TIMP1	colorectal cancer	DOID:9256	diagnostic	serum	UBERON:0001977	PubMed:22196688	Also, MALDI data obtained in this study showed that the L-PHA-captured glycoforms of TIMP1 were measured in the pooled CRC serum with about 5 times higher abundance than that in the noncancerous serum, and were further proved by MRM mass analysis.
PID:0000611_4	1	1	globo H	bGSL:e45665f0-4131-4b87-9070-5a899beb203d	glycan	increased level of globo H	medullary thyroid carcinoma	DOID:3973	diagnostic	tumor tissue	UBERON:0000479	PubMed:34638800	The extent and intensity of the noted positive staining with anti-Globo H (Figure 8D) and anti-Lex (Figure 8E) antibodies was variable, but clearly present, in all samples demonstrating a subpopulation of cells with antigen expression. | Immunohistochemical evaluation of nine MTC samples showed a subpopulation, of variable quantity, that clearly expressed Globo H in all of the examined individuals.
PID:0001910_0	1	1	Globo H	bGSL:e45665f0-4131-4b87-9070-5a899beb203d	glycan	increased level of Globo H on diptheria toxoid cross-reactive material 197	Breast cancer	DOID:1612	response	serum	UBERON:0001977	PubMed:25371992	After Balb/c mice injection, the immune response was studied by a glycan array and the results showed that modification at the C-6 position of reducing end glucose of Globo H with the fluoro, azido, or phenyl group elicited IgG antibody response to specifically recognize Globo H (GH) and the GH-related epitopes, stage-specific embryonic antigen 3 (SSEA3) (also called Gb5) and stage-specific embryonic antigen 4 (SSEA4). | However, only the modification of Globo H with the azido group at the C-6 position of the nonreducing end fucose could elicit a strong IgG immune response. | Moreover, the antibodies induced by these vaccines were shown to recognize GH expressing tumor cells (MCF-7) and mediate the complement-dependent cell cytotoxicity against tumor cells.
PID:0001910_0	1	2	diptheria toxoid cross-reactive material 197	UPKB:P09486	protein	increased level of Globo H on diptheria toxoid cross-reactive material 197	Breast cancer	DOID:1612	response	serum	UBERON:0001977	PubMed:25371992	After Balb/c mice injection, the immune response was studied by a glycan array and the results showed that modification at the C-6 position of reducing end glucose of Globo H with the fluoro, azido, or phenyl group elicited IgG antibody response to specifically recognize Globo H (GH) and the GH-related epitopes, stage-specific embryonic antigen 3 (SSEA3) (also called Gb5) and stage-specific embryonic antigen 4 (SSEA4). | However, only the modification of Globo H with the azido group at the C-6 position of the nonreducing end fucose could elicit a strong IgG immune response. | Moreover, the antibodies induced by these vaccines were shown to recognize GH expressing tumor cells (MCF-7) and mediate the complement-dependent cell cytotoxicity against tumor cells.
PID:0002009_0	1	1	Globo H	bGSL:e45665f0-4131-4b87-9070-5a899beb203d	glycan	increased level of Globo H	hepatocellular carcinoma	DOID:684	diagnostic	serum	UBERON:0001977	PubMed:24122375	In our study, we performed glycan microarray analysis of 134 human serum samples to explore anti-Globo H antibody changes and found that Globo H is upregulated in hepatitis B virus (HBV)-positive HCC.
PID:0002912_0	1	1	Globo H	bGSL:e45665f0-4131-4b87-9070-5a899beb203d	glycan	increased level of Globo H	breast cancer	DOID:1612	diagnostic	plasma	UBERON:0001969	PubMed:18689688	The glycan microarray was also used to detect the amount of antibodies present in the plasma of breast cancer patients and normal blood donors. | It was shown that the amount of antibodies against Globo H from breast cancer patients were significantly higher than normal blood donors, providing a new tool for possible breast cancer diagnosis.
PID:0001496_1	1	1	α2-3-linked sialic acid	bGSL:7cf55d9d-bacd-51cb-8500-ef798d5c7e9b	glycan	increased level of α2-3-linked sialic acid	gastric cancer	DOID:10534	prognostic	tissue	UBERON:0000479	PubMed:28259967	Furthermore, the staining of MAL-I in GC tissues showed that high expression of α2-3Sia was closely correlated with lymph node metastasis, TNM stage and poor overall survival.
PID:0001609_0	1	1	α-2,3-linked sialic acid	bGSL:7cf55d9d-bacd-51cb-8500-ef798d5c7e9b	glycan	increased level of α-2,3-linked sialic acid on KLK3	Prostate cancer	DOID:10283	diagnostic	serum	UBERON:0001977	PubMed:27506346	The results showed that Maackia amurensis agglutinin (MAA) recognizing α-2,3-terminal sialic acid can be applied to distinguish between these two sets of samples since the MAA/PSA response obtained from the analysis of the PCa samples was significantly higher (5.3-fold) compared to the MAA/PSA response obtained by the analysis of samples from healthy individuals. | Thus, combined analysis of serological PSA levels together with PSA glycoprofiling of aberrant glycosylation of PSA (i.e. increase in the level of α-2,3-terminal sialic acid) has a potential to improve detection of PCa. | When MAA lectin was applied for glycoprofiling of PSA bound to the immobilized anti-PSA antibody from serum samples, it was possible to see much higher relative response of the biosensor after incubation with the samples from PCa patients (i.e. relative response MAA/PSA from 0.37 ± 0.18 to 0.60 ± 0.14 with an average value of 0.45 ± 0.18) compared to the biosensor response after incubation with the samples from healthy individuals (i.e. relative response MAA/PSA from 0.010 ± 0.007 to 0.16 ± 0.11 with an average value of 0.086 ± 0.010). | Thus, a relative response MAA/PSA was 5.3-fold higher when PCa samples were analyzed, compared to the analysis of samples from healthy individuals. | Our results revealed a significant increase of terminal α-2,3-linked sialic acid on PSA recognizable by MAA lectin and insignificant, minute increase of the level of terminal α-2,6-linked sialic acid on PSA recognizable by SNA lectin present in the PCa patient serum samples when compared to the analysis of serum samples from healthy individuals.
PID:0001609_0	1	2	KLK3	UPKB:Q546G3	protein	increased level of α-2,3-linked sialic acid on KLK3	Prostate cancer	DOID:10283	diagnostic	serum	UBERON:0001977	PubMed:27506346	The results showed that Maackia amurensis agglutinin (MAA) recognizing α-2,3-terminal sialic acid can be applied to distinguish between these two sets of samples since the MAA/PSA response obtained from the analysis of the PCa samples was significantly higher (5.3-fold) compared to the MAA/PSA response obtained by the analysis of samples from healthy individuals. | Thus, combined analysis of serological PSA levels together with PSA glycoprofiling of aberrant glycosylation of PSA (i.e. increase in the level of α-2,3-terminal sialic acid) has a potential to improve detection of PCa. | When MAA lectin was applied for glycoprofiling of PSA bound to the immobilized anti-PSA antibody from serum samples, it was possible to see much higher relative response of the biosensor after incubation with the samples from PCa patients (i.e. relative response MAA/PSA from 0.37 ± 0.18 to 0.60 ± 0.14 with an average value of 0.45 ± 0.18) compared to the biosensor response after incubation with the samples from healthy individuals (i.e. relative response MAA/PSA from 0.010 ± 0.007 to 0.16 ± 0.11 with an average value of 0.086 ± 0.010). | Thus, a relative response MAA/PSA was 5.3-fold higher when PCa samples were analyzed, compared to the analysis of samples from healthy individuals. | Our results revealed a significant increase of terminal α-2,3-linked sialic acid on PSA recognizable by MAA lectin and insignificant, minute increase of the level of terminal α-2,6-linked sialic acid on PSA recognizable by SNA lectin present in the PCa patient serum samples when compared to the analysis of serum samples from healthy individuals.
PID:0001027_0	1	1	terminal sialylation	bGSL:7e50b61a-ea7e-5c9c-860e-a5296d3b2339	glycan	increased level of terminal sialylation	Systemic lupus erythematosus	DOID:9074	diagnostic	T cells	CL:0000084	PubMed:31509989	These findings indicated an increased terminal sialylation. | The large variations between the Gal-1 binding of the control and SLE T cells (Figure 1B) indicated an alteration in the sialylation of SLE surface glycans. | A significantly higher ST3GAL6/NEU1 and ST6GAL1/NEU1 mRNA ratio was observed in SLE compared to control T cells (Figure 3B), indicating higher sialylation of SLE T cells.
PID:0002487_0	1	1	terminal sialylation	bGSL:7e50b61a-ea7e-5c9c-860e-a5296d3b2339	glycan	decreased level of terminal sialylation	congenital disorder of glycosylation	DOID:5212	diagnostic	serum	UBERON:0001977	PubMed:21062782	Analysis of the total serum N-glycans of COG-deficient CDG patients demonstrated an overall decrease in terminal sialylation and galactosylation.
PID:0000804_3	1	1	G2F	bGSL:7f36e3c7-560f-4b7e-8743-e3b0460684f9	glycan	increased level of G2F on IgG	HIV infection	DOID:526	monitoring	serum	UBERON:0001977	PubMed:33048992	Specifically, the correlates of the size of the estimated latent reservoir size within ART-treated subjects included both gp41- and gp120-specific IgG3 and IgG2 antibodies as well as elevated G2S2B and G2F glycans (Fig 4C). | We found that of the 4 biomarkers identified by the model (Fig 4C), 2 markers–gp41-specific IgG2 antibodies and G2F glycans are significantly correlated (P = 0.011 and 0.029 respectively), and a third marker–gp120-specific IgG3 antibodies is nominally correlated (P = 0.15) with latent reservoir size (quantified as a continuous variable).
PID:0000804_3	1	2	IgG		protein	increased level of G2F on IgG	HIV infection	DOID:526	monitoring	serum	UBERON:0001977	PubMed:33048992	Specifically, the correlates of the size of the estimated latent reservoir size within ART-treated subjects included both gp41- and gp120-specific IgG3 and IgG2 antibodies as well as elevated G2S2B and G2F glycans (Fig 4C). | We found that of the 4 biomarkers identified by the model (Fig 4C), 2 markers–gp41-specific IgG2 antibodies and G2F glycans are significantly correlated (P = 0.011 and 0.029 respectively), and a third marker–gp120-specific IgG3 antibodies is nominally correlated (P = 0.15) with latent reservoir size (quantified as a continuous variable).
PID:0000908_5	1	1	G2F	bGSL:7f36e3c7-560f-4b7e-8743-e3b0460684f9	glycan	decreased level of G2F on IgG	rheumatoid arthritis	DOID:7148	diagnostic	serum	UBERON:0001977	PubMed:32192063	Accordingly, the ratios of G1F/G0F (m/z 1039/937), G2F/G0F (m/z 1142/937), G1F0/G0F0 (m/z 953/850) and G2F0/G0F0 (m/z 1055/850) were reduced in the serum of all patients with RA compared with healthy controls (Figure 5E-H).
PID:0000908_5	1	2	IgG		protein	decreased level of G2F on IgG	rheumatoid arthritis	DOID:7148	diagnostic	serum	UBERON:0001977	PubMed:32192063	Accordingly, the ratios of G1F/G0F (m/z 1039/937), G2F/G0F (m/z 1142/937), G1F0/G0F0 (m/z 953/850) and G2F0/G0F0 (m/z 1055/850) were reduced in the serum of all patients with RA compared with healthy controls (Figure 5E-H).
PID:0002055_0	1	1	G2F	bGSL:7f36e3c7-560f-4b7e-8743-e3b0460684f9	glycan	increased level of G2F on IGHG2	pancreatitis	DOID:4989	diagnostic	serum	UBERON:0001977	PubMed:24190616	Compared with healthy controls, significant increases in agalactosylated glycoforms and decreases in galactosylated glycoforms were observed for PT and PAC patients.
PID:0002055_0	1	2	IGHG2		protein	increased level of G2F on IGHG2	pancreatitis	DOID:4989	diagnostic	serum	UBERON:0001977	PubMed:24190616	Compared with healthy controls, significant increases in agalactosylated glycoforms and decreases in galactosylated glycoforms were observed for PT and PAC patients.
PID:0001311_7	1	1	sialylated O-glycans	bGSL:846e7a18-60cf-5ee0-bc8a-337519077430	glycan	decreased level of sialylated O-glycans	pancreatic cancer	DOID:1793	diagnostic	tissue array	UBERON:0000479	PubMed:29569918	23–26 Pancreas and muscle cancerous tissue specimens were found to express lower levels of both sialylated and unsialylated glycans than normal tissue samples, suggesting a decrease in overall glycosylation.
PID:0001311_9	1	1	sialylated O-glycans	bGSL:846e7a18-60cf-5ee0-bc8a-337519077430	glycan	decreased level of sialylated O-glycans	colorectal cancer	DOID:9256	diagnostic	tissue array	UBERON:0000479	PubMed:29569918	Finally, colon cancerous tissue was detected to have more unsialylated glycans and less sialylated glycans.
PID:0001501_0	1	1	sialylated O-linked glycan	bGSL:846e7a18-60cf-5ee0-bc8a-337519077430	glycan	altered level of sialylated O-linked glycan on HEG1	malignant mesothelioma	DOID:1790	diagnostic	tissue	UBERON:0000479	PubMed:28361969	Here, we show that a novel mucin-like membrane protein, sialylated protein HEG homolog 1 (HEG1), is a highly specific marker for MM. | This accurate discrimination by SKM9-2 was due to the recognition of a sialylated O-linked glycan with HEG1 peptide. | HEG1 bound to AAL but not LTL, which indicates that HEG1 has sialyl LewisX, but not LewisX. | HEG1 characteristically reacted with α2,6-linked sialic acid binders (SNA, SSA, TJA-I) and a sialylated N-acetyllactosamine (LacNAc) binder (RCA120), but not to a terminal LacNAc binder (ECA) or α2,3-sialyl LacNAc binders (MAL, ACG). | Although SKM9-2 antigen was not detected in major organs (Fig. 1c), HEG1 mRNA was observed in the heart and the lung (Fig. 3c and b, lower panel).
PID:0001501_0	1	2	HEG1	UPKB:L8ECI8	protein	altered level of sialylated O-linked glycan on HEG1	malignant mesothelioma	DOID:1790	diagnostic	tissue	UBERON:0000479	PubMed:28361969	Here, we show that a novel mucin-like membrane protein, sialylated protein HEG homolog 1 (HEG1), is a highly specific marker for MM. | This accurate discrimination by SKM9-2 was due to the recognition of a sialylated O-linked glycan with HEG1 peptide. | HEG1 bound to AAL but not LTL, which indicates that HEG1 has sialyl LewisX, but not LewisX. | HEG1 characteristically reacted with α2,6-linked sialic acid binders (SNA, SSA, TJA-I) and a sialylated N-acetyllactosamine (LacNAc) binder (RCA120), but not to a terminal LacNAc binder (ECA) or α2,3-sialyl LacNAc binders (MAL, ACG). | Although SKM9-2 antigen was not detected in major organs (Fig. 1c), HEG1 mRNA was observed in the heart and the lung (Fig. 3c and b, lower panel).
PID:0002091_0	1	1	sialylated O-glycans	bGSL:846e7a18-60cf-5ee0-bc8a-337519077430	glycan	increased level of sialylated O-glycans	Trypanosoma cruzi infection	DOID:10113	diagnostic	blood	UBERON:0000178	PubMed:24204874	Additionally, in vivo administration of Tc Muc during T. cruzi infection enhanced parasitemia and aggravated heart damage. | In contrast, infected mice treated with Tc mucin showed a precocious blood parasitemia at day 13 post-infection, which further increased (aproximately 3-fold) as the infection continued. | The susceptibility of the Tc treatment was correlated with augmented infiltration of leucocytes in the heart at day 21 post-infection (Figure 7b–c).
PID:0002155_0	1	1	Neu5Acα2-6-Tn	bGSL:85c522ed-d938-4fd4-be4a-ac6013251f2b	glycan	altered level of Neu5Acα2-6-Tn	mammary carcinoma	DOID:3459	diagnostic	tumor tissue	UBERON:0000479	PubMed:23507963	In addition to the known ligands, we show binding to two tumor-associated antigens, namely Neu5Acα2,6-Tn and Neu5Gcα2,6-Tn, with an affinity of CLEC10A in the micromolar range. | CLEC10A binds Neu5Acα2,6-Tn and Neu5Gcα2,6-Tn with dissociation constants of 297 and 80 µM, respectively, as determined by SPR. | Since both Neu5Acα2,6-Tn and Neu5Gcα2,6-Tn together with the previously known Tn antigen are expressed in human tumors such as mammary carcinoma, the interaction with CLEC10A expressed by macrophages and dendritic cells could be of major functional significance in tumor progression.
PID:0001840_4	1	1	chitin	bGSL:87cba7f2-dfd0-5338-a6bb-0100197ad8ad	glycan	increased level of chitin	Ulcerative colitis	DOID:8577	prognostic	serum	UBERON:0001977	PubMed:25895876	The positivity of at least one anti-glycan antibody was detected in a significant higher proportion of CD and UC compared with healthy controls [p < 0.0001 and p < 0.0007, respectively].
PID:0002728_0	1	1	Chitin	bGSL:87cba7f2-dfd0-5338-a6bb-0100197ad8ad	glycan	altered level of Chitin	Crohn's disease	DOID:8778	prognostic	serum	UBERON:0001977	PubMed:19653286	We tested a panel of novel serological anti-glycan antibodies including the previously unpublished anti-laminarin IgA (Anti-L) and anti-chitin IgA (Anti-C) carbohydrate antibodies for the presence in Crohn's disease (CD) patients, diagnosis and differentiation of CD, association with complicated disease behavior, and marker stability over time. | The presence of Anti-L, Anti-C, anti-chitobioside IgA (ACCA), anti-laminaribioside IgG (ALCA), anti-mannobioside IgG (AMCA), and anti-Saccaromyces cervisiae IgG (gASCA) carbohydrate antibodies were tested in serum samples from 824 participants (363 CD, 130 ulcerative colitis [UC], 74 other gastrointestinal diseases, and 257 noninflammatory bowel/gastrointestinal disease controls) of the German IBD-network by enzyme-linked immunosorbent assay (ELISA; Glycominds, Lod, Israel) and for perinuclear antineutrophil cytoplasmic antibody (pANCA) by immunofluorescence.
PID:0000138_1	1	1	FA2G1	bGSL:88720e12-1139-4829-917b-dbc0c4746a65	glycan	decreased level of FA2G1 on immunoglobulin G	gastric cancer	DOID:10534	diagnostic	serum	UBERON:0001977	PubMed:39920693	These findings were in alignment with the alterations observed in the glycans FA2G1, FA2G2, and A2BG2 (Table S3). | An effect likely attributed to alterations in di-sialylation (S2 total), marked by the significant reduction of A2G2S2, FA2G2S2, and FA2BG2S2 (Table S3).
PID:0000138_1	1	2	immunoglobulin G		protein	decreased level of FA2G1 on immunoglobulin G	gastric cancer	DOID:10534	diagnostic	serum	UBERON:0001977	PubMed:39920693	These findings were in alignment with the alterations observed in the glycans FA2G1, FA2G2, and A2BG2 (Table S3). | An effect likely attributed to alterations in di-sialylation (S2 total), marked by the significant reduction of A2G2S2, FA2G2S2, and FA2BG2S2 (Table S3).
PID:0001634_1	1	1	complex-type N-glycans	bGSL:8898cfbc-b227-5381-aa3b-2d6e8f5c855c	glycan	decreased level of complex-type N-glycans on hemagglutinin	influenza virus infection	DOID:8469	response	human dendritic cells	CL:0000451	PubMed:27099319	Our results show that high-mannose-type and single-GlcNAc-type N-glycans, but not complex-type N-glycans, are capable of inducing more active hIL12 p40, hIL12 p70, and hIL-10 production in human DCs. | Significantly higher HLA-DR, CD40, CD83, and CD86 expression levels, as well reduced endocytotic capacity in human DCs, were noted in the high-mannose-type rH1HA and single-GlcNAc-type rH1HA groups than in the complex-type N-glycan rH1HA group. | The high-mannose-type or single-GlcNAc-type N-glycans of both avian and human HA types are more stimulatory than the complex-type N-glycans. | High-mannose-type and single-GlcNAc-type N-glycans were more effective than complex-type N-glycans in triggering mouse and human DC activation and maturation.
PID:0001634_1	1	2	hemagglutinin		protein	decreased level of complex-type N-glycans on hemagglutinin	influenza virus infection	DOID:8469	response	human dendritic cells	CL:0000451	PubMed:27099319	Our results show that high-mannose-type and single-GlcNAc-type N-glycans, but not complex-type N-glycans, are capable of inducing more active hIL12 p40, hIL12 p70, and hIL-10 production in human DCs. | Significantly higher HLA-DR, CD40, CD83, and CD86 expression levels, as well reduced endocytotic capacity in human DCs, were noted in the high-mannose-type rH1HA and single-GlcNAc-type rH1HA groups than in the complex-type N-glycan rH1HA group. | The high-mannose-type or single-GlcNAc-type N-glycans of both avian and human HA types are more stimulatory than the complex-type N-glycans. | High-mannose-type and single-GlcNAc-type N-glycans were more effective than complex-type N-glycans in triggering mouse and human DC activation and maturation.
PID:0004666_0	1	1	H antigen	bGSL:89c74519-5663-41d2-ba94-b83ac774c644	glycan	altered level of H antigen	Psoriasis	DOID:8893	diagnostic	skin epidermis	UBERON:0001003	PubMed:2180441	The glycosylation pattern in psoriatic epithelium was changed in two ways. | 1) Some carbohydrates (types 2 and 3 chain H and T) were expressed at an earlier stage of cell maturation.
PID:0001963_0	1	1	core 2 O-sLex	bGSL:89808c8c-929e-427b-884d-d1199e5d63ab	glycan	increased level of core 2 O-sLex on PSA	prostate cancer	DOID:10283	diagnostic	tissue	UBERON:0000479	PubMed:24854630	ELISA using PSA, PAP, and MUC1 capture antibodies and a specific core 2 O-linked sLex detection antibody demonstrated elevation of this glycan structure in cancer compared to normal tissues for MUC1 (P = 0.01), PSA (P = 0.03) and near significant differences in PAP sLex levels (P = 0.06). | GCNT1 is over-expressed in prostate cancer and is associated with higher levels of core 2 O-sLex in PSA, PAP and MUC1 proteins. | However, levels of core 2 O-linked sLex modified PSA and MUC1 (normalized by total PSA or MUC1 levels in each sample) were significantly higher in the cancer tissues compared to the paired normal prostate tissues (Fig. 5D and E; PSA P = 0.03; MUC1 P = 0.01). | Similarly, total PAP levels did not differ between normal and malignant prostate tissues, while normalized PAP core 2 O-sLex levels were found at higher levels in the cancer tissues compared to the paired normal prostate tissues that approached statistical significance (P = 0.06) (Fig. 5F).
PID:0001963_0	1	2	PSA	UPKB:P01034	protein	increased level of core 2 O-sLex on PSA	prostate cancer	DOID:10283	diagnostic	tissue	UBERON:0000479	PubMed:24854630	ELISA using PSA, PAP, and MUC1 capture antibodies and a specific core 2 O-linked sLex detection antibody demonstrated elevation of this glycan structure in cancer compared to normal tissues for MUC1 (P = 0.01), PSA (P = 0.03) and near significant differences in PAP sLex levels (P = 0.06). | GCNT1 is over-expressed in prostate cancer and is associated with higher levels of core 2 O-sLex in PSA, PAP and MUC1 proteins. | However, levels of core 2 O-linked sLex modified PSA and MUC1 (normalized by total PSA or MUC1 levels in each sample) were significantly higher in the cancer tissues compared to the paired normal prostate tissues (Fig. 5D and E; PSA P = 0.03; MUC1 P = 0.01). | Similarly, total PAP levels did not differ between normal and malignant prostate tissues, while normalized PAP core 2 O-sLex levels were found at higher levels in the cancer tissues compared to the paired normal prostate tissues that approached statistical significance (P = 0.06) (Fig. 5F).
PID:0002694_0	1	1	C2-O-sLe(x)	bGSL:89808c8c-929e-427b-884d-d1199e5d63ab	glycan	increased level of C2-O-sLe(x)	canine gastric carcinoma	DOID:5517	diagnostic	tumor tissue	UBERON:0000479	PubMed:20375429	Whereas normal gastric mucosal epithelial cells were negative for C2-O-sLe(x), 56% of the tumors examined were positive for C2-O-sLe(x). | Importantly, the majority of more poorly differentiated tumor types had more numerous and larger intensely stained areas of C2-O-sLe(x) expression compared with moderate to well-differentiated tumor types. | These findings suggest that C2-O-sLe(x) is a tumor-associated antigen that may play a role in the invasiveness and metastatic potential of certain types of canine gastric carcinomas.
PID:0000679_2	1	1	sialyl Lewis A	bGSL:89e36335-2fea-5ef3-a3a8-559985883dad	glycan	increased level of sialyl Lewis A	pancreatic cancer	DOID:1793	diagnostic	urine	UBERON:0001088	PubMed:33135073	The levels of a glycan with sialyl Lewis A #85 increased in two pancreatic cancer patients P3 and P9 (Figure 6A).
PID:0000679_3	1	1	sialyl Lewis A	bGSL:89e36335-2fea-5ef3-a3a8-559985883dad	glycan	increased level of sialyl Lewis A	cholangiocarcinoma	DOID:4947	diagnostic	urine	UBERON:0001088	PubMed:33135073	Our analyses revealed a marked elevation in the level of a LacNAc-core glycan #100, composed of Lewis X with a sialyl Lewis A extension, in some patients with pancreatic cancer and cholangiocarcinoma.
PID:0000993_1	1	1	sialyl Lewis a	bGSL:89e36335-2fea-5ef3-a3a8-559985883dad	glycan	increased level of sialyl Lewis a	non-small cell lung cancer	DOID:3908	prognostic	tumour tissue	UBERON:0000479	PubMed:31793656	Immunoblotting and immunohisto-chemistry assays demonstrated that tumour tissues exhibited significantly stronger reactivity with anti-sLex/sLea antibody and E-selectin chimera than normal tissues (2.2- and 1.8-fold higher, respectively), as well as a higher immunoreactive score. | Additionally, carcinoembryonic antigen (CEA) was identified in only 8 of the 18 tumour tissues; CEA-positive tissues exhibited significantly increased sLex/sLea expression. | In conclusion, this work provides the first demonstration that sLex/sLea are increased in primary NSCLC due to increased α1,3-FUT activity. sLex/sLea is carried by CEA and confers the ability for NSCLC cells to bind E-selectins, and is potentially associated with bone metastasis. | Immunoblotting revealed that all tissues showed reactivity with HECA-452 mAb and E-Ig, which was significantly higher (2.2- and 1.8-fold) in tumour samples compared with matched normal samples (Fig. 2A and B). | These results suggested that sLex/sLea antigens and E-selectin ligands in NSCLC exhibit increased expression in tumour tissues compared with normal tissues.
PID:0000993_5	1	1	sialyl Lewis a	bGSL:89e36335-2fea-5ef3-a3a8-559985883dad	glycan	increased level of sialyl Lewis a	non-small cell lung cancer	DOID:3908	prognostic	tumour tissue	UBERON:0000479	PubMed:31793656	In conclusion, this work provides the first demonstration that sLex/sLea are increased in primary NSCLC due to increased α1,3-FUT activity. sLex/sLea is carried by CEA and confers the ability for NSCLC cells to bind E-selectins, and is potentially associated with bone metastasis. | Considering the expression of sLex/sLea in tumour and normal tissue, it was found that patients who developed bone metastasis had a higher tumour/normal (T/N) ratio compared with patients who developed metastasis in other sites (P<0.05; Table I). | The highest sLex/sLea levels were detected in the primary tissues of patients with bone metastasis, hinting that these antigens may promote metastasis to this site.
PID:0001653_0	1	1	sialyl Lewis a	bGSL:89e36335-2fea-5ef3-a3a8-559985883dad	glycan	increased level of sialyl Lewis a on MUC16	Ovarian serous adenocarcinoma	DOID:5744	diagnostic	tumor tissue	UBERON:0000479	PubMed:27003157	Mucins are heavily glycosylated proteins overexpressed and associated with truncated or sialylated glycans upon malignant transformation. | Our results demonstrated that, in adenocarcinomas and BOTs, the major carriers of SLe(a) and SLe(x) are MUC16 and/or MUC1 (100 and 92 % for SLe(a) and 64 and 70 % for SLe(x), respectively).
PID:0001653_0	1	2	MUC16		protein	increased level of sialyl Lewis a on MUC16	Ovarian serous adenocarcinoma	DOID:5744	diagnostic	tumor tissue	UBERON:0000479	PubMed:27003157	Mucins are heavily glycosylated proteins overexpressed and associated with truncated or sialylated glycans upon malignant transformation. | Our results demonstrated that, in adenocarcinomas and BOTs, the major carriers of SLe(a) and SLe(x) are MUC16 and/or MUC1 (100 and 92 % for SLe(a) and 64 and 70 % for SLe(x), respectively).
PID:0001755_0	1	1	sialyl Lewis a	bGSL:89e36335-2fea-5ef3-a3a8-559985883dad	glycan	increased level of sialyl Lewis a	esophageal cancer	DOID:5041	diagnostic	serum	UBERON:0001977	PubMed:26333169	The levels of sialyl-Lewis(a) antigen (sLe(a) ) are frequently increased in digestive tumours, which has been explored in serological non-invasive prognostication (CA19-9 test); however, with low sensitivity and specificity. | All EC were positive for sLe(a) , irrespectively of their histological nature but only two patients showed elevated CA19-9.
PID:0001755_1	1	1	sialyl Lewis a	bGSL:89e36335-2fea-5ef3-a3a8-559985883dad	glycan	altered level of sialyl Lewis a	esophageal cancer	DOID:5041	diagnostic	serum	UBERON:0001977	PubMed:26333169	Moreover, IgG titers, with emphasis on IgG1, were elevated in EC patients in comparison to the control group. | SLe(a) -glycoproteins were then extracted from tumours of patients with negative CA19-9, isolated by immunoprecipitation and blotted with patients IgG. | Autoantibodies against sLe(a) -glycosylated proteins were detected in all cases.
PID:0001795_4	1	1	sialyl Lewis a	bGSL:89e36335-2fea-5ef3-a3a8-559985883dad	glycan	altered level of sialyl Lewis a	pancreatic ductal adenocarcinoma	DOID:3498	diagnostic	tissue	UBERON:0000479	PubMed:25934648	Most PDAC tissues stained for SLe(x) and SLe(a) and tended to be expressed in the tumor samples with a higher presence of inflammatory immune cells.
PID:0001850_0	1	1	sialyl-Lewis A	bGSL:89e36335-2fea-5ef3-a3a8-559985883dad	glycan	increased level of sialyl-Lewis A	pancreatic cancer	DOID:1793	diagnostic	plasma	UBERON:0001969	PubMed:25733690	The sialyl-Lewis A (sLeA) glycan forms the basis of the CA19–9 assay and is the current best biomarker for pancreatic cancer, but because it is not elevated in ∼25% of pancreatic cancers, it is not useful for early diagnosis.
PID:0002038_0	1	1	sialyl Lewis A	bGSL:89e36335-2fea-5ef3-a3a8-559985883dad	glycan	increased level of sialyl Lewis A	colorectal cancer	DOID:9256	diagnostic	plasma	UBERON:0001969	PubMed:24185138	However, we have performed a small study with plasmas from 30 late stage CRC patients (6 IIIa, 10 IIIb, 5 IIIc and 9 IV stages) and 60 healthy controls that were collected by the Great Lakes and New England Clinical Validation Center funded by the National Cancer Institute, Early Detection Research Network. | The analyses showed that there are glycoproteins that show statistically different protein, sialyl Lewis A and/or Lewis X content when the plasma of late stage colorectal cancer (CRC) patients was compared to the controls (Table). | The table presents the top 29 glycoproteins that showed increased expression of either sialyl Lewis A or Lewis X in the cancer samples with p-values of ≤ 0.005. | CD44, CTSL2 and PDGFA proteins showed 7.4-, 2.7- and 3.5-fold increases, respectively (Fig. 1A).
PID:0002225_3	1	1	sialyl Lewis A	bGSL:89e36335-2fea-5ef3-a3a8-559985883dad	glycan	increased level of sialyl Lewis A	Renal Cancer	DOID:263	diagnostic	Tumor Tissue	UBERON:0000479	PubMed:23772422	Relative amounts of sugar structures of proteins with molecular masses above 30 kDa were determined by ELISA-like test with biotinylated lectins: MAA (Maackia amurensis), SNA (Sambucus nigra), and monoclonal antibodies anti-sialyl Lewisa/x.∙ Higher expression of all examined structures was revealed in cancer tissues.
PID:0002315_0	1	1	sialyl-Lewis A	bGSL:89e36335-2fea-5ef3-a3a8-559985883dad	glycan	increased level of sialyl-Lewis A	Pancreatic cancer	DOID:1793	diagnostic	plasma	UBERON:0001969	PubMed:22623153	The CA 19-9 antigen is currently the best individual marker for the detection of pancreatic cancer. | Glycan array analysis revealed that certain antibodies were highly specific for the canonical CA 19-9 epitope, sialyl-Lewis A, while others bound sialyl-Lewis A in addition to a related structure called sialyl-Lewis C and modification with Nue5Gc. | In a much larger patient cohort we confirmed the binding of Sialyl-Lewis C glycan by one of the antibodies and showed that the broader specificity led to the detection of an increased number of cancer patients without increasing detection of pancreatitis patient samples. | Both antibodies captured a high level of the CA 19-9 antigen, as indicated by detection with AB2 (Fig. 5B). | The pancreatitis patient samples do not show increased signal using the AB5-AB2 sandwich, suggesting that the elevations in sialyl-Lewis C and Neu5Gc are highly specific for cancer.
PID:0002322_3	1	1	SLea	bGSL:89e36335-2fea-5ef3-a3a8-559985883dad	glycan	altered level of SLea	mucinous adenocarcinoma	DOID:3030	diagnostic	tissue section	UBERON:0000479	PubMed:21883895	SLea was expressed in 64% (18 of 28 cases) and SLex in 96% of the cases (27 of 28) (Table 1).
PID:0002340_0	1	1	sialyl Lewis a	bGSL:89e36335-2fea-5ef3-a3a8-559985883dad	glycan	increased level of sialyl Lewis a	cancer	DOID:162	diagnostic	serum	UBERON:0001977	PubMed:22492877	However, we found a small but distinct elevation in the serum CA19-9 level in three cancer patients with the Lewis-negative phenotype. | Even genuinely Le-negative patients, who genetically lack the Le enzyme and theoretically never produce CA19-9, occasionally show a slight increase in serum CA19-9 level when they are homozygous for Se-negative genotypes and suffer from advanced cancer with overproduction of glycans as precursors of CA19-9.
PID:0002459_0	1	1	sialyl Lewis A	bGSL:89e36335-2fea-5ef3-a3a8-559985883dad	glycan	increased level of sialyl Lewis A on MUC1	pancreatic cancer	DOID:1793	diagnostic	serum	UBERON:0001977	PubMed:21751362	In early-stage cancer, again about 25% of the patients have CA 19-9 elevations on all mucin proteins and another 25% have no or few elevations. | In contrast to the pancreatitis group, a subset of about a third of the patients showed elevations only on two of the MUC5AC antibodies and one of the MUC1 antibodies, and another subset of about 15% (5 of 33) of the patients have elevations on those antibodies plus half of the MUC16 antibodies.
PID:0002459_0	1	2	MUC1		protein	increased level of sialyl Lewis A on MUC1	pancreatic cancer	DOID:1793	diagnostic	serum	UBERON:0001977	PubMed:21751362	In early-stage cancer, again about 25% of the patients have CA 19-9 elevations on all mucin proteins and another 25% have no or few elevations. | In contrast to the pancreatitis group, a subset of about a third of the patients showed elevations only on two of the MUC5AC antibodies and one of the MUC1 antibodies, and another subset of about 15% (5 of 33) of the patients have elevations on those antibodies plus half of the MUC16 antibodies.
PID:0003620_1	1	1	sialyl-Lewis a	bGSL:89e36335-2fea-5ef3-a3a8-559985883dad	glycan	altered level of sialyl-Lewis a on MUC1	colon carcinoma	DOID:1520	diagnostic	tumor tissue	UBERON:0000479	PubMed:12820726	It was also observed that the mucins from colon carcinoma patients had MUC1-type mucins that carried both sialyl-Lewis a and x epitopes and CD43-type sialyl-Lewis a mucins with only low levels of sialyl-Lewis x epitopes.
PID:0003620_1	1	2	MUC1		protein	altered level of sialyl-Lewis a on MUC1	colon carcinoma	DOID:1520	diagnostic	tumor tissue	UBERON:0000479	PubMed:12820726	It was also observed that the mucins from colon carcinoma patients had MUC1-type mucins that carried both sialyl-Lewis a and x epitopes and CD43-type sialyl-Lewis a mucins with only low levels of sialyl-Lewis x epitopes.
PID:0003799_2	1	1	LDN-F	bGSL:8dbc5b79-f425-49fd-a776-3f88ce2dc373	glycan	altered level of LDN-F	Schistosoma mansoni infection	DOID:1395	diagnostic	various stages of Schistosoma mansoni	UBERON:0000105	PubMed:10814702	We report here that fucosylated epitopes such as Lewis(x), LacdiNAc, fucosylated LacdiNAc (LDN-F) and GalNAcbeta1-4(Fucalpha1-2Fucalpha1-3)GlcNAc (LDN-DF) are expressed by schistosomes throughout their life cycle.
PID:0000609_3	1	1	bisecting N-glycan	bGSL:8ef73bdf-03e5-4c5e-9b39-39ad8ca4dae4	glycan	decreased level of bisecting N-glycan	prostate cancer	DOID:10283	prognostic	tumor tissue	UBERON:0000479	PubMed:34131069	We observed a significant decrease in both 1663 m/z and 1976 m/z, a bianetarry complex and sialylated N-glycan, respectively (Supplemental Figure 2A,B). | Consistent with this observation, we found abundance of the bisecting N-glycan, 1704 m/z decreases proportionally to tumor grade group (Supplemental Figure 2K).
PID:0000609_6	1	1	bisecting N-glycan	bGSL:8ef73bdf-03e5-4c5e-9b39-39ad8ca4dae4	glycan	increased level of bisecting N-glycan	prostate cancer	DOID:10283	prognostic	tumor tissue	UBERON:0000479	PubMed:34131069	Specifically, we observed increased abundance of several N-glycans in grade group 1 tumors from Black patients including branched (1891 m/z), bisecting (1866 and 2174 m/z), and biantenarry complex (1663 m/z) (Figure 5D–G). | We confirmed an increased in all but one of the N-glycans (1891 m/z) in the Black patient tumor compared to White (Supplemental Figure 3C–G). | Moreover, we identified a bisecting N-glycan (1850 m/z) that was significantly more abundant in Appalachian patients who developed recurrence and correlates to significantly poorer overall survival by Kaplan-Meier analysis (Figure 6D,E).
PID:0001890_0	1	1	bisecting N-linked glycans	bGSL:8ef73bdf-03e5-4c5e-9b39-39ad8ca4dae4	glycan	increased level of bisecting N-linked glycans	ovarian cancer	DOID:2394	diagnostic	tissue	UBERON:0000479	PubMed:25437919	In previous studies we have used the plant lectin E-PHA (Phaseolus vulgaris Erythroagglutinin) to capture soluble or extracellular glycoproteins with bisecting glycosylation from human ovarian cancer tissues due to the elevation of this form of glycosylation in human epithelial EOC. | Bisecting glycosylation is amplified in ovarian cancer due to increased expression of the glycosyltransferase GnT-III.
PID:0001484_1	1	1	outer-arm fucosylation	bGSL:8fbb3cd6-990c-57ec-bf3c-e6826c0b93ec	glycan	increased level of outer-arm fucosylation on kininogen	hepatocellular carcinoma	DOID:684	diagnostic	serum	UBERON:0001977	PubMed:28223431	Glycan analysis revealed that kininogen has several glycan modifications that have been associated with HCC, but often not with specific proteins, including increased levels of core and outer-arm fucosylation and increased branching. | Even though the structures detected at each site differ, fucosylation of the glycans at all the four peptides increased in HCC compared to cirrhosis. | This is documented in Figure 4 on the N294 glycosylation site that shows, as compared to the cirrhotic control, a greater level of fucosylation for all glycoforms from bi- to tetra- antennary. | Analysis of kininogen from patients with HCC revealed an increased amount of both core and outer-arm fucosylation as compared to the cirrhotic controls.
PID:0001484_1	1	2	kininogen	UPKB:P01042	protein	increased level of outer-arm fucosylation on kininogen	hepatocellular carcinoma	DOID:684	diagnostic	serum	UBERON:0001977	PubMed:28223431	Glycan analysis revealed that kininogen has several glycan modifications that have been associated with HCC, but often not with specific proteins, including increased levels of core and outer-arm fucosylation and increased branching. | Even though the structures detected at each site differ, fucosylation of the glycans at all the four peptides increased in HCC compared to cirrhosis. | This is documented in Figure 4 on the N294 glycosylation site that shows, as compared to the cirrhotic control, a greater level of fucosylation for all glycoforms from bi- to tetra- antennary. | Analysis of kininogen from patients with HCC revealed an increased amount of both core and outer-arm fucosylation as compared to the cirrhotic controls.
PID:0002350_3	1	1	outer-arm fucosylation	bGSL:8fbb3cd6-990c-57ec-bf3c-e6826c0b93ec	glycan	increased level of outer-arm fucosylation	ovarian cancer	DOID:2394	diagnostic	serum	UBERON:0001977	PubMed:22304416	Elevated levels of outer-arm fucosylation were also identified in the OC samples.
PID:0002653_1	1	1	outer arm fucosylation	bGSL:8fbb3cd6-990c-57ec-bf3c-e6826c0b93ec	glycan	increased level of outer arm fucosylation on alpha-1-antitrypsin	liver cirrhosis	DOID:5082	diagnostic	serum	UBERON:0001977	PubMed:20811639	Patients with liver cirrhosis and liver cancer had increased levels of triantennary glycan-containing outer arm (α-1,3) fucosylation. | In M4, the triantennary glycan with an outer arm fucose residue (A3F(3)1G3) increases from 4.34% in normal participants to 6.78% in patients with cirrhosis, and 13.18% in patients with cirrhosis plus cancer. | Again, this trend is seen in each of the isoforms, with the exception of the M6 due to the total lack of triantennary structures (Table 2, glycan 8). | The relative increase in each of these fucosylated glycan structures as a function of disease is shown in Figure 3B and shows that this structures changes in both liver cirrhosis and HCC. | The increase in outer arm fucosylation was also associated with a decrease in the parent N-linked glycan.
PID:0002653_1	1	2	alpha-1-antitrypsin	UPKB:P01009	protein	increased level of outer arm fucosylation on alpha-1-antitrypsin	liver cirrhosis	DOID:5082	diagnostic	serum	UBERON:0001977	PubMed:20811639	Patients with liver cirrhosis and liver cancer had increased levels of triantennary glycan-containing outer arm (α-1,3) fucosylation. | In M4, the triantennary glycan with an outer arm fucose residue (A3F(3)1G3) increases from 4.34% in normal participants to 6.78% in patients with cirrhosis, and 13.18% in patients with cirrhosis plus cancer. | Again, this trend is seen in each of the isoforms, with the exception of the M6 due to the total lack of triantennary structures (Table 2, glycan 8). | The relative increase in each of these fucosylated glycan structures as a function of disease is shown in Figure 3B and shows that this structures changes in both liver cirrhosis and HCC. | The increase in outer arm fucosylation was also associated with a decrease in the parent N-linked glycan.
PID:0002653_2	1	1	outer arm fucosylation	bGSL:8fbb3cd6-990c-57ec-bf3c-e6826c0b93ec	glycan	increased level of outer arm fucosylation on alpha-1-antitrypsin	hepatocellular carcinoma	DOID:684	diagnostic	serum	UBERON:0001977	PubMed:20811639	Patients with liver cirrhosis and liver cancer had increased levels of triantennary glycan-containing outer arm (α-1,3) fucosylation. | However, there was an increase in the level of the tri-sialyated α-1,3 linked fucosylated outer arm fucosylated glycan (A3F(3)1G3S3) on A1AT from the cancer patients, as compared to the healthy and cirrhotic patients. | In M4, the triantennary glycan with an outer arm fucose residue (A3F(3)1G3) increases from 4.34% in normal participants to 6.78% in patients with cirrhosis, and 13.18% in patients with cirrhosis plus cancer. | When examining all 9 cirrhotic false positives the mean level of core fucosylation was 3.77%±0.25 and the mean level of outer arm fucosyalation was 11.88%±2.79. | In the case of the cancers the mean level of core fucosylation was 8.62%±1.2 and the mean level of outer arm fucosylation was 14.26%±1.9.
PID:0002653_2	1	2	alpha-1-antitrypsin	UPKB:P01009	protein	increased level of outer arm fucosylation on alpha-1-antitrypsin	hepatocellular carcinoma	DOID:684	diagnostic	serum	UBERON:0001977	PubMed:20811639	Patients with liver cirrhosis and liver cancer had increased levels of triantennary glycan-containing outer arm (α-1,3) fucosylation. | However, there was an increase in the level of the tri-sialyated α-1,3 linked fucosylated outer arm fucosylated glycan (A3F(3)1G3S3) on A1AT from the cancer patients, as compared to the healthy and cirrhotic patients. | In M4, the triantennary glycan with an outer arm fucose residue (A3F(3)1G3) increases from 4.34% in normal participants to 6.78% in patients with cirrhosis, and 13.18% in patients with cirrhosis plus cancer. | When examining all 9 cirrhotic false positives the mean level of core fucosylation was 3.77%±0.25 and the mean level of outer arm fucosyalation was 11.88%±2.79. | In the case of the cancers the mean level of core fucosylation was 8.62%±1.2 and the mean level of outer arm fucosylation was 14.26%±1.9.
PID:0002923_0	1	1	heparan sulfate	bGSL:928fc0f5-5bfb-5be8-9eb6-dd405155d720	glycan	decreased level of heparan sulfate	Hereditary Multiple Exostoses	DOID:206	diagnostic	cartilage	UBERON:0007844	PubMed:18654627	To investigate this further, we used antibodies for HS [26], CS [27] and KS [28] and found that whereas HS is reduced in both dak−/− and pic−/− larvae (Figure 2A–C), CS and KS are reduced only in pic−/− larvae (Figure 2D–I). | Peaks generated by zebrafish larval extracts were compared to 6 known standards. pic−/− embryos show a severe reduction of sulphated disaccharides, but surprisingly also show a reduction in unsulphated disaccharides (Figure 2J). | Together these data confirm that pic is required for sulphation of proteoglycans.
PID:0003689_3	1	1	heparan sulfate	bGSL:928fc0f5-5bfb-5be8-9eb6-dd405155d720	glycan	altered level of heparan sulfate	Merkel cell carcinoma	DOID:3965	diagnostic	tissue section	UBERON:0000479	PubMed:11260248	The cellular and membrane-associated reaction for heparan sulfate was less intensive in comparison to epidermal cells.
PID:0001336_0	1	1	9-O-acetylated sialic acid	bGSL:9447ca95-04fd-5700-9db0-2a3ee02c2a4a	glycan	increased level of 9-O-acetylated sialic acid	visceral leishmaniasis	DOID:9146	diagnostic	serum	UBERON:0001977	PubMed:29420575	Previously, glycoproteins (9-OAcSA) have been reported as promising biomarkers of Indian VL patients.
PID:0003412_0	1	1	9-O-acetylated sialic acid	bGSL:9447ca95-04fd-5700-9db0-2a3ee02c2a4a	glycan	increased level of 9-O-acetylated sialic acid	Visceral Leishmaniasis	DOID:9146	diagnostic	peripheral blood mononuclear cells	CL:2000001	PubMed:15454691	Fluorimetric analysis of peripheral blood mononuclear cells (PBMC) of patients with Visceral Leishmaniasis (VL) showed six fold increase in the percentage of surface 9-O-acetylated sialoglycoconjugates (9-O-AcSGs) as compared to normal human donors.
PID:0000943_0	1	1	tri-antennary tri-sialylated mono-fucosylated N-glycan	bGSL:94a6260b-6125-40ef-845f-e6b41e2ae13d	glycan	increased level of tri-antennary tri-sialylated mono-fucosylated N-glycan on SERPINA1	non-alcoholic steatohepatitis	DOID:0080547	diagnostic	serum	UBERON:0001977	PubMed:31941930	Serum AAT-A3F concentrations were significantly higher in NASH patients than in NAFL patients, and in patients with fibrosis, lobular inflammation, and ballooning. | However, serum AAT-A3F concentrations were significantly higher in the NASH group (7.63 ± 4.04 μM) than in the NAFL group (14.40 ± 14.08 μM; P < 0.001; Fig. 1b). | With respect to the Brunt stage, the serum AAT-A3F levels significantly increased with fibrosis. | Serum AAT-A3F levels at stage F0 was 6.75 ± 3.73 μM, that at stage F1 was 11.00 ± 6.58 μM, that at stage F2 was 11.66 ± 8.11 μM, and that at stage F3/4 (with advanced fibrosis) was 18.55 ± 21.53 μM (P < 0.01; Fig. 2a). | Serum AAT-A3F levels were not associated with steatosis (S1, 11.06 ± 8.92 μM; S2, 12.98 ± 15.46 μM; S3, 9.60 ± 5.14 μM; Fig. 2b), but significantly increased with lobular inflammation (LI0, 6.74 ± 3.88 μM; LI1, 11.15 ± 9.02 μM; LI2, 14.37 ± 17.03 μM; LI3, 18.45 ± 10.31 μM; Fig. 2c) and hepatocyte ballooning (B0, 7.80 ± 4.36 μM; B1, 14.29 ± 15.74 μM; B2, 13.77 ± 10.38 μM; Fig. 2d).
PID:0000943_0	1	2	SERPINA1	UPKB:P01023	protein	increased level of tri-antennary tri-sialylated mono-fucosylated N-glycan on SERPINA1	non-alcoholic steatohepatitis	DOID:0080547	diagnostic	serum	UBERON:0001977	PubMed:31941930	Serum AAT-A3F concentrations were significantly higher in NASH patients than in NAFL patients, and in patients with fibrosis, lobular inflammation, and ballooning. | However, serum AAT-A3F concentrations were significantly higher in the NASH group (7.63 ± 4.04 μM) than in the NAFL group (14.40 ± 14.08 μM; P < 0.001; Fig. 1b). | With respect to the Brunt stage, the serum AAT-A3F levels significantly increased with fibrosis. | Serum AAT-A3F levels at stage F0 was 6.75 ± 3.73 μM, that at stage F1 was 11.00 ± 6.58 μM, that at stage F2 was 11.66 ± 8.11 μM, and that at stage F3/4 (with advanced fibrosis) was 18.55 ± 21.53 μM (P < 0.01; Fig. 2a). | Serum AAT-A3F levels were not associated with steatosis (S1, 11.06 ± 8.92 μM; S2, 12.98 ± 15.46 μM; S3, 9.60 ± 5.14 μM; Fig. 2b), but significantly increased with lobular inflammation (LI0, 6.74 ± 3.88 μM; LI1, 11.15 ± 9.02 μM; LI2, 14.37 ± 17.03 μM; LI3, 18.45 ± 10.31 μM; Fig. 2c) and hepatocyte ballooning (B0, 7.80 ± 4.36 μM; B1, 14.29 ± 15.74 μM; B2, 13.77 ± 10.38 μM; Fig. 2d).
PID:0001485_4	1	1	3'-sulfo Lewis A	bGSL:969a1348-7a24-4a66-866b-c87caba8a9e8	glycan	increased level of 3'-sulfo Lewis A	gastric cancer	DOID:10534	diagnostic	serum	UBERON:0001977	PubMed:28025252	All these candidates were monosulfated, and 11 were also mono- or difucosylated, and included various determinants such as 6-sulfo type2 lactosamine, 6-sulfo Lewis X, 6-sulfo Lewis Y, 3'-sulfo type1 lactosamine and 3'-sulfo Lewis A. | These analyses revealed: (i) the levels of all candidates were elevated in sera of at least one or more patients; (ii) core1 candidates having type1-type2 hybrid backbones with 6-sulfo Lewis X, 6-sulfo type2 lactosamine or 3'-sulfo Lewis A were elevated in sera of variety of patients; and (iii) levels of the candidates varied widely among patients, suggesting analysis of multiple candidates will be an effective means of screening various cancers.
PID:0000839_0	1	1	GPI anchor	bGSL:97d60327-996a-4148-a72d-adbe95a8d843	glycan	increased level of GPI anchor	toxoplasmosis	DOID:9965	diagnostic	serum	UBERON:0001977	PubMed:32498834	The detection of anti-GPI IgG and IgM antibodies allows differentiation between toxoplasmosis patients and healthy individuals using serological assays. | Here, we established a label-free electrochemical glycobiosensor for the detection of anti-GPI IgG and IgM antibodies in serum from toxoplasmosis seropositive patients.
PID:0001107_0	1	1	GPI anchor	bGSL:97d60327-996a-4148-a72d-adbe95a8d843	glycan	altered level of GPI anchor on CD55	gastro-oesophageal reflux disease	DOID:8534	diagnostic	blood	UBERON:0000178	PubMed:30914682	In patients with GORD, this was noted to be 3.44 (95% CI: 1.56–5.43) mutant cells/million, non-significantly different to the HV group (p = 0.379). | Patients with NDBM had an elevated EMF of 4.35 (95% CI: 2.49–6.09) mutant cells/million, significantly greater than HV’s (p = 0.036), but not greater than those with GORD (p = 0.277).
PID:0001107_0	1	2	CD55	UPKB:P08174	protein	altered level of GPI anchor on CD55	gastro-oesophageal reflux disease	DOID:8534	diagnostic	blood	UBERON:0000178	PubMed:30914682	In patients with GORD, this was noted to be 3.44 (95% CI: 1.56–5.43) mutant cells/million, non-significantly different to the HV group (p = 0.379). | Patients with NDBM had an elevated EMF of 4.35 (95% CI: 2.49–6.09) mutant cells/million, significantly greater than HV’s (p = 0.036), but not greater than those with GORD (p = 0.277).
PID:0001107_1	1	1	GPI anchor	bGSL:97d60327-996a-4148-a72d-adbe95a8d843	glycan	increased level of GPI anchor on CD55	Barrett's metaplasia	DOID:9206	diagnostic	blood	UBERON:0000178	PubMed:30914682	Patients with NDBM had an elevated EMF of 4.35 (95% CI: 2.49–6.09) mutant cells/million, significantly greater than HV’s (p = 0.036), but not greater than those with GORD (p = 0.277).
PID:0001107_1	1	2	CD55	UPKB:P08174	protein	increased level of GPI anchor on CD55	Barrett's metaplasia	DOID:9206	diagnostic	blood	UBERON:0000178	PubMed:30914682	Patients with NDBM had an elevated EMF of 4.35 (95% CI: 2.49–6.09) mutant cells/million, significantly greater than HV’s (p = 0.036), but not greater than those with GORD (p = 0.277).
PID:0002311_0	1	1	GPI anchor	bGSL:97d60327-996a-4148-a72d-adbe95a8d843	glycan	increased level of GPI anchor	breast carcinoma	DOID:3459	diagnostic	tissue	UBERON:0000479	PubMed:22654114	Background: GPI-anchored proteins are elevated in breast carcinoma. | Conclusion: Increased levels of GPI anchor addition contributes to the dedifferentiation of malignant breast epithelial cells.
PID:0003365_0	1	1	GPI anchor	bGSL:97d60327-996a-4148-a72d-adbe95a8d843	glycan	absence of GPI anchor	Paroxysmal nocturnal hemoglobinuria	DOID:0060284	diagnostic	monocytes	CL:0000576	PubMed:15197238	Paroxysmal nocturnal hemoglobinuria (PNH) is a clonal, acquired hematopoietic disorder characterized by a phosphatidylinositol (PI) glycan-A gene mutation, which impairs the synthesis of the glycosyl-PI (GPI) anchor, thus causing the absence of all GPI-linked proteins on the membrane of the clonal-defective cells. | The presence of a consistent GPI-defective monocyte compartment is a common feature in PNH patients.
PID:0004645_0	1	1	GPI anchor	bGSL:97d60327-996a-4148-a72d-adbe95a8d843	glycan	decreased level of GPI anchor on CD48	Paroxysmal nocturnal hemoglobinuria	DOID:0060284	diagnostic	NK lymphocytes	CL:0000623	PubMed:1698101	Using monoclonal antibodies (MoAbs) against newly defined PIG-linked surface structures such as CD48, CD55, and CD59, which are homogeneously expressed on lymphocytes of normal donors, we analyzed lymphocytes and their subpopulations in nine PNH patients by two color immunofluorescence. | Our results showed that CD3+ T cells as well as CD16+ NK cells are at least partially involved in the deficient PIG-molecule surface expression.
PID:0004645_0	1	2	CD48		protein	decreased level of GPI anchor on CD48	Paroxysmal nocturnal hemoglobinuria	DOID:0060284	diagnostic	NK lymphocytes	CL:0000623	PubMed:1698101	Using monoclonal antibodies (MoAbs) against newly defined PIG-linked surface structures such as CD48, CD55, and CD59, which are homogeneously expressed on lymphocytes of normal donors, we analyzed lymphocytes and their subpopulations in nine PNH patients by two color immunofluorescence. | Our results showed that CD3+ T cells as well as CD16+ NK cells are at least partially involved in the deficient PIG-molecule surface expression.
PID:0000011_6	1	1	type-1 lactosamine	bGSL:9be48202-88cd-40b6-ab89-a0a4d4aebbdd	glycan	increased level of type-1 lactosamine	Colorectal cancer	DOID:9256	diagnostic	urine	UBERON:0001088	PubMed:41023053	To investigate its clinical usefulness, the level of this free-glycan in the urine of 121 healthy subjects, 141 gastric cancer patients, 87 colorectal cancer patients, 55 pancreatic cancer patients, 13 bile duct cancer patients and 79 rare cancer patients were measured using a liquid chromatography-selected reaction monitoring assay. | Significant differences were detected in cancer patient samples compared to healthy controls, with a marked increase in some rare-types of cancer patient samples, such as AFP-producing gastric cancer.
PID:0000011_7	1	1	type-1 lactosamine	bGSL:9be48202-88cd-40b6-ab89-a0a4d4aebbdd	glycan	increased level of type-1 lactosamine	gastric cancer	DOID:10534	diagnostic	urine	UBERON:0001088	PubMed:41023053	To investigate its clinical usefulness, the level of this free-glycan in the urine of 121 healthy subjects, 141 gastric cancer patients, 87 colorectal cancer patients, 55 pancreatic cancer patients, 13 bile duct cancer patients and 79 rare cancer patients were measured using a liquid chromatography-selected reaction monitoring assay. | Significant differences were detected in cancer patient samples compared to healthy controls, with a marked increase in some rare-types of cancer patient samples, such as AFP-producing gastric cancer.
PID:0001630_0	1	1	sialyl T	bGSL:9de93554-2339-4f06-9b60-2993618a4610	glycan	altered level of sialyl T on MUC1	Interstitial lung diseases	DOID:3082	diagnostic	human serum	UBERON:0001977	PubMed:27340743	We demonstrate that the macromolecular MUC1 glycopeptide displaying the essential glycopeptidic neoepitope Pro-Asp-Thr(sialyl-T)-Arg-Pro-Ala-Pro at two different tandem repeats is an excellent serum MUC1 model showing ideal stoichiometric binding with anti-KL6/MUC1 antibody in the sandwich ELISA to quantify human serum KL6/MUC1 levels as a critical biomarker of interstitial lung diseases.
PID:0001630_0	1	2	MUC1	UPKB:P15941	protein	altered level of sialyl T on MUC1	Interstitial lung diseases	DOID:3082	diagnostic	human serum	UBERON:0001977	PubMed:27340743	We demonstrate that the macromolecular MUC1 glycopeptide displaying the essential glycopeptidic neoepitope Pro-Asp-Thr(sialyl-T)-Arg-Pro-Ala-Pro at two different tandem repeats is an excellent serum MUC1 model showing ideal stoichiometric binding with anti-KL6/MUC1 antibody in the sandwich ELISA to quantify human serum KL6/MUC1 levels as a critical biomarker of interstitial lung diseases.
PID:0002636_0	1	1	sialyl-T	bGSL:9de93554-2339-4f06-9b60-2993618a4610	glycan	increased level of sialyl-T	breast cancer	DOID:1612	diagnostic	tumor tissue	UBERON:0000479	PubMed:20534593	The sialyltransferase ST3Gal-I adds sialic acid to the galactose residue of core 1 (Galβ1,3GalNAc) O-glycans and this enzyme is over-expressed in breast cancer resulting in the expression of sialylated core 1 glycans. | Analysis of the tumor-free survival of the mice (Figure 4A) showed that the ST3Gal-I/PyMT mice developed tumors significantly earlier than the control/PyMT animals (P < 0.001).
PID:0003050_3	1	1	sialyl-T	bGSL:9de93554-2339-4f06-9b60-2993618a4610	glycan	absence of sialyl-T	Embryonal carcinoma	DOID:3308	diagnostic	tumor tissue	UBERON:0000479	PubMed:17694322	Neither simple mucin-type O-glycans nor GalNAc-transferase isoforms were found in undifferentiated nonseminoma, i.e. embryonal carcinoma, whereas teratomas expressed them all to some extent but in a disorganized manner.
PID:0003050_6	1	1	sialyl-T	bGSL:9de93554-2339-4f06-9b60-2993618a4610	glycan	altered level of sialyl-T	Teratoma	DOID:3307	diagnostic	tumor tissue	UBERON:0000479	PubMed:17694322	Neither simple mucin-type O-glycans nor GalNAc-transferase isoforms were found in undifferentiated nonseminoma, i.e. embryonal carcinoma, whereas teratomas expressed them all to some extent but in a disorganized manner.
PID:0000379_2	1	1	A2BG2S1	bGSL:a111b088-d71f-4593-879a-db4ee60fccc2	glycan	altered level of A2BG2S1 on IgG	cystic echinococcosis	DOID:1495	diagnostic	serum	UBERON:0001977	PubMed:37540936	Meanwhile, galactosylation, sialylation and A2BG2S1 in IgG glycan profiles were evidently associated with different types of CE (from CE1 to CE5).
PID:0000379_2	1	2	IgG		protein	altered level of A2BG2S1 on IgG	cystic echinococcosis	DOID:1495	diagnostic	serum	UBERON:0001977	PubMed:37540936	Meanwhile, galactosylation, sialylation and A2BG2S1 in IgG glycan profiles were evidently associated with different types of CE (from CE1 to CE5).
PID:0000099_6	1	1	galactose	bGSL:a186c9ad-a53a-4f7e-b6d7-5f7b3ef2cd1e	glycan	increased level of galactose on IgG	lupus nephritis	DOID:0080162	diagnostic	serum IgG	UBERON:0001977	PubMed:40187773	Looking into differences of each subgroup compared with HC (with no difference between WMOI vs HC), the glycan levels of lgG galactose (binding GSL I-B4 and PNA (13.3% and 28.3%)), Galβ3GalNAc (binding MPL) were significantly higher in NPSLE and LN vs HC, while IgG core fucose (binding PSA) and Galβ4GlcNAc (binding PHA-E) levels were significantly reduced within NPSLE versus HC.
PID:0000099_6	1	2	IgG		protein	increased level of galactose on IgG	lupus nephritis	DOID:0080162	diagnostic	serum IgG	UBERON:0001977	PubMed:40187773	Looking into differences of each subgroup compared with HC (with no difference between WMOI vs HC), the glycan levels of lgG galactose (binding GSL I-B4 and PNA (13.3% and 28.3%)), Galβ3GalNAc (binding MPL) were significantly higher in NPSLE and LN vs HC, while IgG core fucose (binding PSA) and Galβ4GlcNAc (binding PHA-E) levels were significantly reduced within NPSLE versus HC.
PID:0000653_1	1	1	galactose	bGSL:a186c9ad-a53a-4f7e-b6d7-5f7b3ef2cd1e	glycan	decreased level of galactose on IgG	primary biliary cholangitis	DOID:12236	diagnostic	serum	UBERON:0001977	PubMed:34248947	For each PBC subgroup, glycan levels of IgG mannose and galactose were decreased in AMA-M2 positive PBC patients compared to the AMA-M2 negative group. | Lectin microarray results were further explored across different PBC subgroups ( Table 1 ), and results were illustrated in Figure 2 : (1) Significantly lower glycan levels of galactose (recognized by ABA) and mannose (recognized by GNL) were observed for AMA-M2 positive patients compared to the negative group (P < 0.05). | The results were listed as follows ( Figure 4 ): (1) ABA and GNL lectins were selected to recognize glycans of serum IgG in AMA-M2 negative and positive groups, and decreased levels of galactose and mannose in AMA-M2 positive group were observed (P < 0.05). | IgG N-Acetylgalactosamine (GalNAc) and fucose were decreased in anti-sp100 positive patients. | (2) Significantly lower glycan levels of N-Acetylgalactosamine (GalNAc) (recognized by SBA) and fucose (recognized by LAL) were observed for anti-sp100 positive patients compared to the negative group (P < 0.05).
PID:0000653_1	1	2	IgG		protein	decreased level of galactose on IgG	primary biliary cholangitis	DOID:12236	diagnostic	serum	UBERON:0001977	PubMed:34248947	For each PBC subgroup, glycan levels of IgG mannose and galactose were decreased in AMA-M2 positive PBC patients compared to the AMA-M2 negative group. | Lectin microarray results were further explored across different PBC subgroups ( Table 1 ), and results were illustrated in Figure 2 : (1) Significantly lower glycan levels of galactose (recognized by ABA) and mannose (recognized by GNL) were observed for AMA-M2 positive patients compared to the negative group (P < 0.05). | The results were listed as follows ( Figure 4 ): (1) ABA and GNL lectins were selected to recognize glycans of serum IgG in AMA-M2 negative and positive groups, and decreased levels of galactose and mannose in AMA-M2 positive group were observed (P < 0.05). | IgG N-Acetylgalactosamine (GalNAc) and fucose were decreased in anti-sp100 positive patients. | (2) Significantly lower glycan levels of N-Acetylgalactosamine (GalNAc) (recognized by SBA) and fucose (recognized by LAL) were observed for anti-sp100 positive patients compared to the negative group (P < 0.05).
PID:0000717_4	1	1	GA2	bGSL:a2c78d58-1d1e-5488-972e-60788bd92662	glycan	decreased level of GA2	Atherosclerosis	DOID:1936	response	Plasma	UBERON:0001969	PubMed:33554615	The ganglioside composition was similar for Apoe−/−, Apoe−/− Neu3−/−, and Apoe−/− Neu4−/− mice, but the serum from Apoe−/− CathAS190A‐Neo mice showed reduced levels of both the major Neu5Gc‐GM2 and minor GM1, GA2, and GM3 gangliosides (Figure 5D).
PID:0004092_0	1	1	fucosylated biantennary N-linked structure	bGSL:a47dfc91-828d-439e-bc70-b72c8acea46a	glycan	increased level of fucosylated biantennary N-linked structure on Human chorionic gonadotropin	Choriocarcinoma	DOID:3594	diagnostic	Urine	UBERON:0001088	PubMed:9449027	In choriocarcinoma alpha-subunit, the level of fucosylated biantennary increased, offset by a parallel decrease in the predominant biantennary structure of normal pregnancy (P < 0.0001). | The increases were: for monoantennary oligosaccharide, 4.6 to 6.8 to 11.2%; for triantennary, 13.7 to 26.7 to 51.5% and, for O-linked tetrasaccharide-core structure, 15.6 to 23.0 to 74.8%.
PID:0004092_0	1	2	Human chorionic gonadotropin		protein	increased level of fucosylated biantennary N-linked structure on Human chorionic gonadotropin	Choriocarcinoma	DOID:3594	diagnostic	Urine	UBERON:0001088	PubMed:9449027	In choriocarcinoma alpha-subunit, the level of fucosylated biantennary increased, offset by a parallel decrease in the predominant biantennary structure of normal pregnancy (P < 0.0001). | The increases were: for monoantennary oligosaccharide, 4.6 to 6.8 to 11.2%; for triantennary, 13.7 to 26.7 to 51.5% and, for O-linked tetrasaccharide-core structure, 15.6 to 23.0 to 74.8%.
PID:0003527_0	1	1	glycosphingolipids	bGSL:aaadcfba-0977-5dd9-965d-40aa49d81920	glycan	increased level of glycosphingolipids	congenital disorder of glycosylation Ia	DOID:0080552	diagnostic	fibroblasts	CL:0000057	PubMed:12409508	First, we found that CDG-Ia fibroblasts contain an increased amount of total GSLs when compared with normal fibroblasts. | Further, we assessed by metabolic labeling of CDG-Ia fibroblasts with radioactive sugar precursors, including galactose and N-acetylmannosamine, that a diminished biosynthesis of cellular GPs is antagonized by an increased biosynthesis of GSLs. | An increased GSL biosynthesis was also observed by means of radiolabeled lipid precursors including sphingosine and lactosylceramide.
PID:0000343_3	1	1	Biantennary N-glycan	bGSL:abc37e9a-7363-5440-87f1-1e620ed70a9a	glycan	decreased level of Biantennary N-glycan	lupus nephritis	DOID:0080162	diagnostic	urine	UBERON:0001088	PubMed:38003679	There was a significant increase in the degalactosylated (and desialylated, peak 1485) glycan shown to be associated with IgG that exhibits a more pro-inflammatory function, and significant decreases in the biantennary galactosylated (peaks 1663 and 1809) and sialylated (peaks 2122 and 2435) glycans that are associated with a more anti-inflammatory IgG (Figure 2E).
PID:0000418_2	1	1	biantennary N-glycan	bGSL:abc37e9a-7363-5440-87f1-1e620ed70a9a	glycan	increased level of biantennary N-glycan	intrahepatic cholangiocarcinoma	DOID:4928	diagnostic	tissue	UBERON:0000479	PubMed:36890858	N-glycans at m/z 1809.646 and 2012.717 (biantennary and bisected fucosylated N-glycans, respectively) were predominantly expressed in iCCA tissue, specifically in the tumor region while in the HCC tissue, these were present in only the fibrotic areas within the tumor region (Fig. 1A, B, and E). | Specific N-glycans at m/z values of 1850.667 (presumed bisected N-glycan with one fucose residue), 1996.720 (presumed bisected N-glycan with two fucose residues), 2158.791 (presumed bisected N-glycan with two fucose residues and with an additional galactose residue), 2012.717 (presumed bisected N-glycan with one fucose residue), and 1809.646 (biantennary N-glycan with one fucose residue) were found primarily in iCCA tissue (Fig. 2A–C; Supplementary Fig. S2D and S2E).
PID:0000573_1	1	1	bi-antennary	bGSL:abc37e9a-7363-5440-87f1-1e620ed70a9a	glycan	increased level of bi-antennary	liver cirrhosis	DOID:5082	diagnostic	serum	UBERON:0001977	PubMed:34857845	The core fucosylated glycopeptides show a general trend to increased intensities in the cirrhotic groups compared to the healthy controls (Supplemental Table 1). | When we compare peak areas of the same fucosylated glycoforms in the cirrhosis groups to the healthy controls, 23 of 45 glycopeptides have higher intensity in cirrhosis; 6 of the glycopetides show significantly higher intensity in all four cirrhosis categories (p < 0.05) compared to the healthy controls and all of them have intensity consistently more than twofold higher. | One of the consistenly and significantly changed core fucosylated glycopeptides is the biantennary and triantennary LANTQGEDQYYLR peptide of clusterin (Fig. 4) which was previously described in liver disease by our group33 and by others (panel of analytes in patent US20090208926A1 ). | Core fucosylated glycoforms (normalized intensity) of 11 glycopeptides of these proteins increase significantly (FDR < 0.05) threefold or greater in at least two categories of liver cirrhosis compared to the healthy controls (Table 2). | Overall, we observe the highest (5- to ninefold) increase in the normalized fucosylated intensity for the bi-antennary glycoform of the QVFPGLNYCTSGAYSNASSTDSASYYPLTGD glycopeptide of apolipoprotein B-100; the increase is significant in all the cirrhosis groups compared to the healthy control group.
PID:0000787_1	1	1	diantennary N-glycan	bGSL:abc37e9a-7363-5440-87f1-1e620ed70a9a	glycan	decreased level of diantennary N-glycan	pancreatic ductal adenocarcinoma	DOID:3498	diagnostic	serum	UBERON:0001977	PubMed:32898301	A strong increase in the antennarity of the glycans was found: tetraantennary N‐glycans (CA4) were more abundant in PDAC profiles than in control samples (Table 2 and Figure 2), with a concomitant decrease in diantennary N‐glycans (CA2; Table 2 and Figure 2). | Also, an increase in α2,6‐linked sialylation and a decrease in α2,3‐linked sialylation was observed (A2F0L, A3F0L, A4F0L; Table 2).
PID:0001067_3	1	1	bi-antennary	bGSL:abc37e9a-7363-5440-87f1-1e620ed70a9a	glycan	increased level of bi-antennary	breast cancer	DOID:1612	diagnostic	whole serum	UBERON:0001977	PubMed:31208374	With no glyco-subclass altered significantly at stage III, we found statistically significant abundance in core-fucosylated, bisecting, bi-, tri-, and tetra-antennary, bi-, tri-, and tetra-sialylated N-glycans in the serum of stages I and II patients.
PID:0004490_0	1	1	biantennary N-glycans	bGSL:abc37e9a-7363-5440-87f1-1e620ed70a9a	glycan	decreased level of biantennary N-glycans on alpha-1-antitrypsin	Carbohydrate-deficient glycoprotein syndrome	DOID:5212	diagnostic	serum	UBERON:0001977	PubMed:1470190	This new marker-glycoprotein suggests a defect of the production of biantennary and of triantennary N-glycans during an early step of their synthesis, resulting in monoantennary N-glycans.
PID:0004490_0	1	2	alpha-1-antitrypsin	UPKB:P01009	protein	decreased level of biantennary N-glycans on alpha-1-antitrypsin	Carbohydrate-deficient glycoprotein syndrome	DOID:5212	diagnostic	serum	UBERON:0001977	PubMed:1470190	This new marker-glycoprotein suggests a defect of the production of biantennary and of triantennary N-glycans during an early step of their synthesis, resulting in monoantennary N-glycans.
PID:0000050_4	1	1	M6	bGSL:ac85d43d-be44-59fa-a524-580fbff1c6e3	glycan	increased level of M6	Asthma	DOID:2841	susceptibility	plasma	UBERON:0001969	PubMed:40593539	MR analysis indicated a causal effect of M9 and Mtotal glycans on disorders of lipoprotein metabolism, and M6 glycan on asthma.
PID:0000412_3	1	1	Man6	bGSL:ac85d43d-be44-59fa-a524-580fbff1c6e3	glycan	increased level of Man6	atrial fibrillation	DOID:0060224	diagnostic	plasma	UBERON:0001969	PubMed:37189353	More precisely, GP2 (Man5, FA2B), GP7 (Man6), GP9 (A2BG2), GP15 (A2BG2S1), and the total oligomannose structures were increased.
PID:0000095_10	1	1	A4G4S4	bGSL:aec2274a-c362-47e2-a324-a8c43ee58adb	glycan	increased level of A4G4S4	endometriosis	DOID:289	diagnostic	serum	UBERON:0001977	PubMed:40362345	Other glycan differences were more specific: the tetra-antennary glycans A4G4S4 (Figure 2I) were significantly elevated in endometriosis (means ~0.60 vs. 0.50 in control) but slightly decreased in myoma and cervical carcinoma, explaining the overall significance and suggesting opposite trends by disease.
PID:0000095_11	1	1	A4G4S4	bGSL:aec2274a-c362-47e2-a324-a8c43ee58adb	glycan	decreased level of A4G4S4	myoma uteri	DOID:13223	diagnostic	serum	UBERON:0001977	PubMed:40362345	Other glycan differences were more specific: the tetra-antennary glycans A4G4S4 (Figure 2I) were significantly elevated in endometriosis (means ~0.60 vs. 0.50 in control) but slightly decreased in myoma and cervical carcinoma, explaining the overall significance and suggesting opposite trends by disease.
PID:0000308_1	1	1	tetra-antennary N-glycan	bGSL:aee918cb-25f8-50b7-8174-0b8aee6bfdb1	glycan	increased level of tetra-antennary N-glycan	gastric cancer	DOID:10534	diagnostic	serum	UBERON:0001977	PubMed:38084450	In brief, A1AT‐N271‐H6N4S2 and AACT‐N106‐H7N6S4F1 both had highly branched (tri‐ and tetra‐antennary) N‐glycan structures. | Increases in fucosylation, branching, and sialylation of N‐glycans are often observed in cancer, and especially N‐glycan branching structures are frequently upregulated in GC.
PID:0000787_0	1	1	tetraantennary N-glycan	bGSL:aee918cb-25f8-50b7-8174-0b8aee6bfdb1	glycan	increased level of tetraantennary N-glycan	pancreatic ductal adenocarcinoma	DOID:3498	diagnostic	serum	UBERON:0001977	PubMed:32898301	A strong increase in the antennarity of the glycans was found: tetraantennary N‐glycans (CA4) were more abundant in PDAC profiles than in control samples (Table 2 and Figure 2), with a concomitant decrease in diantennary N‐glycans (CA2; Table 2 and Figure 2).
PID:0001978_4	1	1	tetraantennary N-glycan	bGSL:aee918cb-25f8-50b7-8174-0b8aee6bfdb1	glycan	increased level of tetraantennary N-glycan on haptoglobin	hepatocellular carcinoma	DOID:684	diagnostic	serum	UBERON:0001977	PubMed:24807840	In addition, both the triantennary and tetra-antennary glycans were highly elevated in HCC compared to their abundance in healthy and cirrhosis samples.
PID:0001978_4	1	2	haptoglobin	UPKB:P00738	protein	increased level of tetraantennary N-glycan on haptoglobin	hepatocellular carcinoma	DOID:684	diagnostic	serum	UBERON:0001977	PubMed:24807840	In addition, both the triantennary and tetra-antennary glycans were highly elevated in HCC compared to their abundance in healthy and cirrhosis samples.
PID:0002846_1	1	1	tetraantennary N-glycan	bGSL:aee918cb-25f8-50b7-8174-0b8aee6bfdb1	glycan	decreased level of tetraantennary N-glycan	hepatocellular carcinoma	DOID:684	diagnostic	serum	UBERON:0001977	PubMed:19223512	Glycans 1 and 6 are triantennary and tetraantennary complex glycans that decrease in HCC.
PID:0002863_2	1	1	tetraantennary N-glycan	bGSL:aee918cb-25f8-50b7-8174-0b8aee6bfdb1	glycan	presence of tetraantennary N-glycan on KLK3	prostate cancer	DOID:10283	diagnostic	serum	UBERON:0001977	PubMed:19035787	This observation is consistent with findings from glycan structure analysis that PSA from prostate cancer is a mixture of biantennary, triantennary, and possibly tetraantennary oligosaccharides rather than normal PSA which has only biantennary oligosaccharides, which supports the hypothesis that oncogenic transformation of prostate epithelium may differentially affect N-linked glycan processing of PSA.
PID:0002863_2	1	2	KLK3	UPKB:Q546G3	protein	presence of tetraantennary N-glycan on KLK3	prostate cancer	DOID:10283	diagnostic	serum	UBERON:0001977	PubMed:19035787	This observation is consistent with findings from glycan structure analysis that PSA from prostate cancer is a mixture of biantennary, triantennary, and possibly tetraantennary oligosaccharides rather than normal PSA which has only biantennary oligosaccharides, which supports the hypothesis that oncogenic transformation of prostate epithelium may differentially affect N-linked glycan processing of PSA.
PID:0000163_1	1	1	FA2BG2	bGSL:b501ac00-cfbd-4cc3-9382-984fae4ff714	glycan	decreased level of FA2BG2 on IgG	Rheumatoid Arthritis	DOID:7148	diagnostic	Serum	UBERON:0001977	PubMed:39752500	The changing tendency of the relative intensity for agalactosylated and galactosylated glycans in RA anti-CSP was consistent with that in RA IgG.
PID:0000163_1	1	2	IgG		protein	decreased level of FA2BG2 on IgG	Rheumatoid Arthritis	DOID:7148	diagnostic	Serum	UBERON:0001977	PubMed:39752500	The changing tendency of the relative intensity for agalactosylated and galactosylated glycans in RA anti-CSP was consistent with that in RA IgG.
PID:0000178_3	1	1	Lewis Y	bGSL:b5f7962d-29e4-4374-8406-683e491676d9	glycan	decreased level of Lewis Y on CLU	psoriatric arthritis	DOID:9008	diagnostic	serum	UBERON:0001977	PubMed:39684771	Significantly higher serum CLU concentration, accompanied by a high expression of SNA-reactive SA and a reduced degree of Lewisx and Lewisy antennary fucosylation, may constitute a promising panel of parameters differentiating PsA from RA. | In conclusion, a significantly higher serum CLU concentration, accompanied by a high expression of terminal α2,6-linked sialic acid and a reduced degree of Lewisx and Lewisy antennary fucosylation, may constitute a promising panel of parameters differentiating PsA from RA.
PID:0000178_3	1	2	CLU	UPKB:Q8IWL5	protein	decreased level of Lewis Y on CLU	psoriatric arthritis	DOID:9008	diagnostic	serum	UBERON:0001977	PubMed:39684771	Significantly higher serum CLU concentration, accompanied by a high expression of SNA-reactive SA and a reduced degree of Lewisx and Lewisy antennary fucosylation, may constitute a promising panel of parameters differentiating PsA from RA. | In conclusion, a significantly higher serum CLU concentration, accompanied by a high expression of terminal α2,6-linked sialic acid and a reduced degree of Lewisx and Lewisy antennary fucosylation, may constitute a promising panel of parameters differentiating PsA from RA.
PID:0000611_3	1	1	Ley	bGSL:b5f7962d-29e4-4374-8406-683e491676d9	glycan	increased level of Ley	medullary thyroid carcinoma	DOID:3973	diagnostic	tumor tissue	UBERON:0000479	PubMed:34638800	Immunohistochemistry demonstrated an extensive expression av Ley in the MTC cells and also a variable intensity and prevalence of Globo H and Lex. | All MTC cells extensively expressed the Ley determinant (Figure 8B), while no significant positive staining was seen in the supportive tissue or in the non-neoplastic follicular thyroid tissue (Figure 8C).
PID:0000011_9	1	1	free-N-glycan	bGSL:b6aa2621-651c-5dc5-af13-e3dc0b932d37	glycan	increased level of free-N-glycan	bile duct cancer	DOID:4606	diagnostic	urine	UBERON:0001088	PubMed:41023053	To investigate its clinical usefulness, the level of this free-glycan in the urine of 121 healthy subjects, 141 gastric cancer patients, 87 colorectal cancer patients, 55 pancreatic cancer patients, 13 bile duct cancer patients and 79 rare cancer patients were measured using a liquid chromatography-selected reaction monitoring assay. | Significant differences were detected in cancer patient samples compared to healthy controls, with a marked increase in some rare-types of cancer patient samples, such as AFP-producing gastric cancer.
PID:0000037_0	1	1	N-glycan	bGSL:b6aa2621-651c-5dc5-af13-e3dc0b932d37	glycan	altered level of N-glycan on Immunoglobulin G	non-small-cell lung cancer	DOID:3908	diagnostic	serum	UBERON:0001977	PubMed:40680951	Compared with controls, NSCLC patients exhibited distinct IgG glycosylation patterns, including decreased galactosylation, monosialylation, and bisecting N-acetylglucosamine, alongside increased agalactosylation.
PID:0000037_0	1	2	Immunoglobulin G		protein	altered level of N-glycan on Immunoglobulin G	non-small-cell lung cancer	DOID:3908	diagnostic	serum	UBERON:0001977	PubMed:40680951	Compared with controls, NSCLC patients exhibited distinct IgG glycosylation patterns, including decreased galactosylation, monosialylation, and bisecting N-acetylglucosamine, alongside increased agalactosylation.
PID:0000429_0	1	1	IgG N-glycan	bGSL:b6aa2621-651c-5dc5-af13-e3dc0b932d37	glycan	altered level of IgG N-glycan	colorectal cancer	DOID:9256	diagnostic	serum	UBERON:0001977	PubMed:36121650	Alternative glycosylation of serum IgG has been shown to be closely associated with CRC. | Six and 14 directly detected glycan traits were significantly changed in AA and CRC, respectively, compared with HC.
PID:0000978_0	1	1	IgG N-glycans	bGSL:b6aa2621-651c-5dc5-af13-e3dc0b932d37	glycan	altered level of IgG N-glycans on immunoglobulin G	hyperuricemia	DOID:1920	diagnostic	serum	UBERON:0001977	PubMed:30835642	Serum uric acid level was positively correlated with glycan peaks (GP)1, GP2, GP4, GP6, GP10, and GP11, whereas it was negatively correlated with GP12, GP13, GP14, GP15, GP18, and GP20. | These findings collectively suggest a possible link between hyperuricemia and IgG N-glycans, which might be potentially mediated through inflammation-related mechanisms.
PID:0000978_0	1	2	immunoglobulin G	UPKB:P01702	protein	altered level of IgG N-glycans on immunoglobulin G	hyperuricemia	DOID:1920	diagnostic	serum	UBERON:0001977	PubMed:30835642	Serum uric acid level was positively correlated with glycan peaks (GP)1, GP2, GP4, GP6, GP10, and GP11, whereas it was negatively correlated with GP12, GP13, GP14, GP15, GP18, and GP20. | These findings collectively suggest a possible link between hyperuricemia and IgG N-glycans, which might be potentially mediated through inflammation-related mechanisms.
PID:0001449_0	1	1	IgG N-glycans	bGSL:b6aa2621-651c-5dc5-af13-e3dc0b932d37	glycan	altered level of IgG N-glycans on IgG	Hypertension	DOID:10763	diagnostic	plasma	UBERON:0001969	PubMed:28692416	Our previous work has shown an association between hypertension and immunoglobulin G (IgG) glycome composition, suggesting that individual variation in N-glycosylation of IgG might contribute to hypertension pathogenesis. | Fourteen IgG subclass-specific Fc N-glycopeptide structures, along with one derived glycosylation trait in subclasses IgG2/3 and IgG4, were found to correlate with systolic blood pressure and/or diastolic blood pressure. | This study indicates that alteration in Fc N-glycopeptide profiles of plasma IgG subclasses is associated with blood pressure status in the Kazakh population.
PID:0001449_0	1	2	IgG		protein	altered level of IgG N-glycans on IgG	Hypertension	DOID:10763	diagnostic	plasma	UBERON:0001969	PubMed:28692416	Our previous work has shown an association between hypertension and immunoglobulin G (IgG) glycome composition, suggesting that individual variation in N-glycosylation of IgG might contribute to hypertension pathogenesis. | Fourteen IgG subclass-specific Fc N-glycopeptide structures, along with one derived glycosylation trait in subclasses IgG2/3 and IgG4, were found to correlate with systolic blood pressure and/or diastolic blood pressure. | This study indicates that alteration in Fc N-glycopeptide profiles of plasma IgG subclasses is associated with blood pressure status in the Kazakh population.
PID:0002148_0	1	1	AFP N-glycan	bGSL:b6aa2621-651c-5dc5-af13-e3dc0b932d37	glycan	altered level of AFP N-glycan on alpha-fetoprotein	cancer	DOID:162	diagnostic	serum	UBERON:0001977	PubMed:23622526	Moreover, the lectin-based biosensor array fabricated with different lectins was used to evaluate the glycan expression of AFP N-glycan and discriminate AFP between healthy and cancer patients serum samples. | This work demonstrates that the employment of carbon nanotubes as immobilization platform and lectin as molecular recognition element in biosensor array is a promising approach for the determination and discrimination of glycoproteins for cancer diagnosis. | The strategy proposed in this work could further be used for high-throughput, label-free profiling of the glycan expression of cancer-related glycoproteins and to develop methods for cancer diagnosis in the early stages.
PID:0002148_0	1	2	alpha-fetoprotein	UPKB:P02771	protein	altered level of AFP N-glycan on alpha-fetoprotein	cancer	DOID:162	diagnostic	serum	UBERON:0001977	PubMed:23622526	Moreover, the lectin-based biosensor array fabricated with different lectins was used to evaluate the glycan expression of AFP N-glycan and discriminate AFP between healthy and cancer patients serum samples. | This work demonstrates that the employment of carbon nanotubes as immobilization platform and lectin as molecular recognition element in biosensor array is a promising approach for the determination and discrimination of glycoproteins for cancer diagnosis. | The strategy proposed in this work could further be used for high-throughput, label-free profiling of the glycan expression of cancer-related glycoproteins and to develop methods for cancer diagnosis in the early stages.
PID:0000085_0	1	1	Lewis x	bGSL:b869db3a-43f8-4298-a71e-a4654597d31a	glycan	increased level of Lewis x	hepatocellular carcinoma	DOID:684	diagnostic	serum	UBERON:0001977	PubMed:40280554	A simple visual comparison between mean spectra obtained from HCC patients and healthy controls reveals clear differences in glycosylation patterns, particularly in core fucosylation, and in Fuc as part of (s)Lex and (s)Lea residues (Figure 7B and Figure S34).
PID:0000178_2	1	1	Lewis X	bGSL:b869db3a-43f8-4298-a71e-a4654597d31a	glycan	decreased level of Lewis X on CLU	psoriatic arthritis	DOID:9008	diagnostic	serum	UBERON:0001977	PubMed:39684771	Significantly higher serum CLU concentration, accompanied by a high expression of SNA-reactive SA and a reduced degree of Lewisx and Lewisy antennary fucosylation, may constitute a promising panel of parameters differentiating PsA from RA. | In conclusion, a significantly higher serum CLU concentration, accompanied by a high expression of terminal α2,6-linked sialic acid and a reduced degree of Lewisx and Lewisy antennary fucosylation, may constitute a promising panel of parameters differentiating PsA from RA.
PID:0000178_2	1	2	CLU	UPKB:Q8IWL5	protein	decreased level of Lewis X on CLU	psoriatic arthritis	DOID:9008	diagnostic	serum	UBERON:0001977	PubMed:39684771	Significantly higher serum CLU concentration, accompanied by a high expression of SNA-reactive SA and a reduced degree of Lewisx and Lewisy antennary fucosylation, may constitute a promising panel of parameters differentiating PsA from RA. | In conclusion, a significantly higher serum CLU concentration, accompanied by a high expression of terminal α2,6-linked sialic acid and a reduced degree of Lewisx and Lewisy antennary fucosylation, may constitute a promising panel of parameters differentiating PsA from RA.
PID:0000611_2	1	1	Lex	bGSL:b869db3a-43f8-4298-a71e-a4654597d31a	glycan	increased level of Lex	medullary thyroid carcinoma	DOID:3973	diagnostic	tumor tissue	UBERON:0000479	PubMed:34638800	Immunohistochemistry demonstrated an extensive expression av Ley in the MTC cells and also a variable intensity and prevalence of Globo H and Lex. | The extent and intensity of the noted positive staining with anti-Globo H (Figure 8D) and anti-Lex (Figure 8E) antibodies was variable, but clearly present, in all samples demonstrating a subpopulation of cells with antigen expression.
PID:0000679_4	1	1	Lewis X	bGSL:b869db3a-43f8-4298-a71e-a4654597d31a	glycan	increased level of Lewis X	pancreatic cancer	DOID:1793	diagnostic	urine	UBERON:0001088	PubMed:33135073	Lewis X-core glycans with extension of 6-sulfo-Lewis X and sialyl Lewis X (#67 and #98) displayed increased levels in some pancreatic cancer and cholangiocarcinoma patients.
PID:0000679_5	1	1	Lewis X	bGSL:b869db3a-43f8-4298-a71e-a4654597d31a	glycan	increased level of Lewis X	cholangiocarcinoma	DOID:4947	diagnostic	urine	UBERON:0001088	PubMed:33135073	Lewis X-core glycans with extension of 6-sulfo-Lewis X and sialyl Lewis X (#67 and #98) displayed increased levels in some pancreatic cancer and cholangiocarcinoma patients.
PID:0003799_0	1	1	Lewis(x)	bGSL:b869db3a-43f8-4298-a71e-a4654597d31a	glycan	altered level of Lewis(x)	Schistosoma mansoni infection	DOID:1395	diagnostic	various stages of Schistosoma mansoni	UBERON:0000105	PubMed:10814702	We report here that fucosylated epitopes such as Lewis(x), LacdiNAc, fucosylated LacdiNAc (LDN-F) and GalNAcbeta1-4(Fucalpha1-2Fucalpha1-3)GlcNAc (LDN-DF) are expressed by schistosomes throughout their life cycle. | Lewis(x)epitopes were mainly found in the gut and on the tegument of adult worms, on egg shells, and on the oral sucker of cercariae. | In contrast, LDN-DF epitopes were mainly present in the excretory system of adult worms, on miracidia and on whole cercariae.
PID:0000418_3	1	1	complex highly branched N-glycan	bGSL:bae38c9e-4501-5161-bf22-a17698ab4153	glycan	increased level of complex highly branched N-glycan	hepatocellular carcinoma	DOID:684	diagnostic	tissue	UBERON:0000479	PubMed:36890858	However, an N-glycan at m/z 2393.840 (complex highly branched N-glycan) was highly expressed in HCC tissue compared with iCCA and was also expressed in the tumor region of iCCA tissue but at a lower intensity (Fig. 1C–E). | In contrast, N-glycan at m/z 2393.824 was specific to HCC tissue when compared with iCCA or normal samples (Fig. 2D).
PID:0001495_3	1	1	Highly branched complex-type N-glycan	bGSL:bae38c9e-4501-5161-bf22-a17698ab4153	glycan	increased level of Highly branched complex-type N-glycan	germ-cell tumor	DOID:2994	diagnostic	serum	UBERON:0001977	PubMed:28317343	N‐glycan levels of complex‐type glycans were significantly increased in the GCT group (Figs. | 1B, C, D, E, and F). | Terminal sialylated bi‐antennary, tri‐antennary, and tetra‐antennary complex‐type N‐glycans were selected as GCT‐related N‐glycans. | Our data showed that tri‐antennary and tetra‐antennary complex glycans with terminal sialylation were increased in GCT patients, which was similar to castration‐resistant prostate cancer.
PID:0000347_0	1	1	polysialic acid	bGSL:bbaf1170-1d3f-55a0-946d-268cf8f7fa4d	glycan	increased level of polysialic acid	systemic sclerosis	DOID:418	diagnostic	dermis	UBERON:0002067	PubMed:37742510	Dermal polySia levels were highest in patients with dSSc (compared to HC < 0.001), and correlated with the degree of fibrosis in all of the groups (P = 0.008). | Polysia is more abundant in the skin and sera from patients with SSc and correlates with the degree of skin fibrosis.
PID:0000347_1	1	1	polysialic acid	bGSL:bbaf1170-1d3f-55a0-946d-268cf8f7fa4d	glycan	increased level of polysialic acid	systemic sclerosis	DOID:418	diagnostic	serum	UBERON:0001977	PubMed:37742510	Serum polySia was higher in all SSc groups (p < 0.001) and correlated with the severity of mRSS (p < 0.0001). | Polysia is more abundant in the skin and sera from patients with SSc and correlates with the degree of skin fibrosis.
PID:0000017_1	1	1	FA2G2S2	bGSL:bbe90bca-4394-41ac-81aa-1abcc7293f2b	glycan	decreased level of FA2G2S2	Nephropathic Cystinosis	DOID:1064	diagnostic	serum	UBERON:0001977	PubMed:40843950	Serum N-glycans have significant GPs associated with the status of the NC cohort: GP21 (P = 0.056) is marginally significant, while GP25 (P = 0.039), GP27 (P = 0.019), GP44 (P = 0.035), and S1 (mono-sialylated glycans, P = 0.031) are all significant. | GP27 on the other hand contains the major glycan FA2G2S2 and was less abundant in NC compared to the control group.
PID:0000099_4	1	1	GalNAc	bGSL:bcfcb92d-7efe-4eb7-b324-88a3ce4ae60a	glycan	decreased level of GalNAc on IgG	systemic lupus erythematosus	DOID:9074	diagnostic	serum IgG	UBERON:0001977	PubMed:40187773	Compared to DC and HC groups, the IgG glycan level of Galβ3GalNAc (binding Jacalin (11.3%) and Maclura pomifera lectin (14.4%)) was significantly increased, whereas most IgG glycan levels were significantly decreased, including core fucose, high mannose, GlcNAc, GalNAc and Galβ4GlcNAc in the SLE group (all p<0.05).
PID:0000099_4	1	2	IgG		protein	decreased level of GalNAc on IgG	systemic lupus erythematosus	DOID:9074	diagnostic	serum IgG	UBERON:0001977	PubMed:40187773	Compared to DC and HC groups, the IgG glycan level of Galβ3GalNAc (binding Jacalin (11.3%) and Maclura pomifera lectin (14.4%)) was significantly increased, whereas most IgG glycan levels were significantly decreased, including core fucose, high mannose, GlcNAc, GalNAc and Galβ4GlcNAc in the SLE group (all p<0.05).
PID:0000357_4	1	1	GalNAc	bGSL:bcfcb92d-7efe-4eb7-b324-88a3ce4ae60a	glycan	decreased level of GalNAc on IgA1	Crohn's disease	DOID:8778	diagnostic	plasma	UBERON:0001969	PubMed:37641533	CD and UC patients had a smaller amount of GalNAc on the O-glycans of the Ser89–126-containing peptide than HC.
PID:0000357_4	1	2	IgA1	UPKB:P01571	protein	decreased level of GalNAc on IgA1	Crohn's disease	DOID:8778	diagnostic	plasma	UBERON:0001969	PubMed:37641533	CD and UC patients had a smaller amount of GalNAc on the O-glycans of the Ser89–126-containing peptide than HC.
PID:0000357_5	1	1	GalNAc	bGSL:bcfcb92d-7efe-4eb7-b324-88a3ce4ae60a	glycan	decreased level of GalNAc on IgA1	Ulcerative colitis	DOID:8577	diagnostic	plasma	UBERON:0001969	PubMed:37641533	CD and UC patients had a smaller amount of GalNAc on the O-glycans of the Ser89–126-containing peptide than HC.
PID:0000357_5	1	2	IgA1	UPKB:P01571	protein	decreased level of GalNAc on IgA1	Ulcerative colitis	DOID:8577	diagnostic	plasma	UBERON:0001969	PubMed:37641533	CD and UC patients had a smaller amount of GalNAc on the O-glycans of the Ser89–126-containing peptide than HC.
PID:0002762_0	1	1	GalNAc	bGSL:bcfcb92d-7efe-4eb7-b324-88a3ce4ae60a	glycan	increased level of GalNAc on MUC1	cancer	DOID:162	diagnostic	tissue	UBERON:0000479	PubMed:19007994	The MUC1 glycoprotein is considered a tumor antigen due to its over-expression and aberrant glycosylation in cancer tissues. | The latter results in appearance of new antigenic tumor-specific glycopeptides not found on normal glycoforms of the mucin.
PID:0002762_0	1	2	MUC1	UPKB:P15941	protein	increased level of GalNAc on MUC1	cancer	DOID:162	diagnostic	tissue	UBERON:0000479	PubMed:19007994	The MUC1 glycoprotein is considered a tumor antigen due to its over-expression and aberrant glycosylation in cancer tissues. | The latter results in appearance of new antigenic tumor-specific glycopeptides not found on normal glycoforms of the mucin.
PID:0000099_2	1	1	high mannose	bGSL:bd55e967-56fc-57a8-a669-0f45c0eb9a21	glycan	decreased level of high mannose on IgG	systemic lupus erythematosus	DOID:9074	diagnostic	serum IgG	UBERON:0001977	PubMed:40187773	Compared to DC and HC groups, the IgG glycan level of Galβ3GalNAc (binding Jacalin (11.3%) and Maclura pomifera lectin (14.4%)) was significantly increased, whereas most IgG glycan levels were significantly decreased, including core fucose, high mannose, GlcNAc, GalNAc and Galβ4GlcNAc in the SLE group (all p<0.05).
PID:0000099_2	1	2	IgG		protein	decreased level of high mannose on IgG	systemic lupus erythematosus	DOID:9074	diagnostic	serum IgG	UBERON:0001977	PubMed:40187773	Compared to DC and HC groups, the IgG glycan level of Galβ3GalNAc (binding Jacalin (11.3%) and Maclura pomifera lectin (14.4%)) was significantly increased, whereas most IgG glycan levels were significantly decreased, including core fucose, high mannose, GlcNAc, GalNAc and Galβ4GlcNAc in the SLE group (all p<0.05).
PID:0000208_3	1	1	High-mannose glycans	bGSL:bd55e967-56fc-57a8-a669-0f45c0eb9a21	glycan	increased level of High-mannose glycans	hepatocellular carcinoma	DOID:684	prognostic	tissue	UBERON:0000479	PubMed:39382267	Although an additional investigation based on tissue microarray and lectin immunohistochemistry highlighted that NPA, ConA, GNA, and Calsepa, binding specificity to high‐mannose glycans, in HCC tissues were significantly increased in moderately‐differentiated HCC compared with those in well‐differentiated HCC [15], our lectin biochip data demonstrated that none of the lectin‐specific glycans in the preoperative serum of HCC patients were related to differentiation of HCC, and, however, that levels of AAL and RCA‐I in postoperative tumor‐free serum of the patients showed significant differences between well‐differentiated and moderate/poorly differentiated status of HCC (p = 0.022 and p = 0.039, respectively).
PID:0000208_4	1	1	High-mannose glycans	bGSL:bd55e967-56fc-57a8-a669-0f45c0eb9a21	glycan	increased level of High-mannose glycans	hepatocellular carcinoma	DOID:684	prognostic	postoperative serum	UBERON:0001977	PubMed:39382267	Expression of glycan‐recognizable ConA in postoperative serum was higher than level in the control (p = 0.016).
PID:0000318_0	1	1	high-mannose N-glycan	bGSL:bd55e967-56fc-57a8-a669-0f45c0eb9a21	glycan	increased level of high-mannose N-glycan	ovarian cancer	DOID:2394	diagnostic	serum	UBERON:0001977	PubMed:38281033	It was observed that the initiation and development of OC was associated with increased high-mannosylationand agalactosylation, concurrently with decreased total sialylation of serum, each of which gained at least moderately accurate merits. | As illustrated in Fig. 2 and Table S4, statistical analysis showed that mannosylation was significantly increased in both benign and OC patients with P values less than 0.0001. | Interestingly, high-mannosylation was remarkably increased in both benign and OC patients compared to controls.
PID:0000343_4	1	1	High-mannose N-glycan	bGSL:bd55e967-56fc-57a8-a669-0f45c0eb9a21	glycan	decreased level of High-mannose N-glycan	lupus nephritis	DOID:0080162	diagnostic	urine	UBERON:0001088	PubMed:38003679	Conversely, we demonstrated a significant decrease in high mannose-containing N-glycans in the urine of LN patients in this study.
PID:0000418_4	1	1	high mannose N-glycan	bGSL:bd55e967-56fc-57a8-a669-0f45c0eb9a21	glycan	decreased level of high mannose N-glycan	intrahepatic cholangiocarcinoma	DOID:4928	diagnostic	tissue	UBERON:0000479	PubMed:36890858	In addition, N-glycan at 1905.644 followed a similar trend as in Fig. 1, where it was expressed in all groups with a decrease in the iCCA samples compared with other groups (Fig. 2E). | As Fig. 2K–M show, bisected fucosylated N-glycans were significantly altered in the iCCA tissue (Fig. 2K–M) while complex highly branched and high mannose N-glycans were significantly decreased in iCCA tissue (Fig. 2N–O).
PID:0000470_0	1	1	high-mannose	bGSL:bd55e967-56fc-57a8-a669-0f45c0eb9a21	glycan	increased level of high-mannose	Type 1 Diabetes Mellitus	DOID:9744	diagnostic	plasma	UBERON:0001969	PubMed:36031042	Recently, it was shown that children at the onset of type 1 diabetes (T1D) have a higher proportion of oligomannose glycans in their total plasma protein N-glycome compared to their healthy siblings.
PID:0000579_1	1	1	high-mannose glycans	bGSL:bd55e967-56fc-57a8-a669-0f45c0eb9a21	glycan	increased level of high-mannose glycans	PMM2 congenital disorders of glycosylation	DOID:0080552	response	fibroblasts	CL:0000057	PubMed:34652821	Twenty-four of these 97 glycopeptides contained high-mannose glycans (Man4-Man9). | When treated fibroblasts were compared with untreated controls, 665 of 1,448 glycopeptides (46%), that had reduced abundance in untreated PMM-deficient fibroblasts (PMM2 vs. controls), improved post-treatment, becoming similar to the controls. | Two hundred seventeen of these glycopeptides contained Man4-Man9 glycans and the others had complex/hybrid type glycan structures.
PID:0000609_0	1	1	high-mannose N-glycan	bGSL:bd55e967-56fc-57a8-a669-0f45c0eb9a21	glycan	increased level of high-mannose N-glycan	prostate cancer	DOID:10283	prognostic	tumor tissue	UBERON:0000479	PubMed:34131069	Specifically, high-mannose as well as tri-and tetra-antennary N-glycans were more abundant in tumor tissue and increase proportionally with tumor grade. | Consistent with previous studies, we observed increases in both high-mannose (Figure 2C–E) (19, 21) as well as branched (Figure 2F–H) N-glycans in prostate tumor tissue compared to benign. | We observed an increase in high-mannose (Figure 3A–C) and branched (Figure 3D–F) N-glycans that positively correlated with tumor grade group.
PID:0000746_3	1	1	high-mannose N-glycans	bGSL:bd55e967-56fc-57a8-a669-0f45c0eb9a21	glycan	decreased level of high-mannose N-glycans	pancreatic ductal adenocarcinoma	DOID:3498	diagnostic	tumor tissue	UBERON:0000479	PubMed:33581409	High-mannose glycans were predominantly localized in normal tissue regions (data not shown). | Unique to the pancreas is the finding that high-mannose N-glycan structures are expressed abundantly in nondiseased organ tissue and normal tissue adjacent to cancerous regions (Figs. | 1 and 4) but are not detected with high abundance in the tumor regions.
PID:0000893_1	1	1	high-mannose glycans	bGSL:bd55e967-56fc-57a8-a669-0f45c0eb9a21	glycan	increased level of high-mannose glycans	breast cancer	DOID:1612	diagnostic	serum	UBERON:0001977	PubMed:32271809	Our results are also in agreement with previous observations in human serum samples, which revealed that the abundances of the high-mannose glycans Hex6HexNAc2, Hex7HexNAc2, Hex9HexNAc2, and Hex10HexNAc2 were significantly higher in BrC patients than in healthy individuals [15,16].
PID:0001233_0	1	1	High mannose N-glycan	bGSL:bd55e967-56fc-57a8-a669-0f45c0eb9a21	glycan	decreased level of High mannose N-glycan on TF	Phosphoglucomutase 1 deficiency	DOID:0050579	response	plasma	UBERON:0001969	PubMed:30048639	Improved addition of D-galactose to protein glycans after six months of D-galactose supplementation was seen from an increase of complex type N-glycans (from 88.8% to 91.7%), hybrid type-N-glycans (from 2.0% to 3.0%) and total sialylated N-glycans; sialylation index (from 36.0 to 65.7) and a decrease of high mannose type-N-glycans (from 9.3% to 5.3%) and total degalactosylated N-glycans; degalactosylation index (from 58.8 to 34.7). | In addition, total plasma glycoprofiling showed an effect of D-galactose supplementation on the fucosylation level, with a decrease of total fucosylated N-glycans (from 46.7 to 43.6) to near normal. | A similar improvement in global galactosylation, sialylation and fucosylation was observed in P1, P5, P14 and P15 after 3 months of D-galactose treatment, while fucosylation is maintained at a high level in P10 and increased in P2 and P11 (Supplementary Table 3).
PID:0001233_0	1	2	TF	UPKB:P02786	protein	decreased level of High mannose N-glycan on TF	Phosphoglucomutase 1 deficiency	DOID:0050579	response	plasma	UBERON:0001969	PubMed:30048639	Improved addition of D-galactose to protein glycans after six months of D-galactose supplementation was seen from an increase of complex type N-glycans (from 88.8% to 91.7%), hybrid type-N-glycans (from 2.0% to 3.0%) and total sialylated N-glycans; sialylation index (from 36.0 to 65.7) and a decrease of high mannose type-N-glycans (from 9.3% to 5.3%) and total degalactosylated N-glycans; degalactosylation index (from 58.8 to 34.7). | In addition, total plasma glycoprofiling showed an effect of D-galactose supplementation on the fucosylation level, with a decrease of total fucosylated N-glycans (from 46.7 to 43.6) to near normal. | A similar improvement in global galactosylation, sialylation and fucosylation was observed in P1, P5, P14 and P15 after 3 months of D-galactose treatment, while fucosylation is maintained at a high level in P10 and increased in P2 and P11 (Supplementary Table 3).
PID:0001264_0	1	1	high-mannose N-glycans	bGSL:bd55e967-56fc-57a8-a669-0f45c0eb9a21	glycan	increased level of high-mannose N-glycans on MUC1	breast cancer	DOID:1612	diagnostic	serum	UBERON:0001977	PubMed:29749490	The glycosylation level of CA15-3 was found to increase with increasing breast cancer stage in the sandwich assay. | As shown in Fig. 5A, markedly higher values were found in the breast cancers. | The level of CA15-3 appeared to increase with increasing stage of breast cancer (Fig. 6).
PID:0001264_0	1	2	MUC1		protein	increased level of high-mannose N-glycans on MUC1	breast cancer	DOID:1612	diagnostic	serum	UBERON:0001977	PubMed:29749490	The glycosylation level of CA15-3 was found to increase with increasing breast cancer stage in the sandwich assay. | As shown in Fig. 5A, markedly higher values were found in the breast cancers. | The level of CA15-3 appeared to increase with increasing stage of breast cancer (Fig. 6).
PID:0001326_0	1	1	high-mannose glycans	bGSL:bd55e967-56fc-57a8-a669-0f45c0eb9a21	glycan	increased level of high-mannose glycans	breast cancer	DOID:1612	prognostic	tumor tissue	UBERON:0000479	PubMed:29381688	In breast cancer tissue samples, N-glycan profiles of membrane proteins showed marked increases of high-mannose N-glycans, but also of triantennary complex glycans, compared with matched normal tissue (Liu et al, 2013). | Our analyses have shown a clear correlation of low MAN1A1 mRNA and protein levels – presumably resulting in large amounts of high-mannose glycans – with high tumour aggressiveness.
PID:0001326_1	1	1	high-mannose glycans	bGSL:bd55e967-56fc-57a8-a669-0f45c0eb9a21	glycan	increased level of high-mannose glycans	breast cancer	DOID:1612	prognostic	serum	UBERON:0001977	PubMed:29381688	Similarly, in a breast tumour mouse model, N-glycan profiling of serum proteins showed a significant elevation of high-mannose glycans in the presence of breast cancer (de Leoz et al, 2011).
PID:0001516_1	1	1	high-mannose-type glycans	bGSL:bd55e967-56fc-57a8-a669-0f45c0eb9a21	glycan	altered level of high-mannose-type glycans on haptoglobin	gastric cancer	DOID:10534	diagnostic	serum	UBERON:0001977	PubMed:28052004	It was found that, by MS analysis, GC patients have distinctive serum N-glycan patterns including the high-mannose-type glycans, glycans with one complex type antenna, bigalactosylated biantennary glycans, and nongalactosylated biantennary glycans [41].
PID:0001516_1	1	2	haptoglobin	UPKB:P00738	protein	altered level of high-mannose-type glycans on haptoglobin	gastric cancer	DOID:10534	diagnostic	serum	UBERON:0001977	PubMed:28052004	It was found that, by MS analysis, GC patients have distinctive serum N-glycan patterns including the high-mannose-type glycans, glycans with one complex type antenna, bigalactosylated biantennary glycans, and nongalactosylated biantennary glycans [41].
PID:0001634_0	1	1	high-mannose-type N-glycans	bGSL:bd55e967-56fc-57a8-a669-0f45c0eb9a21	glycan	increased level of high-mannose-type N-glycans on hemagglutinin	influenza virus infection	DOID:8469	response	human dendritic cells	CL:0000451	PubMed:27099319	Our results show that high-mannose-type and single-GlcNAc-type N-glycans, but not complex-type N-glycans, are capable of inducing more active hIL12 p40, hIL12 p70, and hIL-10 production in human DCs. | Significantly higher HLA-DR, CD40, CD83, and CD86 expression levels, as well reduced endocytotic capacity in human DCs, were noted in the high-mannose-type rH1HA and single-GlcNAc-type rH1HA groups than in the complex-type N-glycan rH1HA group. | The high-mannose-type or single-GlcNAc-type N-glycans of both avian and human HA types are more stimulatory than the complex-type N-glycans. | High-mannose-type and single-GlcNAc-type N-glycans were more effective than complex-type N-glycans in triggering mouse and human DC activation and maturation.
PID:0001634_0	1	2	hemagglutinin		protein	increased level of high-mannose-type N-glycans on hemagglutinin	influenza virus infection	DOID:8469	response	human dendritic cells	CL:0000451	PubMed:27099319	Our results show that high-mannose-type and single-GlcNAc-type N-glycans, but not complex-type N-glycans, are capable of inducing more active hIL12 p40, hIL12 p70, and hIL-10 production in human DCs. | Significantly higher HLA-DR, CD40, CD83, and CD86 expression levels, as well reduced endocytotic capacity in human DCs, were noted in the high-mannose-type rH1HA and single-GlcNAc-type rH1HA groups than in the complex-type N-glycan rH1HA group. | The high-mannose-type or single-GlcNAc-type N-glycans of both avian and human HA types are more stimulatory than the complex-type N-glycans. | High-mannose-type and single-GlcNAc-type N-glycans were more effective than complex-type N-glycans in triggering mouse and human DC activation and maturation.
PID:0002033_0	1	1	high-mannose type glycans	bGSL:bd55e967-56fc-57a8-a669-0f45c0eb9a21	glycan	decreased level of high-mannose type glycans	gastric cancer	DOID:10534	diagnostic	serum	UBERON:0001977	PubMed:24327722	Generally, decreased levels of high-mannose type glycans, glycans with one complex type antenna, bigalactosylated biantennary glycans, and increased levels of non-galactosylated biantennary glycans were observed in gastric cancer cases. | While the high-mannose type glycans, glycans with one complex type antenna and bigalactosylated biantennary glycans show decreased levels in GC cases compared to NAG, increased levels of non-galactosylated biantennary glycans are observed in GC cases.
PID:0002746_0	1	1	high-mannose N-glycan	bGSL:bd55e967-56fc-57a8-a669-0f45c0eb9a21	glycan	increased level of high-mannose N-glycan on beta-glucuronidase	hepatocellular carcinoma	DOID:684	diagnostic	serum	UBERON:0001977	PubMed:19764807	The high mannose glycan at MW 1580 could be enzymatically released from a research anticancer target beta-glucuronidase (hCG)34,35 and a successful anticancer target cytochrome P450.34,36 Glycan at MW 2187 could be released from a research anticancer target chorionic gonadotrophin. | 34,37 The expressions of these two glycans were gradually increased from healthy people, CLD to HCC cases (Figure 3), implicating possibly important involvement of these two glycans and their associated glycoproteins in the HCC progression.
PID:0002746_0	1	2	beta-glucuronidase	UPKB:P04080	protein	increased level of high-mannose N-glycan on beta-glucuronidase	hepatocellular carcinoma	DOID:684	diagnostic	serum	UBERON:0001977	PubMed:19764807	The high mannose glycan at MW 1580 could be enzymatically released from a research anticancer target beta-glucuronidase (hCG)34,35 and a successful anticancer target cytochrome P450.34,36 Glycan at MW 2187 could be released from a research anticancer target chorionic gonadotrophin. | 34,37 The expressions of these two glycans were gradually increased from healthy people, CLD to HCC cases (Figure 3), implicating possibly important involvement of these two glycans and their associated glycoproteins in the HCC progression.
PID:0002846_5	1	1	high-mannose N-glycan	bGSL:bd55e967-56fc-57a8-a669-0f45c0eb9a21	glycan	increased level of high-mannose N-glycan	hepatocellular carcinoma	DOID:684	diagnostic	serum	UBERON:0001977	PubMed:19223512	Similarly, three of five high-mannose structures increased in CLD, and four of five further increased in HCC.
PID:0002960_0	1	1	High-mannose	bGSL:bd55e967-56fc-57a8-a669-0f45c0eb9a21	glycan	increased level of High-mannose	head and neck tumor	DOID:11934	diagnostic	serum	UBERON:0001977	PubMed:18353675	Significant differences between samples were observed with respect to the abundances of high mannose and hybrid glycans. | These oligosaccharides showed higher relative intensities in the spectra obtained from the cancer sera.
PID:0003003_0	1	1	high-mannose N-glycans	bGSL:bd55e967-56fc-57a8-a669-0f45c0eb9a21	glycan	decreased level of high-mannose N-glycans on fibronectin	prostatic cancer	DOID:10283	diagnostic	serum	UBERON:0001977	PubMed:18776591	Two BPH sera pools and three PCa sera pools were used as the FN source. | As for glycosylation the ratio of altogether lectin-reactive PCa FN was different from that of BPH FN manifested as a decrease of Con A- and an increase of LCA-reactive moieties.
PID:0003003_0	1	2	fibronectin	UPKB:P02751	protein	decreased level of high-mannose N-glycans on fibronectin	prostatic cancer	DOID:10283	diagnostic	serum	UBERON:0001977	PubMed:18776591	Two BPH sera pools and three PCa sera pools were used as the FN source. | As for glycosylation the ratio of altogether lectin-reactive PCa FN was different from that of BPH FN manifested as a decrease of Con A- and an increase of LCA-reactive moieties.
PID:0000082_0	1	1	G2	bGSL:be84bc46-f54e-4622-8163-c101eea0f8d0	glycan	altered level of G2 on IgG	echinococcosis	DOID:1496	diagnostic	serum	UBERON:0001977	PubMed:40200705	The relative quantification of IgG digalactosylated (G2), monogalactosylated (G1), and agalactosylated (G0) N-glycans with the formula G0/(G1 + G2 × 2) (IgG Gal-ratio) was obtained and found to effectively distinguish between echinococcosis patients, CE and AE patients, and healthy controls, respectively.
PID:0000082_0	1	2	IgG		protein	altered level of G2 on IgG	echinococcosis	DOID:1496	diagnostic	serum	UBERON:0001977	PubMed:40200705	The relative quantification of IgG digalactosylated (G2), monogalactosylated (G1), and agalactosylated (G0) N-glycans with the formula G0/(G1 + G2 × 2) (IgG Gal-ratio) was obtained and found to effectively distinguish between echinococcosis patients, CE and AE patients, and healthy controls, respectively.
PID:0000371_1	1	1	G2	bGSL:be84bc46-f54e-4622-8163-c101eea0f8d0	glycan	altered level of G2 on IgG	nonproliferative diabetic retinopathy	DOID:13208	diagnostic	serum	UBERON:0001977	PubMed:37364630	DSIgG1 G1FN/G0FN, G2N/G2, G2FN/G2N and DSIgG2 G1F/G0F, G1FN/G0FN, G2N/G1N, G2S/G2 were significantly different between NDR and NPDR patients (p < 0.05) in both the discovery and validation sets. | DSIgG Fc N-glycosylation ratios were associated with NPDR and can be used as potential biomarkers for the early diagnosis of DR.
PID:0000371_1	1	2	IgG		protein	altered level of G2 on IgG	nonproliferative diabetic retinopathy	DOID:13208	diagnostic	serum	UBERON:0001977	PubMed:37364630	DSIgG1 G1FN/G0FN, G2N/G2, G2FN/G2N and DSIgG2 G1F/G0F, G1FN/G0FN, G2N/G1N, G2S/G2 were significantly different between NDR and NPDR patients (p < 0.05) in both the discovery and validation sets. | DSIgG Fc N-glycosylation ratios were associated with NPDR and can be used as potential biomarkers for the early diagnosis of DR.
PID:0000082_2	1	1	G0	bGSL:bf0e78e7-7656-5f66-8677-a96d59743cfe	glycan	altered level of G0 on IgG	echinococcosis	DOID:1496	diagnostic	serum	UBERON:0001977	PubMed:40200705	The relative quantification of IgG digalactosylated (G2), monogalactosylated (G1), and agalactosylated (G0) N-glycans with the formula G0/(G1 + G2 × 2) (IgG Gal-ratio) was obtained and found to effectively distinguish between echinococcosis patients, CE and AE patients, and healthy controls, respectively.
PID:0000082_2	1	2	IgG		protein	altered level of G0 on IgG	echinococcosis	DOID:1496	diagnostic	serum	UBERON:0001977	PubMed:40200705	The relative quantification of IgG digalactosylated (G2), monogalactosylated (G1), and agalactosylated (G0) N-glycans with the formula G0/(G1 + G2 × 2) (IgG Gal-ratio) was obtained and found to effectively distinguish between echinococcosis patients, CE and AE patients, and healthy controls, respectively.
PID:0000908_0	1	1	G0	bGSL:bf0e78e7-7656-5f66-8677-a96d59743cfe	glycan	increased level of G0 on IgG	rheumatoid arthritis	DOID:7148	diagnostic	serum	UBERON:0001977	PubMed:32192063	A high level of IgG that lacks terminal galactose (IgG G0) was observed in patients with RA, which is in line with previous studies reported for other immune diseases [13,19,20].
PID:0000908_0	1	2	IgG		protein	increased level of G0 on IgG	rheumatoid arthritis	DOID:7148	diagnostic	serum	UBERON:0001977	PubMed:32192063	A high level of IgG that lacks terminal galactose (IgG G0) was observed in patients with RA, which is in line with previous studies reported for other immune diseases [13,19,20].
PID:0001582_0	1	1	G0	bGSL:bf0e78e7-7656-5f66-8677-a96d59743cfe	glycan	increased level of G0 on IgG	Human immunodeficiency virus infection	DOID:526	diagnostic	plasma	UBERON:0001969	PubMed:26960182	Moreover, the Ab glycan varies widely with age, sex, and autoimmune diseases (24), and significant changes in IgG glycosylation have been observed in HIV infection, marked by the accumulation of high levels of agalactosylated Abs (19, 25), also observed in active rheumatoid arthritis (RA) flares (26). | A significant positive correlation was observed between MUC16 binding and G0 glycan levels across the entire population (Fig. 3B). | While G0-containing Abs are enriched in HIV and RA patients compared to healthy subjects, G0-Abs are less abundant than G1 and G2 Abs in HIV+ subjects (Fig. S3), suggesting that G0-Abs preferentially bind to MUC16. | Moreover, although healthy patients show less binding to MUC16 relative to HIV+ donors (Fig. 1B), the abundance of G0-containing Abs also correlates with enhanced MUC16 binding in a healthy cohort (Fig. 3B, bottom panel), consistent with a role for G0 glycosylation in the selective tuning of MUC16 binding, regardless of patient population. mAb glycosylation varies due to differences in the host expression cell line (28), and as VRC01 bound better than RTX to MUC16 (Fig. 2B), we determined the relative percentage of G0, G1, and G2 glycan structures on these mAbs. | Interestingly, the enhanced MUC16 binding with VRC01 was linked to higher G0 glycosylation whereas lower MUC16 binding and lower G0 glycosylation with RTX (Fig. 3C).
PID:0001582_0	1	2	IgG		protein	increased level of G0 on IgG	Human immunodeficiency virus infection	DOID:526	diagnostic	plasma	UBERON:0001969	PubMed:26960182	Moreover, the Ab glycan varies widely with age, sex, and autoimmune diseases (24), and significant changes in IgG glycosylation have been observed in HIV infection, marked by the accumulation of high levels of agalactosylated Abs (19, 25), also observed in active rheumatoid arthritis (RA) flares (26). | A significant positive correlation was observed between MUC16 binding and G0 glycan levels across the entire population (Fig. 3B). | While G0-containing Abs are enriched in HIV and RA patients compared to healthy subjects, G0-Abs are less abundant than G1 and G2 Abs in HIV+ subjects (Fig. S3), suggesting that G0-Abs preferentially bind to MUC16. | Moreover, although healthy patients show less binding to MUC16 relative to HIV+ donors (Fig. 1B), the abundance of G0-containing Abs also correlates with enhanced MUC16 binding in a healthy cohort (Fig. 3B, bottom panel), consistent with a role for G0 glycosylation in the selective tuning of MUC16 binding, regardless of patient population. mAb glycosylation varies due to differences in the host expression cell line (28), and as VRC01 bound better than RTX to MUC16 (Fig. 2B), we determined the relative percentage of G0, G1, and G2 glycan structures on these mAbs. | Interestingly, the enhanced MUC16 binding with VRC01 was linked to higher G0 glycosylation whereas lower MUC16 binding and lower G0 glycosylation with RTX (Fig. 3C).
PID:0001582_1	1	1	G0	bGSL:bf0e78e7-7656-5f66-8677-a96d59743cfe	glycan	decreased level of G0 on IgG	Influenza infection	DOID:8469	diagnostic	plasma	UBERON:0001969	PubMed:26960182	To determine if Abs generated in other viral infections also exhibit amplified binding to MUC16, we examined the capacity of Abs induced during acute influenza infection or chronic hepatitis C virus (HCV) infection to bind to MUC16. | Enhanced MUC16 binding was not observed in subjects with acute influenza infection or chronic HCV infection (Fig. 1H). | Interestingly, Abs from influenza and HCV infection exhibit lower levels of agalactosylation (Fig. S1), supporting the hypothesis that differential Fc glycosylation may modulate enhanced MUC16 binding.
PID:0001582_1	1	2	IgG		protein	decreased level of G0 on IgG	Influenza infection	DOID:8469	diagnostic	plasma	UBERON:0001969	PubMed:26960182	To determine if Abs generated in other viral infections also exhibit amplified binding to MUC16, we examined the capacity of Abs induced during acute influenza infection or chronic hepatitis C virus (HCV) infection to bind to MUC16. | Enhanced MUC16 binding was not observed in subjects with acute influenza infection or chronic HCV infection (Fig. 1H). | Interestingly, Abs from influenza and HCV infection exhibit lower levels of agalactosylation (Fig. S1), supporting the hypothesis that differential Fc glycosylation may modulate enhanced MUC16 binding.
PID:0000540_1	1	1	Core 3 O-glycan	bGSL:bf830cb7-4464-4a6d-bc6e-bde254b86ad3	glycan	increased level of Core 3 O-glycan	equine osteoarthritis	DOID:8398	diagnostic	synovial fluid	UBERON:0001090	PubMed:33587757	Lectin microarrays identified distinct glycosylation patterns between healthy and OA synovial fluid, including increased Core 1/Core 3 O-glycosylation, increased α−2,3 sialylation and decreased α−1,2 fucosylation in OA. | Lectin microarrays demonstrated differences in glycosylation patterns between OA and healthy synovial fluid samples. | There were three notable changes in glycosylation identified by lectin microarrays (Figure 4B): increased Core 1/Core 3 O-glycosylation (lectins: MNA-M, MNA-G, AIA and MPA), increased α−2,3 sialylation (diCBM40, SK1, SLBR-B) and decreased α−1,2 fucosylation (TJA-II).
PID:0001377_0	1	1	core 3	bGSL:bf830cb7-4464-4a6d-bc6e-bde254b86ad3	glycan	decreased level of core 3	colorectal cancer	DOID:9256	prognostic	tumor tissue	UBERON:0000479	PubMed:28745318	In this study, we found that the reduced expression of core 3 synthase correlated with metastasis to lymph nodes and distant organs, resulting in poor prognosis for colorectal cancer (CRC) patients.
PID:0001377_1	1	1	core 3	bGSL:bf830cb7-4464-4a6d-bc6e-bde254b86ad3	glycan	altered level of core 3	colorectal cancer	DOID:9256	prognostic	tumor tissue	UBERON:0000479	PubMed:28745318	In this study, we found that the reduced expression of core 3 synthase correlated with metastasis to lymph nodes and distant organs, resulting in poor prognosis for colorectal cancer (CRC) patients.
PID:0001464_1	1	1	fucosylated di-sialylated bi-antennary glycan	bGSL:c2ff1832-e1db-4219-ab3a-29577304f83d	glycan	increased level of fucosylated di-sialylated bi-antennary glycan	oral squamous cell carcinoma	DOID:0050866	diagnostic	serum	UBERON:0001977	PubMed:28594851	We found that the relative abundance of fucosylated di-sialylated bi-antennary glycan (m/z = 2966.47) and fucosylated tetra-sialylated tetra-antennary glycan (m/z = 4587.27) were increased in the serum sample of OSCC with lymphatic metastasis compared with other OSCC patients (S3 Fig).
PID:0002960_2	1	1	fucosylated biantennary disialylated oligosaccharide	bGSL:c2ff1832-e1db-4219-ab3a-29577304f83d	glycan	increased level of fucosylated biantennary disialylated oligosaccharide	head and neck tumor	DOID:11934	diagnostic	serum	UBERON:0001977	PubMed:18353675	Complex sialylated oligosaccharides had similar abundances in both types of sera, with the exception of fucosylated biantennary disialylated oligosaccharide, which was mostly detected with lower abundance in control samples.
PID:0002146_1	1	1	bisecting bi-antennary N-glycan	bGSL:c453bc0a-a177-5fa0-b20d-23636ce0200e	glycan	decreased level of bisecting bi-antennary N-glycan on CA125	ovarian cancer	DOID:2394	diagnostic	serum	UBERON:0001977	PubMed:23896595	These include increases in core-fucosylated bi-antennary monosialylated glycans, as well as decreases in mostly bisecting bi-antennary and non-fucosylated glycans in patients compared to controls. | Core-fucosylated bi-antennary monosialylated glycans were increased and mostly bisecting bi-antennary and non-fucosylated glycans were decreased in patients compared to controls.
PID:0002146_1	1	2	CA125		protein	decreased level of bisecting bi-antennary N-glycan on CA125	ovarian cancer	DOID:2394	diagnostic	serum	UBERON:0001977	PubMed:23896595	These include increases in core-fucosylated bi-antennary monosialylated glycans, as well as decreases in mostly bisecting bi-antennary and non-fucosylated glycans in patients compared to controls. | Core-fucosylated bi-antennary monosialylated glycans were increased and mostly bisecting bi-antennary and non-fucosylated glycans were decreased in patients compared to controls.
PID:0004092_1	1	1	nonfucosylated biantennary N-linked structure	bGSL:c8af37cc-f74c-4674-9d04-342c4fc95dc4	glycan	decreased level of nonfucosylated biantennary N-linked structure on Human chorionic gonadotropin	Choriocarcinoma	DOID:3594	diagnostic	Urine	UBERON:0001088	PubMed:9449027	In choriocarcinoma alpha-subunit, the level of fucosylated biantennary increased, offset by a parallel decrease in the predominant biantennary structure of normal pregnancy (P < 0.0001). | For hCG from individual diabetic pregnancy, the principal N-linked structure (34.7%) was consistent with a biantennary oligosaccharide previously reported only in carcinoma; and sialylation of both N- and O-linked antennae was significantly decreased compared to that of normal pregnancy.
PID:0004092_1	1	2	Human chorionic gonadotropin		protein	decreased level of nonfucosylated biantennary N-linked structure on Human chorionic gonadotropin	Choriocarcinoma	DOID:3594	diagnostic	Urine	UBERON:0001088	PubMed:9449027	In choriocarcinoma alpha-subunit, the level of fucosylated biantennary increased, offset by a parallel decrease in the predominant biantennary structure of normal pregnancy (P < 0.0001). | For hCG from individual diabetic pregnancy, the principal N-linked structure (34.7%) was consistent with a biantennary oligosaccharide previously reported only in carcinoma; and sialylation of both N- and O-linked antennae was significantly decreased compared to that of normal pregnancy.
PID:0004458_2	1	1	A antigen	bGSL:c98c2556-4954-4c81-bf75-73ad5299e18a	glycan	decreased level of A antigen	pleomorphic adenoma	DOID:452	diagnostic	tissue section	UBERON:0000479	PubMed:8389564	Furthermore, the tumors showed loss of A antigen.
PID:0004074_0	1	1	core 2	bGSL:ca236d51-3a64-4e03-acc2-f15ecaca0569	glycan	increased level of core 2	Wiskott-Aldrich syndrome	DOID:9169	diagnostic	T lymphocytes	CL:0000084	PubMed:9351819	Since the expression of C2GnT is highly regulated during T-cell development and increases in pathological conditions such as the Wiskott-Aldrich syndrome, we have generated transgenic mice overexpressing C2GnT in the T-cell lineage. | Surprisingly, T lymphocytes in the transgenic mice develop normally, but they exhibit a reduced immune response when assayed by delayed-type hypersensitivity, proliferation upon stimulation and cytokine production. | These results indicate that overexpression of the core 2 branched O-glycans in T lymphocytes results in reduced immune responses due to impaired cell-cell interaction. | Such an impaired immune response may be one of the causes for immunodeficiency in the Wiskott-Aldrich syndrome.
PID:0000197_0	1	1	Lewis antigen	bGSL:cabb56b2-34c2-5250-be10-65af64594104	glycan	absence of Lewis antigen	pancreatic ductal adenocarcinoma	DOID:3498	prognostic	serum	UBERON:0001977	PubMed:39285510	CA19‐9 cannot be detected in patients with Lewis‐antigen negative pancreatic cancer, who comprise approximately 10% of the total population.
PID:0000208_0	1	1	Terminal GalNAc glycotope	bGSL:cd483672-3ab7-5734-a40a-b489a133c301	glycan	altered level of Terminal GalNAc glycotope	hepatocellular carcinoma	DOID:684	prognostic	preoperative serum	UBERON:0001977	PubMed:39382267	In this study, we observed that altered serum levels of glycotopes of GalNAc and GlcNAc were significantly associated with tumor size, pTNM, distant metastasis, and BCLC stage and PLT. | We compared serum changes of lectin‐based glycans and clinicopathological characteristics of the HCC patients and found that changes of the lectins‐specific glycans were associated with progression and tumor invasion in the HCC patients. of which, terminal GalNAc glycotope, which is VVL, PNA, and SNA recognizable, participates in O‐glycosylation of proteins. | We observed that the HCC patients with high expression of VVL‐specific glycans in preoperative serum benefited a longer OS time (log‐rank test, p = 0.016, HR: 0.460, 95% CI: 0.237–0.892, Figure 3A) and a better PFS time (log‐rank test, p = 0.004, HR: 0.435, 95% CI: 0.237–0.799, Figure 3B). | More impressively, we found that DSA, PNA, SNA, and PHA‐I, binders of terminal GalNAc glycotope and triantennary and tetra‐antennary N‐glycans, were significantly related to BCLC stage in the HCC patients (p = 0.012 − p = 0.050).
PID:0000518_0	1	1	terminal GalNAc	bGSL:cd483672-3ab7-5734-a40a-b489a133c301	glycan	increased level of terminal GalNAc on IgA1	IgA nephropathy	DOID:2986	diagnostic	serum	UBERON:0001977	PubMed:35563555	In the validation study, serum WFA-reactive IgA1 (WFA+-IgA1) differed significantly between healthy control subjects and IgAN patients. | The WFA signal increased significantly in IgA1 derived from IgAN patients compared with that in HCs (Figure 2c). | Serum WFA+-IgA1 levels were significantly different between HCs and IgAN patients (p < 0.05).
PID:0000518_0	1	2	IgA1	UPKB:A0A4P8J2A5	protein	increased level of terminal GalNAc on IgA1	IgA nephropathy	DOID:2986	diagnostic	serum	UBERON:0001977	PubMed:35563555	In the validation study, serum WFA-reactive IgA1 (WFA+-IgA1) differed significantly between healthy control subjects and IgAN patients. | The WFA signal increased significantly in IgA1 derived from IgAN patients compared with that in HCs (Figure 2c). | Serum WFA+-IgA1 levels were significantly different between HCs and IgAN patients (p < 0.05).
PID:0000611_1	1	1	GD1a	bGSL:ce08ddcb-1567-5caa-9ad2-9c2209277bcc	glycan	altered level of GD1a	medullary thyroid carcinoma	DOID:3973	diagnostic	tumor tissue	UBERON:0000479	PubMed:34638800	Sulfatide and the gangliosides GM3 and GD1a were also present. | The GM3 ganglioside with sphingosine and 16:0 fatty acid was characterized by MS2 of the singly charged molecular ion at m/z 1151 (Figure 2C), and the GD1a ganglioside with sphingosine and 24:1 fatty acid was identified by MS2 of the doubly charged molecular ion at m/z 959 (Figure 2E).
PID:0000297_0	1	1	LacdiNAc	bGSL:cea1d668-1fe6-50d0-9982-477ee729a810	glycan	altered level of LacdiNAc on fPSA	prostate cancer	DOID:10283	diagnostic	serum	UBERON:0001977	PubMed:38498504	In the present study, we confirmed that two glycoforms of fPSA recognised by WFL, (fPSAWFL) and PHA-E (fPSAPHA-E), lectins that bind to N-acetyl sugar residues GalNAc, LacdiNAc and bisecting GlcNAc, are highly cancer-specific, hence are useful in distinguishing malignant from benign cases, particularly in the PSA grey-zone (tPSA level in the range of 2 to 10 ng mL-1).
PID:0000297_0	1	2	fPSA		protein	altered level of LacdiNAc on fPSA	prostate cancer	DOID:10283	diagnostic	serum	UBERON:0001977	PubMed:38498504	In the present study, we confirmed that two glycoforms of fPSA recognised by WFL, (fPSAWFL) and PHA-E (fPSAPHA-E), lectins that bind to N-acetyl sugar residues GalNAc, LacdiNAc and bisecting GlcNAc, are highly cancer-specific, hence are useful in distinguishing malignant from benign cases, particularly in the PSA grey-zone (tPSA level in the range of 2 to 10 ng mL-1).
PID:0000784_0	1	1	LacdiNAc	bGSL:cea1d668-1fe6-50d0-9982-477ee729a810	glycan	altered level of LacdiNAc	ovarian carcinoma	DOID:4001	diagnostic	tissue microarray	UBERON:0000479	PubMed:33243933	This glycomotif has been previously found on cancer-associated glycoepitopes such as globotetraose (Gb4, P)42 and LadiNAc. | However, similar glycan structures such as the LacdiNAc-type (GalNAcβ1-4GlcNAc) motifs and the P antigen (Gb4) have previously been identified in ovarian cancer tissue.
PID:0000940_0	1	1	LacdiNAc	bGSL:cea1d668-1fe6-50d0-9982-477ee729a810	glycan	increased level of LacdiNAc on Prostate-Specific Antigen	Prostate Cancer	DOID:10283	diagnostic	serum	UBERON:0001977	PubMed:31711843	The AUCs of LDN-PSA, LDN-PSAD, and PSAD levels (0.780, 0.848, and 0.835, respectively) detected in patients with PCa were significantly higher (P = . | 0001, P < . | 0001, and P < . | 0001, respectively) than that of PSA (0.590). | Moreover, among 143 patients with PCa who received radical prostatectomy (RP), the AUCs of LDN-PSA, LDN-PSAD, and PSAD levels (0.750, 0.812, and 0.769, respectively) detected in patients with a pathologic Gleason grade group ≥ 2 were significantly higher (P = .
PID:0000940_0	1	2	Prostate-Specific Antigen		protein	increased level of LacdiNAc on Prostate-Specific Antigen	Prostate Cancer	DOID:10283	diagnostic	serum	UBERON:0001977	PubMed:31711843	The AUCs of LDN-PSA, LDN-PSAD, and PSAD levels (0.780, 0.848, and 0.835, respectively) detected in patients with PCa were significantly higher (P = . | 0001, P < . | 0001, and P < . | 0001, respectively) than that of PSA (0.590). | Moreover, among 143 patients with PCa who received radical prostatectomy (RP), the AUCs of LDN-PSA, LDN-PSAD, and PSAD levels (0.750, 0.812, and 0.769, respectively) detected in patients with a pathologic Gleason grade group ≥ 2 were significantly higher (P = .
PID:0001043_0	1	1	LacdiNAc	bGSL:cea1d668-1fe6-50d0-9982-477ee729a810	glycan	increased level of LacdiNAc on prostate-specific antigen	prostate cancer	DOID:10283	diagnostic	serum	UBERON:0001977	PubMed:31145522	In the Pbx cohort, LDN‐PSAD levels in CSPC (median, 5.58 mU/mL/cm3, [interquartile range (IQR) 3.10‐13.70]) and LDN‐PSA levels in CSPC (median, 150.7 mU/mL [89.6‐326.6]) were significantly higher than those in biopsy negative men (median, 1.70 mU/mL/cm3 [1.12‐2.58] and median, 67.2 mU/mL [50.5‐91.0], respectively) and ASPC (median, 1.78 mU/mL/cm3 [1.77‐2.80] and median, 76.7 mU/mL [56.5‐90.1], respectively), whereas F/T PSA could not clearly discriminate ASPC from CSPC (Figure 2A, Table 1). | The preoperative LDN‐PSA levels were positively correlated with tumor volume (Spearman correlation coefficient 0.456; 95% CI, 0.322‐0.572, P < 0.0001) and tPSA (0.553; 95% CI, 0.430‐0.655, P < 0.0001). | We found that the gene expression of β4GALNT4 and LDN‐PSA/tPSA level was increased in Gleason pattern 4 and 5 tissues compared to benign (Figure 5B,C, Table 5). | Levels of LDN‐PSA at GS 3 + 4 (median, 64.0 mU/mL [IQR 52.1‐98.6]), GS 4 + 3 (median, 82.5 mU/mL [56.7‐126.2]), GS 8 (median, 166.2 mU/mL [150.6‐181.8]), and GS 9 (median, 144.3 mU/mL [92.4‐269.7]) were higher than those in patients with GS 6 (median, 48.7 mU/mL [42.0‐65.0]), whereas tPSA and F/T PSA did not clearly discriminate PC GS 6 patients from PC GS ≥ 7 patients (Figure 4B). | The LDN‐PSA levels in pT3 patients (median, 102.3 mU/mL [72.0‐174.5]) were also significantly higher than those in patients with pT2ab (median, 59.9 mU/mL [49.0‐111.8]) and pT2c (median, 70.3 mU/mL [54.8‐92.0]), whereas the tPSA test could not clearly discriminate between patients with pT3 and pT2 (Figure 4C).
PID:0001043_0	1	2	prostate-specific antigen	UPKB:P01024	protein	increased level of LacdiNAc on prostate-specific antigen	prostate cancer	DOID:10283	diagnostic	serum	UBERON:0001977	PubMed:31145522	In the Pbx cohort, LDN‐PSAD levels in CSPC (median, 5.58 mU/mL/cm3, [interquartile range (IQR) 3.10‐13.70]) and LDN‐PSA levels in CSPC (median, 150.7 mU/mL [89.6‐326.6]) were significantly higher than those in biopsy negative men (median, 1.70 mU/mL/cm3 [1.12‐2.58] and median, 67.2 mU/mL [50.5‐91.0], respectively) and ASPC (median, 1.78 mU/mL/cm3 [1.77‐2.80] and median, 76.7 mU/mL [56.5‐90.1], respectively), whereas F/T PSA could not clearly discriminate ASPC from CSPC (Figure 2A, Table 1). | The preoperative LDN‐PSA levels were positively correlated with tumor volume (Spearman correlation coefficient 0.456; 95% CI, 0.322‐0.572, P < 0.0001) and tPSA (0.553; 95% CI, 0.430‐0.655, P < 0.0001). | We found that the gene expression of β4GALNT4 and LDN‐PSA/tPSA level was increased in Gleason pattern 4 and 5 tissues compared to benign (Figure 5B,C, Table 5). | Levels of LDN‐PSA at GS 3 + 4 (median, 64.0 mU/mL [IQR 52.1‐98.6]), GS 4 + 3 (median, 82.5 mU/mL [56.7‐126.2]), GS 8 (median, 166.2 mU/mL [150.6‐181.8]), and GS 9 (median, 144.3 mU/mL [92.4‐269.7]) were higher than those in patients with GS 6 (median, 48.7 mU/mL [42.0‐65.0]), whereas tPSA and F/T PSA did not clearly discriminate PC GS 6 patients from PC GS ≥ 7 patients (Figure 4B). | The LDN‐PSA levels in pT3 patients (median, 102.3 mU/mL [72.0‐174.5]) were also significantly higher than those in patients with pT2ab (median, 59.9 mU/mL [49.0‐111.8]) and pT2c (median, 70.3 mU/mL [54.8‐92.0]), whereas the tPSA test could not clearly discriminate between patients with pT3 and pT2 (Figure 4C).
PID:0001143_1	1	1	LacdiNAc	bGSL:cea1d668-1fe6-50d0-9982-477ee729a810	glycan	increased level of LacdiNAc	Prostate cancer	DOID:10283	diagnostic	tissue	UBERON:0000479	PubMed:30669833	Lectin histochemical staining analysis also showed that PCa cells overexpressed glycoproteins containing LacdiNAc and sialic acids moieties.
PID:0001501_2	1	1	LacdiNAc	bGSL:cea1d668-1fe6-50d0-9982-477ee729a810	glycan	altered level of LacdiNAc on HEG1	malignant mesothelioma	DOID:1790	diagnostic	tissue	UBERON:0000479	PubMed:28361969	Furthermore, we found that HEG1 on mesothelioma cells contains a unique LacdiNAc structure. | We expect that a more accurate diagnosis of MM will become possible by combining detection of SKM9-2 antigen with that of the LacdiNAc modification on HEG1. | Although SKM9-2 antigen was not detected in major organs (Fig. 1c), HEG1 mRNA was observed in the heart and the lung (Fig. 3c and b, lower panel).
PID:0001501_2	1	2	HEG1	UPKB:L8ECI8	protein	altered level of LacdiNAc on HEG1	malignant mesothelioma	DOID:1790	diagnostic	tissue	UBERON:0000479	PubMed:28361969	Furthermore, we found that HEG1 on mesothelioma cells contains a unique LacdiNAc structure. | We expect that a more accurate diagnosis of MM will become possible by combining detection of SKM9-2 antigen with that of the LacdiNAc modification on HEG1. | Although SKM9-2 antigen was not detected in major organs (Fig. 1c), HEG1 mRNA was observed in the heart and the lung (Fig. 3c and b, lower panel).
PID:0001528_0	1	1	LacdiNAc	bGSL:cea1d668-1fe6-50d0-9982-477ee729a810	glycan	increased level of LacdiNAc on prostate-specific antigen	prostate cancer	DOID:10283	diagnostic	serum	UBERON:0001977	PubMed:28134773	Fukushima et al. demonstrated that PSA derived from PCa serum and culture supernatant of LNCaP carries WFA-reactive LacdiNAc glycans; this is not the case for PSA derived from BPH serum [21] (Figure 1).
PID:0001528_0	1	2	prostate-specific antigen	UPKB:P07288	protein	increased level of LacdiNAc on prostate-specific antigen	prostate cancer	DOID:10283	diagnostic	serum	UBERON:0001977	PubMed:28134773	Fukushima et al. demonstrated that PSA derived from PCa serum and culture supernatant of LNCaP carries WFA-reactive LacdiNAc glycans; this is not the case for PSA derived from BPH serum [21] (Figure 1).
PID:0003799_1	1	1	LacdiNAc	bGSL:cea1d668-1fe6-50d0-9982-477ee729a810	glycan	altered level of LacdiNAc	Schistosoma mansoni infection	DOID:1395	diagnostic	various stages of Schistosoma mansoni	UBERON:0000105	PubMed:10814702	We report here that fucosylated epitopes such as Lewis(x), LacdiNAc, fucosylated LacdiNAc (LDN-F) and GalNAcbeta1-4(Fucalpha1-2Fucalpha1-3)GlcNAc (LDN-DF) are expressed by schistosomes throughout their life cycle. | The LacdiNAc epitope was expressed on the tegument of adult worms, on miracidia, and on the oral sucker of cercariae.
PID:0000784_1	1	1	P antigen (Gb4)	bGSL:cf106ff8-f5cf-494a-a7bd-47029cde0d2b	glycan	altered level of P antigen (Gb4)	ovarian carcinoma	DOID:4001	diagnostic	tissue microarray	UBERON:0000479	PubMed:33243933	This glycomotif has been previously found on cancer-associated glycoepitopes such as globotetraose (Gb4, P)42 and LadiNAc. | However, similar glycan structures such as the LacdiNAc-type (GalNAcβ1-4GlcNAc) motifs and the P antigen (Gb4) have previously been identified in ovarian cancer tissue.
PID:0000531_0	1	1	hybrid type glycans	bGSL:d4bdcdc4-b702-5263-b380-9175249b1ed6	glycan	increased level of hybrid type glycans	colorectal cancer	DOID:9256	diagnostic	serum	UBERON:0001977	PubMed:35064597	Serum levels of hybrid type glycans were increased in patients with CRC compared with those with CRA (P < 0.001), and both hybrid-type and multi-antennary glycans were significantly increased in advanced cancer cases.
PID:0001241_0	1	1	Hybrid N-glycan	bGSL:d4bdcdc4-b702-5263-b380-9175249b1ed6	glycan	decreased level of Hybrid N-glycan	Inflammatory Bowel Disease	DOID:0050589	diagnostic	plasma	UBERON:0001969	PubMed:29792883	Plasma samples from patients with IBD had a higher abundance of large-size glycans compared with controls, a decreased relative abundance of hybrid and high-mannose structures, lower fucosylation, lower galactosylation, and higher sialylation (α2,3- and α2,6-linked).
PID:0002960_1	1	1	Hybrid	bGSL:d4bdcdc4-b702-5263-b380-9175249b1ed6	glycan	increased level of Hybrid	head and neck tumor	DOID:11934	diagnostic	serum	UBERON:0001977	PubMed:18353675	Significant differences between samples were observed with respect to the abundances of high mannose and hybrid glycans. | These oligosaccharides showed higher relative intensities in the spectra obtained from the cancer sera.
PID:0001495_2	1	1	Terminal sialylated tetra-antenna complex-type N-glycan	bGSL:d4e20de5-5097-44c5-962e-3223ceccf423	glycan	increased level of Terminal sialylated tetra-antenna complex-type N-glycan	germ-cell tumor	DOID:2994	diagnostic	serum	UBERON:0001977	PubMed:28317343	N‐glycan levels of complex‐type glycans were significantly increased in the GCT group (Figs. | 1B, C, D, E, and F). | Terminal sialylated bi‐antennary, tri‐antennary, and tetra‐antennary complex‐type N‐glycans were selected as GCT‐related N‐glycans. | Our data showed that tri‐antennary and tetra‐antennary complex glycans with terminal sialylation were increased in GCT patients, which was similar to castration‐resistant prostate cancer.
PID:0001582_5	1	1	G0FB	bGSL:d7978edc-a840-4dd1-93ad-aba587f95936	glycan	altered level of G0FB on IgG	Human immunodeficiency virus infection	DOID:526	diagnostic	plasma	UBERON:0001969	PubMed:26960182	MUC16 pull-down captured the G0F glycan structure most abundantly, followed by G1F, G2F, G0FB, and G1FB (Fig. 5A). | Calculation of the percentage enrichment of MUC16-bound Abs compared to the input HIVIG demonstrated that MUC16-bound Abs were enriched for G0F, G1F, G2F, G1FB, and G0FB but reduced for G0B, G1B, and G2B (Fig. 5B). | Moreover, collective analysis of total G0, G1, and G2 glycans (including all substructures +/− fucose, SA, and bisecting GlcNAc) demonstrated an enrichment of G0 structures in MUC16 bound Abs whereas G1 and G2 structures were reduced compared to input levels in HIV+ Abs (Fig. 5C). | Similarly, collective analysis of total glycan structures that include fucose and/or the bisecting GlcNAc highlight the preferential binding of all fucosylated Abs, but not afucosylated bisected glycosylated Abs (Fig. 5D). | Because fucose and the bisecting GlcNAc are typically (but not exclusively) added in a reciprocal order (36), reduced bisecting glycan binding may be related to a preferential interaction between MUC16 and fucosylated Abs.
PID:0001582_5	1	2	IgG		protein	altered level of G0FB on IgG	Human immunodeficiency virus infection	DOID:526	diagnostic	plasma	UBERON:0001969	PubMed:26960182	MUC16 pull-down captured the G0F glycan structure most abundantly, followed by G1F, G2F, G0FB, and G1FB (Fig. 5A). | Calculation of the percentage enrichment of MUC16-bound Abs compared to the input HIVIG demonstrated that MUC16-bound Abs were enriched for G0F, G1F, G2F, G1FB, and G0FB but reduced for G0B, G1B, and G2B (Fig. 5B). | Moreover, collective analysis of total G0, G1, and G2 glycans (including all substructures +/− fucose, SA, and bisecting GlcNAc) demonstrated an enrichment of G0 structures in MUC16 bound Abs whereas G1 and G2 structures were reduced compared to input levels in HIV+ Abs (Fig. 5C). | Similarly, collective analysis of total glycan structures that include fucose and/or the bisecting GlcNAc highlight the preferential binding of all fucosylated Abs, but not afucosylated bisected glycosylated Abs (Fig. 5D). | Because fucose and the bisecting GlcNAc are typically (but not exclusively) added in a reciprocal order (36), reduced bisecting glycan binding may be related to a preferential interaction between MUC16 and fucosylated Abs.
PID:0000412_1	1	1	Man5	bGSL:d7aaf087-4381-5ac9-889c-e4793293c978	glycan	increased level of Man5	atrial fibrillation	DOID:0060224	diagnostic	IgG	UBERON:0000178	PubMed:37189353	In addition, in the IgG N-glycomes, IGP5 (Man5), IGP9 (FA2[3]G1), IGP20 (structure not determined), and IGP21 (A2G2S2) were more abundant in the AF patients compared to the controls, while the opposite was observed for IGP6 (FA2B), IGP10 (FA2[6]BG1), and the bisecting structures.
PID:0000412_2	1	1	Man5	bGSL:d7aaf087-4381-5ac9-889c-e4793293c978	glycan	decreased level of Man5	atrial fibrillation	DOID:0060224	diagnostic	IgG	UBERON:0000178	PubMed:37189353	Thus, IGP5, IGP17 (A2G2S1), IGP20, and IGP21 decreased in abundance following the procedure.
PID:0001060_1	1	1	Man5	bGSL:d7aaf087-4381-5ac9-889c-e4793293c978	glycan	decreased level of Man5 on Complement C3	hepatocellular carcinoma	DOID:684	prognostic	plasma	UBERON:0001969	PubMed:31136099	Furthermore, when compared with the controls, all the patient groups had lower proportions of Hex5HexNAc2 (mannose‐5; Man5) and Hex6HexNAc3SA1 (hybrid) glycoforms.
PID:0001060_1	1	2	Complement C3		protein	decreased level of Man5 on Complement C3	hepatocellular carcinoma	DOID:684	prognostic	plasma	UBERON:0001969	PubMed:31136099	Furthermore, when compared with the controls, all the patient groups had lower proportions of Hex5HexNAc2 (mannose‐5; Man5) and Hex6HexNAc3SA1 (hybrid) glycoforms.
PID:0003725_0	1	1	Thomsen-Friedenreich (TF)	bGSL:5b6ede6e-9829-5690-a1a3-d1883b62d46d	glycan	altered level of Thomsen-Friedenreich (TF) on MUC1	gastric adenocarcinoma	DOID:3717	prognostic	tumor tissue	UBERON:0000479	PubMed:11528254	The Thomsen-Friedenreich (TF) antigen is a well-known human pan-carcinoma antigen. | In the present study, we investigated 208 gastric adenocarcinomas with respect to their immunohistochemical reactivity applying two monoclonal antibodies (MAbs). | MAb specifically detecting TF antigen (A78-G/A7) and MAb BW835 were included. | The latter reacts with a certain glycoform of the MUC1 peptide core, characterized by core-type glycans like TF. | BW835 immunoreactivity correlated with the presence of lymph node metastases.
PID:0003725_0	1	2	MUC1	UPKB:P15941	protein	altered level of Thomsen-Friedenreich (TF) on MUC1	gastric adenocarcinoma	DOID:3717	prognostic	tumor tissue	UBERON:0000479	PubMed:11528254	The Thomsen-Friedenreich (TF) antigen is a well-known human pan-carcinoma antigen. | In the present study, we investigated 208 gastric adenocarcinomas with respect to their immunohistochemical reactivity applying two monoclonal antibodies (MAbs). | MAb specifically detecting TF antigen (A78-G/A7) and MAb BW835 were included. | The latter reacts with a certain glycoform of the MUC1 peptide core, characterized by core-type glycans like TF. | BW835 immunoreactivity correlated with the presence of lymph node metastases.
PID:0001324_0	1	1	laminaribioside	bGSL:da56b843-c377-413e-8914-be1407f5539a	glycan	increased level of laminaribioside	Crohn's disease	DOID:8778	susceptibility	serum	UBERON:0001977	PubMed:29596443	Fourthly, we compared the apparently healthy controls (no intestinal inflammation or disease, none of the healthy controls were related to each other) to the non-affected IBD relatives: Levels of ACCA, AMCA, ALCA and Anti-L as well as frequency of ACCA and AMCA were lower in the healthy controls compared to the CD relatives.
PID:0003053_1	1	1	laminaribioside	bGSL:da56b843-c377-413e-8914-be1407f5539a	glycan	altered level of laminaribioside	Crohn's disease	DOID:8778	prognostic	serum	UBERON:0001977	PubMed:17456509	Increasing amounts and levels of antibody responses against gASCA, ALCA, ACCA, AMCA and Omp were associated with more complicated disease behaviour (44.7% versus 53.6% versus 71.1% versus 82.0%, p < 0.001), and a higher frequency of Crohn's disease‐related abdominal surgery (38.5% versus 48.8% versus 60.7% versus 75.4%, p < 0.001).
PID:0002496_3	1	1	trisialylated triantennary glycan	bGSL:dae10330-cb00-4758-a0a4-062bb71f827e	glycan	increased level of trisialylated triantennary glycan on haptoglobin	lung cancer	DOID:1324	monitoring	serum	UBERON:0001977	PubMed:21538882	In addition, MS provided evidence of an increase of Hp fucosylation; the glycan structure was determined to be an α 2,6-linked tri-sialylated triantennary glycan containing α1,3-linked fucose attached to the four-linked position of the three-arm mannose of N-linked core pentasaccharide.
PID:0002496_3	1	2	haptoglobin		protein	increased level of trisialylated triantennary glycan on haptoglobin	lung cancer	DOID:1324	monitoring	serum	UBERON:0001977	PubMed:21538882	In addition, MS provided evidence of an increase of Hp fucosylation; the glycan structure was determined to be an α 2,6-linked tri-sialylated triantennary glycan containing α1,3-linked fucose attached to the four-linked position of the three-arm mannose of N-linked core pentasaccharide.
PID:0002469_1	1	1	mannose	bGSL:df0149f4-cb5f-47bf-a72d-a5ba117bc023	glycan	decreased level of mannose on A1BG	pancreatic cancer	DOID:1793	diagnostic	serum	UBERON:0001977	PubMed:21732554	For the ConA response, a decline in the signal for both proteins in the serum samples was found to distinguish pancreatic cancer from normal controls and renal cell carnoma samples (A1BG, p<0.05; and SAP, p<0.0001). | A decline in ConA response on A1BG and SAP was found to distinguish pancreatic adenocarcinoma from normal and renal Cell carcinoma, (p<0.05 and <0.0001, respectively).
PID:0002469_1	1	2	A1BG	UPKB:P02769	protein	decreased level of mannose on A1BG	pancreatic cancer	DOID:1793	diagnostic	serum	UBERON:0001977	PubMed:21732554	For the ConA response, a decline in the signal for both proteins in the serum samples was found to distinguish pancreatic cancer from normal controls and renal cell carnoma samples (A1BG, p<0.05; and SAP, p<0.0001). | A decline in ConA response on A1BG and SAP was found to distinguish pancreatic adenocarcinoma from normal and renal Cell carcinoma, (p<0.05 and <0.0001, respectively).
PID:0000291_0	1	1	DSGb5	bGSL:e2a4d7b2-d63d-4a6f-903b-8b8496105935	glycan	increased level of DSGb5	renal cell carcinoma	DOID:4450	diagnostic	urine	UBERON:0001088	PubMed:38612906	LC–MS/MS analysis of urine samples from clear cell RCC (ccRCC) patients and healthy controls showed a significant increase in the peak intensity of urinary DSGb5 (d18:1/16:0) in the ccRCC group compared with that in the control group. | DSGb5 at m/z 984.5, which showed the third intense peak, increased by 459% in ACHN vs. HK-2 (Table 1). | The corrected peak intensity of DSGb5 (d18:1/16:0) in the urine of RCC patients was significantly higher than that in the urine of healthy controls (Figure 7a).
PID:0000114_5	1	1	α2,3-sialyl LacNAc	bGSL:e335814b-5d3a-4a42-8ba4-8a83b208723e	glycan	increased level of α2,3-sialyl LacNAc	gastric cancer	DOID:10534	diagnostic	urine	UBERON:0001088	PubMed:40128267	These four glycans tends to be prominently elevated in gastric cancer patients.
PID:0001366_1	1	1	asialo biantennary N-glycan	bGSL:e3714d91-2bac-4534-973d-4b133840c744	glycan	decreased level of asialo biantennary N-glycan	urothelial carcinoma	DOID:2671	diagnostic	serum	UBERON:0001977	PubMed:29210993	The asialo biantennary type N-glycans (m/z 1606 and 2074) on Igs were significantly downregulated in the UC group compared with the levels in the HV and PC groups (p = 0.0001). | According to the synthetic pathway of N-glycans shown in Figure 1b and the above results, a downregulation of asialo biantennary type N-glycans and accumulation of asialo-bisecting GlcNAc with core fucosylated N-glycan on Igs may occur as a UC-associated aberrant N-glycosylation of Igs.
PID:0000682_0	1	1	fucosylated triantennary structures	bGSL:e8ae9e19-4f4f-41c1-b74d-348bc89d633c	glycan	increased level of fucosylated triantennary structures	prostate cancer	DOID:10283	prognostic	tissue	UBERON:0000479	PubMed:33657946	Several parameters (low T stage, low Gleason score, low EAU risk groups for BCR, absence of positive surgical margins, high ratio of fucosylated triantennary structures on total of multiantennary structures [3AFc/MA], low ratio of fucosylated biantennary with core-branched N-acetylglucosamine on total of biantennary structures, and high ratio of triantennary structures on total of multiantennary structures) proved to have a univariate beneficial effect on BCR-free survival.
PID:0001314_0	1	1	fucosylated triantennary N-glycan	bGSL:e8ae9e19-4f4f-41c1-b74d-348bc89d633c	glycan	increased level of fucosylated triantennary N-glycan on leucine-rich alpha-2-glycoprotein-1	colorectal cancer	DOID:9256	diagnostic	serum	UBERON:0001977	PubMed:29642865	The average LRG–FTG level in CRC patients (1.25 ± 0.973 U/mL) was much higher than that in healthy volunteers (0.496 ± 0.433 U/mL, P < 10− 10), and its sensitivity and specificity exceeded those of CA19–9. | The average LRG–FTG concentration in CRC patients was 1.25 ± 0.973 U/mL and 0.496 ± 0.433 U/mL in healthy volunteers (P < 10− 10 by t-test).
PID:0001314_0	1	2	leucine-rich alpha-2-glycoprotein-1		protein	increased level of fucosylated triantennary N-glycan on leucine-rich alpha-2-glycoprotein-1	colorectal cancer	DOID:9256	diagnostic	serum	UBERON:0001977	PubMed:29642865	The average LRG–FTG level in CRC patients (1.25 ± 0.973 U/mL) was much higher than that in healthy volunteers (0.496 ± 0.433 U/mL, P < 10− 10), and its sensitivity and specificity exceeded those of CA19–9. | The average LRG–FTG concentration in CRC patients was 1.25 ± 0.973 U/mL and 0.496 ± 0.433 U/mL in healthy volunteers (P < 10− 10 by t-test).
PID:0001569_0	1	1	tri-antennary fucosylated N-glycans	bGSL:e8ae9e19-4f4f-41c1-b74d-348bc89d633c	glycan	increased level of tri-antennary fucosylated N-glycans on haptoglobin	gastric cancer	DOID:10534	diagnostic	serum	UBERON:0001977	PubMed:27722599	Interestingly, abundances of several tri- and tetra-antennary fucosylated N-glycans were increased in gastric cancer patients.
PID:0001569_0	1	2	haptoglobin		protein	increased level of tri-antennary fucosylated N-glycans on haptoglobin	gastric cancer	DOID:10534	diagnostic	serum	UBERON:0001977	PubMed:27722599	Interestingly, abundances of several tri- and tetra-antennary fucosylated N-glycans were increased in gastric cancer patients.
PID:0001978_1	1	1	mono-fucosylated triantennary N-glycan	bGSL:e8ae9e19-4f4f-41c1-b74d-348bc89d633c	glycan	increased level of mono-fucosylated triantennary N-glycan on haptoglobin	hepatocellular carcinoma	DOID:684	diagnostic	serum	UBERON:0001977	PubMed:24807840	However, the monofucosylated triantennary N-glycan was distinctly increased in sera of patients with cirrhosis and HCC compared to that from healthy subjects, ranging from 19.3 to 26.49% of the glycan profiles.
PID:0001978_1	1	2	haptoglobin	UPKB:P00738	protein	increased level of mono-fucosylated triantennary N-glycan on haptoglobin	hepatocellular carcinoma	DOID:684	diagnostic	serum	UBERON:0001977	PubMed:24807840	However, the monofucosylated triantennary N-glycan was distinctly increased in sera of patients with cirrhosis and HCC compared to that from healthy subjects, ranging from 19.3 to 26.49% of the glycan profiles.
PID:0002505_3	1	1	tri-antennary fucosylated glycans	bGSL:e8ae9e19-4f4f-41c1-b74d-348bc89d633c	glycan	increased level of tri-antennary fucosylated glycans on haptoglobin	pancreatic cancer	DOID:1793	diagnostic	serum	UBERON:0001977	PubMed:21417406	Both the fucosylated tri-antennary (m/z 2693.45) and tetra-antennary (m/z 3142.59) glycans were elevated in pancreatic cancer.
PID:0002505_3	1	2	haptoglobin	UPKB:P00738	protein	increased level of tri-antennary fucosylated glycans on haptoglobin	pancreatic cancer	DOID:1793	diagnostic	serum	UBERON:0001977	PubMed:21417406	Both the fucosylated tri-antennary (m/z 2693.45) and tetra-antennary (m/z 3142.59) glycans were elevated in pancreatic cancer.
PID:0002505_4	1	1	tri-antennary fucosylated glycans	bGSL:e8ae9e19-4f4f-41c1-b74d-348bc89d633c	glycan	presence of tri-antennary fucosylated glycans on haptoglobin	pancreatic cancer	DOID:1793	diagnostic	serum	UBERON:0001977	PubMed:21417406	More strikingly, tri-antennary fucosylated glycans with one and two sialic acids (m/z 3052.39 and m/z 3415.73) only appear in pancreatic cancer but not in normal samples.
PID:0002505_4	1	2	haptoglobin	UPKB:P00738	protein	presence of tri-antennary fucosylated glycans on haptoglobin	pancreatic cancer	DOID:1793	diagnostic	serum	UBERON:0001977	PubMed:21417406	More strikingly, tri-antennary fucosylated glycans with one and two sialic acids (m/z 3052.39 and m/z 3415.73) only appear in pancreatic cancer but not in normal samples.
PID:0000942_0	1	1	SSEA-4	bGSL:eb14b505-7275-5888-9bc7-4b07107af0b3	glycan	altered level of SSEA-4	Breast carcinoma	DOID:3459	diagnostic	tissue	UBERON:0000479	PubMed:31831622	Carbohydrates on embryonic cells are often highly expressed in cancer and are therefore attractive targets for antibodies. | Stage-specific embryonic antigen-4 (SSEA-4) is one such glycolipid target expressed in many cancers, including breast and ovarian carcinomas.
PID:0002024_0	1	1	SSEA-4	bGSL:eb14b505-7275-5888-9bc7-4b07107af0b3	glycan	increased level of SSEA-4	Glioblastoma multiforme	DOID:3068	diagnostic	tumor tissue	UBERON:0000479	PubMed:24550271	In this study we report that the glycolipid stage-specific embryonic antigen-4 (SSEA-4) is highly expressed on the surface of both GBM cells and GBM specimens.
PID:0002352_1	1	1	A2	bGSL:f02cc66d-18b6-49b8-9939-0ea7fd616ee2	glycan	decreased level of A2	non-alcoholic steatohepatitis	DOID:0080547	diagnostic	serum	UBERON:0001977	PubMed:22434757	Peak 1 (NGA2F) is the most significantly elevated N-glycan in paediatric NASH patients with peak 5 (NA2) demonstrating the largest decrease.
PID:0000717_2	1	1	GM2	bGSL:f05f9823-137e-586e-9ce6-90956a04b6bc	glycan	decreased level of GM2	Atherosclerosis	DOID:1936	response	Plasma	UBERON:0001969	PubMed:33554615	The ganglioside composition was similar for Apoe−/−, Apoe−/− Neu3−/−, and Apoe−/− Neu4−/− mice, but the serum from Apoe−/− CathAS190A‐Neo mice showed reduced levels of both the major Neu5Gc‐GM2 and minor GM1, GA2, and GM3 gangliosides (Figure 5D).
PID:0002221_0	1	1	Man4	bGSL:f33eeb8f-d2e9-4832-8cfc-0758b19411a8	glycan	altered level of Man4 on PSA	prostate cancer	DOID:10283	diagnostic	serum	UBERON:0001977	PubMed:24367138	They could be attributed to oligomannosidic structures (Man4 or Man5). | 28.9 kDa peaks in both BPH and PCa have estimated glycan mass of 2817 Da. | This is higher than mass of complete PSA glycan (2352 Da), and it might be assigned to triantennary oligosaccharide chains. | The results obtained in this study indicated that PSA species complexed with IgM mostly contained incomplete glycan chain lacking sialic acid. | Thus, the main PSA species complexed with IgM are assessed to have oligomannosidic structure in both BPH and PCa.
PID:0002221_0	1	2	PSA		protein	altered level of Man4 on PSA	prostate cancer	DOID:10283	diagnostic	serum	UBERON:0001977	PubMed:24367138	They could be attributed to oligomannosidic structures (Man4 or Man5). | 28.9 kDa peaks in both BPH and PCa have estimated glycan mass of 2817 Da. | This is higher than mass of complete PSA glycan (2352 Da), and it might be assigned to triantennary oligosaccharide chains. | The results obtained in this study indicated that PSA species complexed with IgM mostly contained incomplete glycan chain lacking sialic acid. | Thus, the main PSA species complexed with IgM are assessed to have oligomannosidic structure in both BPH and PCa.
PID:0000099_3	1	1	GlcNAc	bGSL:f376fe67-f636-4898-939e-23a2139e3e58	glycan	decreased level of GlcNAc on IgG	systemic lupus erythematosus	DOID:9074	diagnostic	serum IgG	UBERON:0001977	PubMed:40187773	Compared to DC and HC groups, the IgG glycan level of Galβ3GalNAc (binding Jacalin (11.3%) and Maclura pomifera lectin (14.4%)) was significantly increased, whereas most IgG glycan levels were significantly decreased, including core fucose, high mannose, GlcNAc, GalNAc and Galβ4GlcNAc in the SLE group (all p<0.05). | Looking into differences of each subgroup compared with HC (with no difference between WMOI vs HC), the glycan levels of lgG galactose (binding GSL I-B4 and PNA (13.3% and 28.3%)), Galβ3GalNAc (binding MPL) were significantly higher in NPSLE and LN vs HC, while IgG core fucose (binding PSA) and Galβ4GlcNAc (binding PHA-E) levels were significantly reduced within NPSLE versus HC.
PID:0000099_3	1	2	IgG		protein	decreased level of GlcNAc on IgG	systemic lupus erythematosus	DOID:9074	diagnostic	serum IgG	UBERON:0001977	PubMed:40187773	Compared to DC and HC groups, the IgG glycan level of Galβ3GalNAc (binding Jacalin (11.3%) and Maclura pomifera lectin (14.4%)) was significantly increased, whereas most IgG glycan levels were significantly decreased, including core fucose, high mannose, GlcNAc, GalNAc and Galβ4GlcNAc in the SLE group (all p<0.05). | Looking into differences of each subgroup compared with HC (with no difference between WMOI vs HC), the glycan levels of lgG galactose (binding GSL I-B4 and PNA (13.3% and 28.3%)), Galβ3GalNAc (binding MPL) were significantly higher in NPSLE and LN vs HC, while IgG core fucose (binding PSA) and Galβ4GlcNAc (binding PHA-E) levels were significantly reduced within NPSLE versus HC.
PID:0001513_0	1	1	N-acetylglucosamine	bGSL:f376fe67-f636-4898-939e-23a2139e3e58	glycan	altered level of N-acetylglucosamine	Insulin resistance	DOID:9352	diagnostic	Serum	UBERON:0001977	PubMed:28031420	GlycA and GlycB had a strong correlation with CRP (r = 0.60 [P < 0.001] and r = 0.46 [P < 0.001], respectively). | In a linear regression model with both GlycA and CRP as independent variables, GlycA (β × 1 SD, −0.04 ± 0.02; P < 0.01) and CRP (−0.06 ± 0.02; P < 0.001) were independently associated with SI even after adjusting for demographics, smoking, physical activity, plasma glucose, and BMI.
PID:0001677_0	1	1	N-acetylglucosamine	bGSL:f376fe67-f636-4898-939e-23a2139e3e58	glycan	altered level of N-acetylglucosamine	Cardiovascular disease	DOID:1287	susceptibility	plasma	UBERON:0001969	PubMed:26951635	Circulating glycoprotein N-acetyl glucosamine residues have recently been associated with incident cardiovascular disease (CVD) and diabetes mellitus.
PID:0003689_0	1	1	N-acetylglucosamine	bGSL:f376fe67-f636-4898-939e-23a2139e3e58	glycan	altered level of N-acetylglucosamine	Merkel cell carcinoma	DOID:3965	diagnostic	tissue section	UBERON:0000479	PubMed:11260248	The most intensive reaction was observed using Con A (mannose/glucose-specific) followed by LCA with the same specificity and the N-Acetyl glucosamine-specific lectins (WGA, UDA, CMA), while no fucose binding sites were detected (UEA-I).
PID:0002401_0	1	1	Fucosyl GM1	bGSL:f4233b5f-ac92-4c8f-9aa1-87d262bd38bd	glycan	increased level of Fucosyl GM1	hepatocellular carcinoma	DOID:684	diagnostic	serum	UBERON:0001977	PubMed:22808038	Serum concentrations of anti-disialosyl galactosyl globoside (DSGG), anti-fucosyl GM1 and anti-Gb2 were significantly higher in patients with HCC than in chronic HBV infection individuals not in chronic HCV infection patients.
PID:0004146_0	1	1	sialyl-LeA (SLeA)	bGSL:f687e441-544f-4d61-a6f1-32e758cdefea	glycan	altered level of sialyl-LeA (SLeA)	colorectal cancer	DOID:9256	diagnostic	ascites fluid	UBERON:0007795	PubMed:9076523	Novel glycoproteins carrying sialyl-LeA (SLeA) antigens (SL-GP) were isolated from ascites fluid from a patient with colorectal cancer by immunoaffinity chromatography.
PID:0000061_0	1	1	GD2	bGSL:fceea642-73e8-4ad0-9636-7ce85ab9e6ee	glycan	altered level of GD2	melanoma	DOID:1909	diagnostic	blood	UBERON:0000178	PubMed:40285643	However, ganglioside composition can be altered during malignant transformation and high levels of ganglioside expression contribute to pathological conditions, such as GD3 and GD2 in melanoma and neuroblastoma respectively, leading to tumor formation and progression.
PID:0000061_1	1	1	GD2	bGSL:fceea642-73e8-4ad0-9636-7ce85ab9e6ee	glycan	altered level of GD2	neuroblastoma	DOID:769	diagnostic	blood	UBERON:0000178	PubMed:40285643	However, ganglioside composition can be altered during malignant transformation and high levels of ganglioside expression contribute to pathological conditions, such as GD3 and GD2 in melanoma and neuroblastoma respectively, leading to tumor formation and progression.
PID:0004354_0	1	1	core type 6	bGSL:ffc436ea-284b-4aec-a7e9-14eb6c20de51	glycan	increased level of core type 6	gastric cancer	DOID:10534	diagnostic	tissue	UBERON:0000479	PubMed:8050816	We investigated the expression of F1 alpha in human tissues, including 110 gastric cancers, 73 colon cancers and 42 pancreatic cancers. | F1 alpha was found in human cancerous tissues but not in normal adult tissues. | The rate of positive staining with F1 alpha-75 was 80.0% for gastric cancer, 52.4% for pancreatic cancer and 38.4% for colon cancer.
